x0,y0,z0,x1,y1,z1,x2,y2,z2,x3,y3,z3,x4,y4,z4,x5,y5,z5,x6,y6,z6,x7,y7,z7,x8,y8,z8,x9,y9,z9,x10,y10,z10,x11,y11,z11,x12,y12,z12,x13,y13,z13,x14,y14,z14,x15,y15,z15,x16,y16,z16,x17,y17,z17,x18,y18,z18,x19,y19,z19,x20,y20,z20,label
0.20679199695587158,0.546653687953949,-1.54887331405007e-07,0.3021174669265747,0.499207079410553,0.001675961073487997,0.3489561378955841,0.4097644090652466,0.007503557484596968,0.35969218611717224,0.31257784366607666,0.00413255300372839,0.3278576731681824,0.2494376301765442,0.0023761591874063015,0.2957509160041809,0.34709811210632324,0.07101135700941086,0.3282650113105774,0.294954776763916,0.0459945909678936,0.3253178000450134,0.34329673647880554,0.022989772260189056,0.30229902267456055,0.37770965695381165,0.013330057263374329,0.25616246461868286,0.3352265954017639,0.057867586612701416,0.2918069362640381,0.27882516384124756,0.024926943704485893,0.28758567571640015,0.3616161346435547,0.001104890601709485,0.2620813250541687,0.3952085077762604,-0.002452578628435731,0.21591675281524658,0.3293290436267853,0.03764685243368149,0.24962103366851807,0.26723068952560425,-0.00307243294082582,0.2544427812099457,0.36152780055999756,-0.004939912352710962,0.23188401758670807,0.3993109166622162,0.009088868275284767,0.16767306625843048,0.32921501994132996,0.018095972016453743,0.21029572188854218,0.28396448493003845,-0.006574594881385565,0.21857687830924988,0.35222285985946655,0.003397556021809578,0.20212258398532867,0.3892436623573303,0.020310645923018456,sasso
0.21695303916931152,0.5363413691520691,-2.482669003711635e-07,0.27934324741363525,0.45076656341552734,-0.006926380097866058,0.30336740612983704,0.35981929302215576,-0.008223326876759529,0.29985904693603516,0.2722489833831787,-0.0171031653881073,0.26645755767822266,0.21138402819633484,-0.02188095822930336,0.23115454614162445,0.3109743297100067,0.04223933443427086,0.24521419405937195,0.23976901173591614,0.012358582578599453,0.2672698497772217,0.29277166724205017,-0.005700516514480114,0.2597496509552002,0.34155717492103577,-0.010046129114925861,0.200561985373497,0.31228309869766235,0.03128581866621971,0.22103609144687653,0.23445138335227966,-0.00531888147816062,0.24519264698028564,0.31464385986328125,-0.02281116507947445,0.22925418615341187,0.3648190498352051,-0.02217579446732998,0.16517090797424316,0.31890782713890076,0.013207044452428818,0.19226381182670593,0.24086453020572662,-0.030528917908668518,0.21775294840335846,0.329083651304245,-0.02858131006360054,0.2009458839893341,0.3814440667629242,-0.0116623155772686,0.12178028374910355,0.337754487991333,-0.004986449144780636,0.16068270802497864,0.2672141492366791,-0.03249441459774971,0.1851309984922409,0.327364981174469,-0.022357357665896416,0.17371831834316254,0.3754391670227051,-0.005041818600147963,sasso
0.22400258481502533,0.5477619171142578,-3.6215845966580673e-07,0.275307297706604,0.43032363057136536,0.019850246608257294,0.28618308901786804,0.3392449617385864,0.022776540368795395,0.2832479774951935,0.2641832232475281,0.011519348248839378,0.2592838704586029,0.20025135576725006,0.004866582807153463,0.1878812611103058,0.28151965141296387,0.0731879249215126,0.2312626987695694,0.21496601402759552,0.03974391892552376,0.25271815061569214,0.2857544720172882,0.014288801699876785,0.23806604743003845,0.3188161253929138,0.0018146445509046316,0.1600331962108612,0.2950504422187805,0.04393622279167175,0.21527568995952606,0.2158626914024353,0.004095966462045908,0.24251744151115417,0.30216896533966064,-0.015372829511761665,0.22302760183811188,0.338556706905365,-0.017204422503709793,0.13484901189804077,0.31229811906814575,0.0079200966283679,0.1947474330663681,0.24359534680843353,-0.03241759166121483,0.22240935266017914,0.33027052879333496,-0.028349250555038452,0.19962278008460999,0.36512091755867004,-0.013212314806878567,0.11503143608570099,0.33369308710098267,-0.027199311181902885,0.17356258630752563,0.27645331621170044,-0.044993963092565536,0.19441330432891846,0.33751335740089417,-0.031215272843837738,0.17424234747886658,0.3741864562034607,-0.014481870457530022,sasso
0.20749960839748383,0.5583353638648987,-6.112759933785128e-07,0.24278663098812103,0.4030951261520386,0.0648893341422081,0.23879440128803253,0.3116771876811981,0.07150870561599731,0.24365344643592834,0.2413729727268219,0.05690697953104973,0.24330314993858337,0.17530515789985657,0.04453538730740547,0.10632825642824173,0.2753129303455353,0.06193900108337402,0.18749350309371948,0.19130432605743408,0.04365687072277069,0.21575145423412323,0.2639291286468506,0.03437056764960289,0.2008322775363922,0.30004844069480896,0.02502196840941906,0.09848623722791672,0.2934993803501129,0.003805839456617832,0.1948590874671936,0.19757308065891266,-0.017400162294507027,0.22072701156139374,0.2803279757499695,-0.018737148493528366,0.19499115645885468,0.31648993492126465,-0.020278051495552063,0.10654576122760773,0.31801849603652954,-0.0541917160153389,0.19924165308475494,0.2362104058265686,-0.06956358253955841,0.22539472579956055,0.3190270662307739,-0.05065227672457695,0.19714373350143433,0.3524082601070404,-0.04197162762284279,0.12698492407798767,0.3417639434337616,-0.10909893363714218,0.1964646279811859,0.28430676460266113,-0.11233217269182205,0.21403124928474426,0.3429833650588989,-0.09554827958345413,0.1914316564798355,0.3718584477901459,-0.08756139874458313,sasso
0.18143178522586823,0.545415997505188,-3.1398695909956587e-07,0.1514190137386322,0.4336392283439636,0.018743490800261497,0.14737427234649658,0.32028689980506897,0.0038130818866193295,0.17607851326465607,0.22709649801254272,-0.01777232065796852,0.21182627975940704,0.1665101796388626,-0.034948669373989105,0.06588657200336456,0.27819377183914185,-0.025186752900481224,0.1458442509174347,0.16422580182552338,-0.044712647795677185,0.16910332441329956,0.2123960554599762,-0.045102886855602264,0.15926653146743774,0.24728699028491974,-0.04640632122755051,0.08220168203115463,0.3041875958442688,-0.053330980241298676,0.18492284417152405,0.19435425102710724,-0.06905760616064072,0.19782622158527374,0.2528497874736786,-0.05951199308037758,0.17783892154693604,0.2830858826637268,-0.05688554421067238,0.11439216136932373,0.335377037525177,-0.07928458601236343,0.21608416736125946,0.23818287253379822,-0.08629011362791061,0.22119396924972534,0.2965860366821289,-0.06483976542949677,0.19699151813983917,0.32628437876701355,-0.05643613263964653,0.156734436750412,0.3661707639694214,-0.10496111214160919,0.23650670051574707,0.2925020754337311,-0.1010873094201088,0.23927198350429535,0.3394481837749481,-0.08378119021654129,0.21577301621437073,0.36793646216392517,-0.07612837851047516,sasso
0.19034938514232635,0.5472680330276489,-3.602274318836862e-07,0.14752334356307983,0.4349607229232788,0.015249998308718204,0.1521729826927185,0.3207767903804779,-0.0013822809560224414,0.18304196000099182,0.22276687622070312,-0.020686911419034004,0.21640969812870026,0.16289526224136353,-0.035822998732328415,0.09499697387218475,0.29672008752822876,-0.0553642213344574,0.1609228253364563,0.16698205471038818,-0.07432723790407181,0.17965437471866608,0.2102234810590744,-0.06952666491270065,0.16493763029575348,0.25393643975257874,-0.06479297578334808,0.13546931743621826,0.3280714452266693,-0.07985421270132065,0.20534531772136688,0.20308616757392883,-0.08979086577892303,0.21604543924331665,0.24788838624954224,-0.07171688228845596,0.1997399926185608,0.28842395544052124,-0.06465325504541397,0.18677404522895813,0.35921287536621094,-0.10022622346878052,0.2459452897310257,0.24300719797611237,-0.09917043149471283,0.2483394742012024,0.2900860011577606,-0.06540332734584808,0.23218844830989838,0.3297676146030426,-0.05001518875360489,0.24161112308502197,0.39150482416152954,-0.1200399100780487,0.27619022130966187,0.2917691767215729,-0.10744654387235641,0.27424049377441406,0.3317139148712158,-0.07664292305707932,0.26242595911026,0.36814266443252563,-0.06018531322479248,sasso
0.20509997010231018,0.5468480587005615,-4.368197892290482e-07,0.15675806999206543,0.4421806335449219,0.016686338931322098,0.15277451276779175,0.34892377257347107,0.010553890839219093,0.18192169070243835,0.27844473719596863,0.002762812888249755,0.22339679300785065,0.24685806035995483,-0.0014710804680362344,0.13178256154060364,0.2896507978439331,-0.024174530059099197,0.18414637446403503,0.19825464487075806,-0.024412812665104866,0.19469767808914185,0.2356230914592743,-0.013169591315090656,0.17897222936153412,0.2740967869758606,-0.004614642355591059,0.18669292330741882,0.30193638801574707,-0.038682568818330765,0.23042088747024536,0.2221800535917282,-0.028556697070598602,0.23479101061820984,0.2616787850856781,-0.01319535356014967,0.21949614584445953,0.30279338359832764,-0.006934299599379301,0.2439960092306137,0.32394108176231384,-0.04851183667778969,0.26901304721832275,0.26422885060310364,-0.03149047866463661,0.27029961347579956,0.3017784655094147,-0.009663863107562065,0.2595016658306122,0.33724167943000793,-0.002238002372905612,0.29547563195228577,0.35484281182289124,-0.05708013474941254,0.30054420232772827,0.3043629229068756,-0.03607340529561043,0.29501643776893616,0.3396793007850647,-0.011179470457136631,0.28925061225891113,0.3699210286140442,0.002630924340337515,sasso
0.2042122334241867,0.5508375763893127,-4.4810121835325845e-07,0.15603125095367432,0.4424003064632416,0.018807359039783478,0.1486320048570633,0.35000407695770264,0.02066046930849552,0.16913115978240967,0.2920115888118744,0.020387019962072372,0.20479731261730194,0.2723692059516907,0.02249426208436489,0.15853556990623474,0.2693440616130829,-0.004123711492866278,0.20371878147125244,0.21895024180412292,0.007114680018275976,0.2127566933631897,0.25709420442581177,0.02073536440730095,0.19931471347808838,0.2918223440647125,0.029330367222428322,0.21348342299461365,0.2832321524620056,-0.015154260210692883,0.24793606996536255,0.2500714957714081,0.005778495222330093,0.25047069787979126,0.28616201877593994,0.018275775015354156,0.23653526604175568,0.321844220161438,0.02137518674135208,0.2667188048362732,0.3137197494506836,-0.021574996411800385,0.2827721834182739,0.2911548316478729,0.0025085771922022104,0.2816435694694519,0.3243894875049591,0.016737697646021843,0.2699224054813385,0.35801348090171814,0.018215665593743324,0.3110695481300354,0.3533940613269806,-0.02673822082579136,0.3134244680404663,0.3335021138191223,-0.004008072894066572,0.3066263794898987,0.36391013860702515,0.014748208224773407,0.2977794408798218,0.39234304428100586,0.024801835417747498,sasso
0.07734145224094391,0.5252601504325867,-4.0874937212720397e-07,0.14408305287361145,0.4775775372982025,-0.04012672230601311,0.2088753581047058,0.380999892950058,-0.05286486819386482,0.20144355297088623,0.27153143286705017,-0.062090761959552765,0.15366950631141663,0.21032798290252686,-0.06094985082745552,0.20357517898082733,0.2955307960510254,0.00022294270456768572,0.21257413923740387,0.21567973494529724,-0.04019131883978844,0.19138194620609283,0.29357194900512695,-0.059346895664930344,0.18527890741825104,0.31972628831863403,-0.06619051098823547,0.15447767078876495,0.2808475196361542,0.0053888969123363495,0.15897172689437866,0.21211740374565125,-0.03872988373041153,0.1480192095041275,0.3141390383243561,-0.04718460142612457,0.145577073097229,0.3266732096672058,-0.04072104021906853,0.10532376170158386,0.2812039852142334,0.0015309742884710431,0.10270985215902328,0.21917080879211426,-0.04759182780981064,0.10339105129241943,0.32018691301345825,-0.034556757658720016,0.10479915142059326,0.3382280170917511,-0.011590858921408653,0.05241759866476059,0.2864707112312317,-0.005185889545828104,0.05670233815908432,0.24993903934955597,-0.03174998611211777,0.062329478561878204,0.31662291288375854,-0.017158322036266327,0.06350766867399216,0.3322202265262604,0.0022718491964042187,sasso
0.12790173292160034,0.337759792804718,-1.9384268057365261e-07,0.16658630967140198,0.3476352095603943,-0.07980643957853317,0.2070215791463852,0.2818952798843384,-0.110833540558815,0.18035069108009338,0.1681821346282959,-0.12665793299674988,0.14846812188625336,0.08839815855026245,-0.12997230887413025,0.31163474917411804,0.19023463129997253,-0.05324803292751312,0.2555651068687439,0.1210165023803711,-0.10250692069530487,0.22827452421188354,0.18657489120960236,-0.12750375270843506,0.24082520604133606,0.21969813108444214,-0.13827823102474213,0.2792358100414276,0.13681036233901978,-0.028941188007593155,0.22360721230506897,0.07633212953805923,-0.0790897011756897,0.19580064713954926,0.15026438236236572,-0.09180472791194916,0.21202370524406433,0.17486372590065002,-0.08979730308055878,0.2336568683385849,0.1058814600110054,-0.015251358039677143,0.18593686819076538,0.05658983439207077,-0.06562314927577972,0.16200493276119232,0.12316614389419556,-0.06254517287015915,0.177800253033638,0.14576062560081482,-0.048108723014593124,0.18219198286533356,0.08668531477451324,-0.008473248220980167,0.15430381894111633,0.058374397456645966,-0.040677689015865326,0.14368683099746704,0.104591503739357,-0.040289491415023804,0.1556970477104187,0.1259981393814087,-0.030317706987261772,sasso
0.20372678339481354,0.746476948261261,-4.207361214980665e-08,0.23306980729103088,0.6164418458938599,-0.03408676013350487,0.2659446895122528,0.5140700936317444,-0.06774882972240448,0.31094658374786377,0.4833792448043823,-0.09816080331802368,0.33126598596572876,0.5485662221908569,-0.12514111399650574,0.12418170273303986,0.5173956751823425,-0.08014742285013199,0.2709726095199585,0.48342227935791016,-0.12218236923217773,0.2856820523738861,0.5332832336425781,-0.1434413492679596,0.25321102142333984,0.5602226257324219,-0.16020092368125916,0.11942978203296661,0.6070573329925537,-0.08907903730869293,0.27845582365989685,0.5625571012496948,-0.12422476708889008,0.26986145973205566,0.605715274810791,-0.1272980123758316,0.22841496765613556,0.6174130439758301,-0.13519367575645447,0.13817718625068665,0.6927711963653564,-0.10011814534664154,0.2872825264930725,0.6445310115814209,-0.12430550158023834,0.2700722813606262,0.6708974242210388,-0.11381864547729492,0.22762206196784973,0.6768212914466858,-0.11075898259878159,0.16847802698612213,0.7653160095214844,-0.11639293283224106,0.27746477723121643,0.7174974679946899,-0.13497701287269592,0.25935599207878113,0.7198601365089417,-0.13429047167301178,0.21957620978355408,0.7270715832710266,-0.13618580996990204,sasso
0.174902081489563,0.7990304827690125,-2.2484213957341126e-07,0.14718520641326904,0.6614877581596375,-0.034428663551807404,0.18475916981697083,0.5175626277923584,-0.07151682674884796,0.2591361403465271,0.44865280389785767,-0.09578411281108856,0.3194047808647156,0.48707637190818787,-0.1127227395772934,0.1329842060804367,0.6525583267211914,-0.16368651390075684,0.2366601526737213,0.4921804368495941,-0.19672678411006927,0.2203565537929535,0.5223286747932434,-0.1798548549413681,0.19416888058185577,0.5697904229164124,-0.16173507273197174,0.18928684294223785,0.7282888889312744,-0.15968649089336395,0.284532755613327,0.53774493932724,-0.19389264285564423,0.2582651972770691,0.5603270530700684,-0.16409213840961456,0.22831745445728302,0.6168456077575684,-0.14169463515281677,0.24905817210674286,0.7694524526596069,-0.15035028755664825,0.3310069739818573,0.5774660706520081,-0.16240431368350983,0.3004857897758484,0.5976964235305786,-0.12106989324092865,0.2705806493759155,0.6518086194992065,-0.09477798640727997,0.3049926459789276,0.7865315079689026,-0.14365118741989136,0.35276415944099426,0.634356677532196,-0.13656698167324066,0.32458266615867615,0.6473923921585083,-0.1096237301826477,0.3036912679672241,0.6937986016273499,-0.09625130146741867,sasso
0.19692140817642212,0.810921847820282,-1.5397719721477188e-07,0.15425243973731995,0.6679445505142212,-0.033622659742832184,0.18109512329101562,0.5172351598739624,-0.07348943501710892,0.254241406917572,0.4425280690193176,-0.1010618731379509,0.3204260468482971,0.481234610080719,-0.1230858862400055,0.14320823550224304,0.6642645597457886,-0.16587606072425842,0.23447011411190033,0.4951939582824707,-0.20066455006599426,0.22168982028961182,0.5270033478736877,-0.1889364868402481,0.19809825718402863,0.5750325918197632,-0.17522870004177094,0.20401477813720703,0.7332782745361328,-0.1635964959859848,0.2841632068157196,0.5363575220108032,-0.1952173113822937,0.2601441740989685,0.5652608871459961,-0.16611379384994507,0.23549297451972961,0.625292956829071,-0.14626945555210114,0.26617011427879333,0.76871657371521,-0.15581536293029785,0.33389046788215637,0.5695797801017761,-0.1647895723581314,0.3047279417514801,0.597678542137146,-0.1232253760099411,0.2801017761230469,0.6584343910217285,-0.09840165823698044,0.32273218035697937,0.7820011377334595,-0.15089410543441772,0.35933780670166016,0.6269598603248596,-0.14140582084655762,0.33244070410728455,0.6456058025360107,-0.11307381093502045,0.3156910538673401,0.696789026260376,-0.09952010214328766,sasso
0.18938584625720978,0.795181155204773,1.0288972163152721e-07,0.15722620487213135,0.6555368304252625,-0.04234645143151283,0.18693840503692627,0.5098768472671509,-0.09371323883533478,0.26247087121009827,0.4545695185661316,-0.13224413990974426,0.33022069931030273,0.5013532638549805,-0.1651441603899002,0.12818539142608643,0.6638306379318237,-0.19142797589302063,0.23032420873641968,0.5064627528190613,-0.23062221705913544,0.2294933795928955,0.5353685021400452,-0.21984051167964935,0.1990729123353958,0.5890259742736816,-0.2088140994310379,0.17969048023223877,0.7422460317611694,-0.19055067002773285,0.27982258796691895,0.5657402276992798,-0.22912029922008514,0.26306167244911194,0.5969246029853821,-0.19847367703914642,0.22486956417560577,0.6516726016998291,-0.18219509720802307,0.2356456071138382,0.7876786589622498,-0.18399323523044586,0.3243294060230255,0.602729320526123,-0.19823941588401794,0.3013359308242798,0.6346351504325867,-0.1535900980234146,0.2673194706439972,0.6916108131408691,-0.13071434199810028,0.28849658370018005,0.8118773102760315,-0.1815061867237091,0.34991076588630676,0.6613897085189819,-0.17622388899326324,0.3275277018547058,0.6841273903846741,-0.1470663696527481,0.29575324058532715,0.7382935881614685,-0.1355217695236206,sasso
0.18232080340385437,0.6883331537246704,-8.660098842483421e-07,0.1960407793521881,0.6046777963638306,-0.03468843549489975,0.22632485628128052,0.5433396697044373,-0.06375712156295776,0.2726975679397583,0.5076126456260681,-0.08737540245056152,0.31057479977607727,0.5015982389450073,-0.10694409161806107,0.21224313974380493,0.685736358165741,-0.0632203072309494,0.26963546872138977,0.5960670113563538,-0.0845910832285881,0.2627713084220886,0.5360289216041565,-0.08484179526567459,0.24943815171718597,0.5337851643562317,-0.08471100777387619,0.2251768559217453,0.7201429009437561,-0.060339126735925674,0.28763920068740845,0.6063078045845032,-0.08838167041540146,0.2723568081855774,0.5526617169380188,-0.08985938131809235,0.2516300678253174,0.5649523735046387,-0.09177660942077637,0.24482345581054688,0.7411659955978394,-0.058910906314849854,0.3059871196746826,0.637306809425354,-0.08752193301916122,0.29182809591293335,0.5879015326499939,-0.08547458797693253,0.27351540327072144,0.5944256782531738,-0.08381560444831848,0.25931644439697266,0.7580894231796265,-0.0589384026825428,0.31647035479545593,0.6674525737762451,-0.08385661244392395,0.31804612278938293,0.6148207187652588,-0.0845312848687172,0.30988609790802,0.6026255488395691,-0.0819421261548996,sasso
0.18919308483600616,0.7872927188873291,1.8378436550392507e-07,0.18519797921180725,0.6512492299079895,-0.0351242758333683,0.2194674164056778,0.5316010117530823,-0.07569136470556259,0.281960129737854,0.4901226758956909,-0.11133284121751785,0.3317612111568451,0.5292672514915466,-0.14391809701919556,0.137334942817688,0.6525481343269348,-0.1187923327088356,0.24495463073253632,0.533829927444458,-0.16568872332572937,0.2600424587726593,0.5666513442993164,-0.1826244294643402,0.2327902913093567,0.6159096956253052,-0.1920384168624878,0.16900378465652466,0.7395222187042236,-0.1259048581123352,0.28897824883461,0.5907586812973022,-0.17000673711299896,0.2871798872947693,0.625884473323822,-0.16580620408058167,0.2495587021112442,0.672203540802002,-0.1660681962966919,0.21388691663742065,0.7958582043647766,-0.13251882791519165,0.3219108581542969,0.644762396812439,-0.1570887416601181,0.310181200504303,0.674554705619812,-0.13139499723911285,0.27405497431755066,0.7171170115470886,-0.11803139746189117,0.2598784565925598,0.8325343728065491,-0.14385658502578735,0.3391818404197693,0.7096271514892578,-0.14889125525951385,0.32622143626213074,0.7238660454750061,-0.12962111830711365,0.2938324511051178,0.7610490322113037,-0.12223802506923676,sasso
0.22289134562015533,0.7936294078826904,1.5949702003581478e-07,0.2283298820257187,0.6501834988594055,-0.03657842427492142,0.25328466296195984,0.5458149909973145,-0.07239413261413574,0.308686763048172,0.5067697763442993,-0.10450360178947449,0.34822338819503784,0.5650325417518616,-0.1337599754333496,0.1399974226951599,0.6169837713241577,-0.08708169311285019,0.27481237053871155,0.5344293713569641,-0.12997369468212128,0.2952978312969208,0.5713459253311157,-0.15238088369369507,0.26493045687675476,0.6125816702842712,-0.16899697482585907,0.16210845112800598,0.7067624926567078,-0.09370044618844986,0.3035464286804199,0.6055199503898621,-0.12965017557144165,0.30148398876190186,0.6439494490623474,-0.1343623250722885,0.25890201330184937,0.673531711101532,-0.14345097541809082,0.20237213373184204,0.7785283327102661,-0.10168060660362244,0.3368716835975647,0.6743102669715881,-0.12655343115329742,0.3224692642688751,0.7011885046958923,-0.11359928548336029,0.2786116600036621,0.7276292443275452,-0.10853083431720734,0.24654275178909302,0.8318949341773987,-0.114882692694664,0.3450309634208679,0.743249773979187,-0.13445481657981873,0.32782092690467834,0.7526739835739136,-0.13057367503643036,0.29068678617477417,0.7789922952651978,-0.12975910305976868,sasso
0.2025456726551056,0.8073564767837524,1.775118647628915e-07,0.23291876912117004,0.660298764705658,-0.0336267314851284,0.26743558049201965,0.5484702587127686,-0.06972183287143707,0.3206194341182709,0.5275689363479614,-0.10314986854791641,0.3590586483478546,0.5881425738334656,-0.13338378071784973,0.14429685473442078,0.5985631346702576,-0.09688229113817215,0.2805887460708618,0.5387329459190369,-0.1365346908569336,0.30333974957466125,0.5956134796142578,-0.14856988191604614,0.27645936608314514,0.633965790271759,-0.15793855488300323,0.14754602313041687,0.6970556974411011,-0.10615849494934082,0.30350953340530396,0.6230196356773376,-0.14296740293502808,0.30146220326423645,0.6756060719490051,-0.13987930119037628,0.2608354389667511,0.6939423680305481,-0.14262834191322327,0.17477110028266907,0.7821182012557983,-0.11611858010292053,0.3211424648761749,0.7038910984992981,-0.14148376882076263,0.3065912425518036,0.7396447658538818,-0.12464678287506104,0.26684609055519104,0.7532304525375366,-0.117302305996418,0.20883116126060486,0.8486467003822327,-0.13050328195095062,0.31720924377441406,0.7742783427238464,-0.14576029777526855,0.30048811435699463,0.7876009345054626,-0.13753607869148254,0.26396408677101135,0.802376389503479,-0.13523359596729279,sasso
0.20401690900325775,0.8254159092903137,9.371368747679298e-08,0.24339357018470764,0.675767719745636,-0.030985387042164803,0.2840202748775482,0.5647909641265869,-0.06341445446014404,0.3374518156051636,0.5425967574119568,-0.09351721405982971,0.36947083473205566,0.6075932383537292,-0.11996778845787048,0.1512802243232727,0.5863416790962219,-0.08486223220825195,0.30270737409591675,0.552211344242096,-0.12427907437086105,0.3225391209125519,0.610304057598114,-0.13877521455287933,0.2922993302345276,0.6433915495872498,-0.15005570650100708,0.14832988381385803,0.6826146245002747,-0.09552473574876785,0.3145287036895752,0.6397181153297424,-0.13138778507709503,0.30977165699005127,0.688285231590271,-0.1308642476797104,0.26747840642929077,0.7006503343582153,-0.13515280187129974,0.16920679807662964,0.7733268737792969,-0.10737256705760956,0.3205278515815735,0.7252213954925537,-0.13396824896335602,0.30751317739486694,0.7553943395614624,-0.12163355201482773,0.26805469393730164,0.7640044093132019,-0.11616944521665573,0.2000143826007843,0.8492934107780457,-0.12339722365140915,0.3126521706581116,0.8002908229827881,-0.1408504992723465,0.2985355257987976,0.8062196969985962,-0.13574974238872528,0.2624126672744751,0.8144047856330872,-0.1344137191772461,sasso
0.21264293789863586,0.8262953162193298,2.2373974672973418e-08,0.2569597363471985,0.6830989718437195,-0.03198866918683052,0.301024854183197,0.5756950974464417,-0.06419738382101059,0.3552171289920807,0.55840003490448,-0.09390988200902939,0.3815578818321228,0.633391261100769,-0.1197933703660965,0.16455227136611938,0.5820855498313904,-0.08085606247186661,0.3190520703792572,0.5607209205627441,-0.12487134337425232,0.33490151166915894,0.6192092895507812,-0.1474061757326126,0.3034957945346832,0.6514890789985657,-0.16453784704208374,0.1555461585521698,0.6793950200080872,-0.09169069677591324,0.32240718603134155,0.6529107093811035,-0.12881702184677124,0.3098965287208557,0.6943369507789612,-0.13366073369979858,0.26500391960144043,0.7015547752380371,-0.1427716165781021,0.1698889583349228,0.7729842066764832,-0.10440851747989655,0.3271154761314392,0.7390297055244446,-0.12943755090236664,0.30659589171409607,0.763644814491272,-0.1192571222782135,0.26201802492141724,0.7671439051628113,-0.11630107462406158,0.19660142064094543,0.8522611856460571,-0.12219112366437912,0.31774425506591797,0.8136177062988281,-0.14043042063713074,0.30055132508277893,0.8136979937553406,-0.13806922733783722,0.2603210210800171,0.8163145780563354,-0.1388140320777893,sasso
0.2062656581401825,0.8481272459030151,-1.1438188174395236e-08,0.25711604952812195,0.7092496752738953,-0.029919208958745003,0.30446720123291016,0.6111120581626892,-0.06552816182374954,0.3575444221496582,0.5987701416015625,-0.09970664978027344,0.3728831112384796,0.672938346862793,-0.1310022473335266,0.15516379475593567,0.5828397274017334,-0.08207107335329056,0.3093106746673584,0.5798335075378418,-0.12786346673965454,0.3284567594528198,0.6389854550361633,-0.1516122668981552,0.2973659038543701,0.6641157865524292,-0.16967451572418213,0.1391598880290985,0.6786880493164062,-0.09553813189268112,0.3079128563404083,0.6683967709541321,-0.13290910422801971,0.3019750416278839,0.7121598124504089,-0.13782060146331787,0.2584761679172516,0.713914155960083,-0.14753757417201996,0.14710409939289093,0.7742670774459839,-0.11052881926298141,0.30813777446746826,0.7552658319473267,-0.13594883680343628,0.2927524447441101,0.7806004881858826,-0.12369511276483536,0.24737776815891266,0.7795853614807129,-0.11994004994630814,0.1684635579586029,0.8574625253677368,-0.13057011365890503,0.2946164608001709,0.833788275718689,-0.14873448014259338,0.28226184844970703,0.8332110643386841,-0.1444244384765625,0.24229317903518677,0.831674337387085,-0.14390578866004944,sasso
0.20008684694766998,0.847861647605896,-9.680405810286175e-09,0.2602163553237915,0.7106785178184509,-0.0321211963891983,0.31412702798843384,0.6165869235992432,-0.06986872851848602,0.3689817786216736,0.6041282415390015,-0.10601751506328583,0.38132962584495544,0.6777238249778748,-0.1389852613210678,0.16422659158706665,0.574819803237915,-0.08848130702972412,0.31737059354782104,0.5830799341201782,-0.13483396172523499,0.33385851979255676,0.6431876420974731,-0.1551739126443863,0.30487796664237976,0.6658945083618164,-0.16965173184871674,0.14189353585243225,0.6676999926567078,-0.10116282105445862,0.3116585910320282,0.6698029041290283,-0.13839368522167206,0.30130091309547424,0.7136902809143066,-0.13784922659397125,0.25805923342704773,0.7124486565589905,-0.14220227301120758,0.14315548539161682,0.7615563273429871,-0.11554722487926483,0.30551621317863464,0.7557281851768494,-0.14021554589271545,0.2859047055244446,0.7784552574157715,-0.12305711954832077,0.2407660037279129,0.773299515247345,-0.11488954722881317,0.15773096680641174,0.8444324731826782,-0.13560017943382263,0.28458863496780396,0.8314286470413208,-0.15377382934093475,0.2726166248321533,0.8298158645629883,-0.14764240384101868,0.2350839376449585,0.826413631439209,-0.14441393315792084,sasso
0.20357999205589294,0.8710871934890747,-1.0102429115477207e-08,0.2866256535053253,0.7350419759750366,-0.031546059995889664,0.3527795672416687,0.6436216831207275,-0.07705692201852798,0.4020262062549591,0.6310916543006897,-0.11990851163864136,0.39371246099472046,0.7087713479995728,-0.15823189914226532,0.2093881219625473,0.552099883556366,-0.11674675345420837,0.34682124853134155,0.5859026908874512,-0.163857564330101,0.35402151942253113,0.6599592566490173,-0.17204000055789948,0.3231026232242584,0.681233286857605,-0.17794904112815857,0.1680450439453125,0.6375889182090759,-0.13166694343090057,0.3260292410850525,0.6703888773918152,-0.17620855569839478,0.3153841495513916,0.7277020215988159,-0.16500069200992584,0.27643781900405884,0.7224388122558594,-0.15977242588996887,0.15071088075637817,0.7312589287757874,-0.1467307060956955,0.30810123682022095,0.7621636390686035,-0.177174374461174,0.29229670763015747,0.7876690626144409,-0.15441499650478363,0.25173115730285645,0.7755939364433289,-0.14207978546619415,0.14938776195049286,0.8188543915748596,-0.16647538542747498,0.2721102237701416,0.839073657989502,-0.18962644040584564,0.270474374294281,0.8338088393211365,-0.18482068181037903,0.24167007207870483,0.8159760236740112,-0.18230494856834412,sasso
0.21746103465557098,0.8596571683883667,-1.250815842013253e-07,0.3092859387397766,0.742649495601654,-0.03270786628127098,0.3797984719276428,0.6520771980285645,-0.07248765230178833,0.4245861768722534,0.6365174055099487,-0.11010853201150894,0.4035211205482483,0.7151165008544922,-0.14279858767986298,0.24179714918136597,0.5397950410842896,-0.09811840951442719,0.37394508719444275,0.5918581485748291,-0.14383745193481445,0.3733314871788025,0.6711002588272095,-0.1555902063846588,0.34187373518943787,0.6835518479347229,-0.16448238492012024,0.1904219090938568,0.6125333309173584,-0.11088910698890686,0.3441232442855835,0.6726469397544861,-0.15341636538505554,0.32770922780036926,0.7351970672607422,-0.14624065160751343,0.29009029269218445,0.7205788493156433,-0.14352937042713165,0.16314677894115448,0.6995032429695129,-0.1250920593738556,0.3179318904876709,0.7596665620803833,-0.1525716334581375,0.29760125279426575,0.7871286869049072,-0.13330546021461487,0.2566247582435608,0.7654118537902832,-0.12376107275485992,0.15234187245368958,0.7846460342407227,-0.14462700486183167,0.2741515636444092,0.8278855085372925,-0.16421614587306976,0.2682451903820038,0.8282021284103394,-0.16076388955116272,0.23614007234573364,0.8055104613304138,-0.15979187190532684,sasso
0.2215224802494049,0.8727139234542847,-2.3789741021573718e-07,0.3241626024246216,0.7656806707382202,-0.027091635391116142,0.4003779888153076,0.6789175271987915,-0.06432457268238068,0.44618529081344604,0.6603344082832336,-0.10034602880477905,0.4186711013317108,0.7359873652458191,-0.1324407458305359,0.2678912281990051,0.5377085208892822,-0.09545174241065979,0.4036389887332916,0.6111943125724792,-0.13861776888370514,0.3958388864994049,0.6917787194252014,-0.14844946563243866,0.36120694875717163,0.6998372673988342,-0.15630224347114563,0.21382293105125427,0.6014450192451477,-0.11186598241329193,0.36638930439949036,0.6876311898231506,-0.1516185849905014,0.3460286557674408,0.749912440776825,-0.14278827607631683,0.30778244137763977,0.7319526672363281,-0.139046773314476,0.17918527126312256,0.6849194169044495,-0.1291726678609848,0.3270784914493561,0.7630456686019897,-0.1571526974439621,0.3101785480976105,0.7937443256378174,-0.13806617259979248,0.27334287762641907,0.7717397809028625,-0.12782952189445496,0.1607009619474411,0.7722970247268677,-0.15107588469982147,0.2609049677848816,0.8194683194160461,-0.17193734645843506,0.2672033905982971,0.8198840618133545,-0.16792336106300354,0.25445443391799927,0.8010521531105042,-0.1653892546892166,sasso
0.23800697922706604,0.8712502121925354,-3.037587532617181e-07,0.3439822196960449,0.7948841452598572,-0.027119552716612816,0.42286673188209534,0.7274694442749023,-0.06139616295695305,0.46067380905151367,0.70030677318573,-0.09480426460504532,0.4157281219959259,0.7493947148323059,-0.12382534891366959,0.32408851385116577,0.5384194850921631,-0.07692081481218338,0.42674222588539124,0.6373822093009949,-0.12164132297039032,0.4085339605808258,0.7094675898551941,-0.1412220448255539,0.37575533986091614,0.6962887644767761,-0.15698732435703278,0.2600977420806885,0.584660530090332,-0.0935911312699318,0.3815878629684448,0.7047111392021179,-0.1334577351808548,0.35891246795654297,0.7589284777641296,-0.13566505908966064,0.326712042093277,0.7263837456703186,-0.14085537195205688,0.21090486645698547,0.6582673788070679,-0.11229141056537628,0.3303081691265106,0.7686852216720581,-0.1419566124677658,0.31670406460762024,0.7965824007987976,-0.13083545863628387,0.2867092490196228,0.7608263492584229,-0.12629537284374237,0.1778319776058197,0.7416685223579407,-0.13553760945796967,0.2587636113166809,0.8075959086418152,-0.1552753746509552,0.2680147886276245,0.8110651969909668,-0.15296725928783417,0.2600035071372986,0.7860774993896484,-0.152236670255661,sasso
0.24495917558670044,0.860681414604187,-2.921423458701611e-07,0.3494742810726166,0.8042485117912292,-0.03269083425402641,0.4257899224758148,0.7501532435417175,-0.06887270510196686,0.46072256565093994,0.7078558802604675,-0.10392801463603973,0.4156898856163025,0.7315876483917236,-0.13332095742225647,0.34663617610931396,0.530192494392395,-0.06543103605508804,0.4346340596675873,0.6153059005737305,-0.1114143654704094,0.41620728373527527,0.6931664347648621,-0.1309027075767517,0.3843621611595154,0.6877622008323669,-0.14471937716007233,0.2814585864543915,0.5577390193939209,-0.07751543819904327,0.3888637125492096,0.6709414720535278,-0.1191699355840683,0.36799049377441406,0.7420370578765869,-0.12114482372999191,0.3384511172771454,0.7160101532936096,-0.12326019257307053,0.22971215844154358,0.6150193810462952,-0.09322940558195114,0.3365335762500763,0.7275493741035461,-0.1263202279806137,0.3227653205394745,0.7736128568649292,-0.11556243896484375,0.29314926266670227,0.7467595338821411,-0.10939730703830719,0.1917581558227539,0.6860446929931641,-0.1136481985449791,0.27880173921585083,0.7687526941299438,-0.13462615013122559,0.2763403356075287,0.7948763370513916,-0.1323987990617752,0.2528422474861145,0.7733876705169678,-0.13056515157222748,sasso
0.2654126286506653,0.8458344340324402,-3.974207061219204e-07,0.3597889244556427,0.8029909133911133,-0.02993806265294552,0.4376680850982666,0.7385886907577515,-0.05588085949420929,0.469878226518631,0.6688684225082397,-0.08174223452806473,0.4212508201599121,0.6622406244277954,-0.10202084481716156,0.37236857414245605,0.5173788070678711,-0.02735593542456627,0.44564783573150635,0.561469316482544,-0.07222247868776321,0.4303199052810669,0.6494895815849304,-0.09884853661060333,0.40255022048950195,0.6568475365638733,-0.11555127054452896,0.3131459653377533,0.5170552730560303,-0.037987831979990005,0.39615240693092346,0.5959133505821228,-0.08101680874824524,0.37941646575927734,0.6910982131958008,-0.09441106021404266,0.3497307002544403,0.6846968531608582,-0.09906595200300217,0.2601134181022644,0.5497098565101624,-0.053696539252996445,0.34208372235298157,0.6379689574241638,-0.09440338611602783,0.3311264216899872,0.7185324430465698,-0.09091948717832565,0.30226609110832214,0.7086319923400879,-0.08295600861310959,0.21578171849250793,0.600321352481842,-0.07291895151138306,0.2866617441177368,0.6715664863586426,-0.09564150124788284,0.28693920373916626,0.7287748456001282,-0.08943305164575577,0.26516851782798767,0.724982500076294,-0.08066783845424652,sasso
0.27369895577430725,0.8147097229957581,-4.095254553249106e-07,0.36010226607322693,0.7713897824287415,-0.026140281930565834,0.44118499755859375,0.6997041702270508,-0.04661127179861069,0.46882182359695435,0.619795024394989,-0.06716924905776978,0.422419935464859,0.594627320766449,-0.08197563886642456,0.38096386194229126,0.5014172196388245,-0.016488395631313324,0.45009860396385193,0.517300546169281,-0.05697203055024147,0.43343791365623474,0.6096410155296326,-0.08006903529167175,0.40782612562179565,0.6162859201431274,-0.09366268664598465,0.3243222236633301,0.4914316236972809,-0.02563999965786934,0.40094655752182007,0.5404349565505981,-0.06402561813592911,0.3839115500450134,0.6413193345069885,-0.07415778189897537,0.3557595908641815,0.6364113092422485,-0.075189009308815,0.2714303135871887,0.5121915936470032,-0.039912380278110504,0.3486197888851166,0.5716692805290222,-0.07865568995475769,0.33614271879196167,0.6624880433082581,-0.07178913801908493,0.3062841296195984,0.6572679877281189,-0.060171205550432205,0.22474545240402222,0.5507053136825562,-0.056945402175188065,0.29456159472465515,0.6024274230003357,-0.07847145199775696,0.2932532727718353,0.6682496070861816,-0.06891641020774841,0.26780229806900024,0.6691451072692871,-0.056450098752975464,sasso
0.25291064381599426,0.7938710451126099,-3.987037473507371e-07,0.34861186146736145,0.7473496198654175,-0.028865231201052666,0.4344714283943176,0.672511100769043,-0.04984913021326065,0.4608810842037201,0.581047773361206,-0.07020542025566101,0.41116073727607727,0.5391641855239868,-0.08388121426105499,0.38594210147857666,0.48848241567611694,-0.014531595632433891,0.4450112283229828,0.48542606830596924,-0.05570646747946739,0.4240036904811859,0.5781466364860535,-0.07824090123176575,0.3943173587322235,0.584364116191864,-0.09090586006641388,0.32891929149627686,0.47064274549484253,-0.021290037781000137,0.39157742261886597,0.4902668595314026,-0.06054024398326874,0.37494611740112305,0.5979096293449402,-0.07037172466516495,0.34756484627723694,0.5900830030441284,-0.07032761722803116,0.27395540475845337,0.4826478958129883,-0.033624034374952316,0.3361241817474365,0.5197951793670654,-0.07390452921390533,0.32676032185554504,0.6162141561508179,-0.06409195810556412,0.2969386577606201,0.6091486215591431,-0.04971199482679367,0.2233710139989853,0.5113775134086609,-0.04868241772055626,0.285177618265152,0.5515007376670837,-0.07085181027650833,0.28509262204170227,0.619077205657959,-0.05813123285770416,0.25725439190864563,0.6188989877700806,-0.042783383280038834,sasso
0.23807048797607422,0.7505990862846375,-3.7980947809046484e-07,0.33391904830932617,0.7172232270240784,-0.028692733496427536,0.42868247628211975,0.6447560787200928,-0.041709333658218384,0.4546269178390503,0.5399001836776733,-0.05410385504364967,0.41310957074165344,0.4820987284183502,-0.05760997533798218,0.4116370975971222,0.5139666199684143,0.002150795189663768,0.45426249504089355,0.45691338181495667,-0.03378715738654137,0.42691826820373535,0.540023148059845,-0.05166858807206154,0.4070530831813812,0.5575202703475952,-0.05944907292723656,0.3579453229904175,0.4873548150062561,0.0002566232578828931,0.399478018283844,0.44197165966033936,-0.03487127274274826,0.3733447790145874,0.5469949245452881,-0.04162389039993286,0.3578500747680664,0.5430322885513306,-0.03813384100794792,0.3032416105270386,0.47961127758026123,-0.008465630002319813,0.34198153018951416,0.45040977001190186,-0.04711516201496124,0.32817885279655457,0.550559401512146,-0.03257542848587036,0.3096228837966919,0.5529996752738953,-0.013677547685801983,0.2447352409362793,0.4823650121688843,-0.019554894417524338,0.28424137830734253,0.4762652516365051,-0.03896114602684975,0.2836844027042389,0.5455544590950012,-0.021033577620983124,0.2657977342605591,0.5493573546409607,-0.0018995567224919796,sasso
0.24973368644714355,0.7026402950286865,-4.1382045878890494e-07,0.3369705080986023,0.6617740392684937,-0.029990799725055695,0.42278629541397095,0.5760855674743652,-0.04330393299460411,0.4397732615470886,0.4672541618347168,-0.056060951203107834,0.39823096990585327,0.40037450194358826,-0.06079629063606262,0.39473485946655273,0.462053507566452,-0.001461697625927627,0.4358425736427307,0.391925185918808,-0.0384070947766304,0.4136731028556824,0.47916126251220703,-0.05443709343671799,0.3941917419433594,0.4965744614601135,-0.060924287885427475,0.3466416597366333,0.4428507089614868,-0.004204479977488518,0.38411909341812134,0.38084572553634644,-0.04201230779290199,0.3631998300552368,0.49042218923568726,-0.047913502901792526,0.3453056514263153,0.4879571199417114,-0.04308599978685379,0.29469534754753113,0.43979132175445557,-0.013924483209848404,0.3294617235660553,0.38798975944519043,-0.05838163197040558,0.31933078169822693,0.4963477551937103,-0.041772231459617615,0.301372766494751,0.5013455748558044,-0.019837139174342155,0.23325613141059875,0.44429171085357666,-0.025532782077789307,0.27094611525535583,0.4149335026741028,-0.05046938732266426,0.2732650935649872,0.4895610511302948,-0.031037865206599236,0.25653329491615295,0.49947088956832886,-0.00999003741890192,sasso
0.26885855197906494,0.6761058568954468,-2.4930326958383375e-07,0.3442901372909546,0.5615350008010864,-0.012350676581263542,0.3896715044975281,0.45268556475639343,-0.033205971121788025,0.40535256266593933,0.3623334467411041,-0.060190651565790176,0.3653055429458618,0.3358311653137207,-0.08193648606538773,0.25516727566719055,0.3189348876476288,0.0014935092767700553,0.33580583333969116,0.27289968729019165,-0.044818274676799774,0.3628988564014435,0.3395234942436218,-0.06833939254283905,0.3555798828601837,0.3838839828968048,-0.07743040472269058,0.21089428663253784,0.3380424678325653,-0.016608651727437973,0.3174394369125366,0.31076306104660034,-0.06342431157827377,0.33745890855789185,0.41508379578590393,-0.07256661355495453,0.3157150149345398,0.4468538463115692,-0.06773444265127182,0.17949078977108002,0.3775492012500763,-0.04090185835957527,0.29143214225769043,0.3641815185546875,-0.08816193789243698,0.30826815962791443,0.46085837483406067,-0.07736166566610336,0.28689441084861755,0.49023857712745667,-0.058022480458021164,0.15964050590991974,0.4336821734905243,-0.06711678951978683,0.2544543743133545,0.4165288209915161,-0.09346494823694229,0.27185168862342834,0.48325732350349426,-0.08036547899246216,0.2531081736087799,0.5118939876556396,-0.06275195628404617,sasso
0.2645999789237976,0.6457576155662537,-2.4758389827184146e-07,0.3306163549423218,0.4995962977409363,0.0017597972182556987,0.34951967000961304,0.3956999182701111,-0.019045401364564896,0.3622799217700958,0.3206425905227661,-0.04778577759861946,0.357132226228714,0.3027937710285187,-0.07121425122022629,0.18362560868263245,0.31731054186820984,-0.012494408525526524,0.2929442822933197,0.24269016087055206,-0.046780698001384735,0.32294005155563354,0.315010666847229,-0.056904543191194534,0.30519911646842957,0.3528827428817749,-0.0632433295249939,0.16216951608657837,0.3533465266227722,-0.04008932784199715,0.2920498549938202,0.2873755097389221,-0.07559049874544144,0.3169487714767456,0.37705257534980774,-0.07194177806377411,0.2888348698616028,0.4032701551914215,-0.06657477468252182,0.16227644681930542,0.40145042538642883,-0.07080520689487457,0.2878263294696808,0.34310340881347656,-0.1020493432879448,0.31122103333473206,0.4235438108444214,-0.08203335851430893,0.2849233150482178,0.45130059123039246,-0.06735999882221222,0.17843949794769287,0.4553115665912628,-0.10330668091773987,0.2772608697414398,0.4058799147605896,-0.12131283432245255,0.2951551079750061,0.46332767605781555,-0.10837146639823914,0.273506760597229,0.4936535358428955,-0.09822263568639755,sasso
0.24244238436222076,0.6284188032150269,-2.2291432344445639e-07,0.29749709367752075,0.467057466506958,-0.004063797648996115,0.30567583441734314,0.3561052680015564,-0.022995803505182266,0.3191738724708557,0.28296959400177,-0.04566390812397003,0.3433186411857605,0.28718307614326477,-0.06215309351682663,0.14250880479812622,0.3098309636116028,-0.03261708840727806,0.26896944642066956,0.22889362275600433,-0.06215512380003929,0.2932409644126892,0.2970511317253113,-0.0708896666765213,0.27066779136657715,0.3317347764968872,-0.07949206233024597,0.13931769132614136,0.3620304763317108,-0.05328753590583801,0.28205275535583496,0.27726441621780396,-0.08644682168960571,0.2966862618923187,0.35091131925582886,-0.08378351479768753,0.26929429173469543,0.37713879346847534,-0.08310681581497192,0.16214698553085327,0.42025360465049744,-0.07488596439361572,0.2968156933784485,0.33638623356819153,-0.10009089857339859,0.3079386055469513,0.39972350001335144,-0.08320887386798859,0.28193315863609314,0.42662203311920166,-0.0737593024969101,0.19951917231082916,0.4768161475658417,-0.09848805516958237,0.30284884572029114,0.4006374776363373,-0.11024820804595947,0.31144917011260986,0.44372862577438354,-0.09959359467029572,0.2893912196159363,0.4695146083831787,-0.09396754950284958,sasso
0.22935709357261658,0.6166181564331055,-1.7085902470626024e-07,0.22093239426612854,0.4902644157409668,-0.012901530601084232,0.24578502774238586,0.3575715124607086,-0.042341407388448715,0.30805861949920654,0.2684522867202759,-0.07109907269477844,0.3562312424182892,0.26939454674720764,-0.09426268935203552,0.14440256357192993,0.3119051158428192,-0.07388884574174881,0.2717146575450897,0.2180635780096054,-0.10509578138589859,0.29387927055358887,0.2800562083721161,-0.10951103270053864,0.27203094959259033,0.31768178939819336,-0.1131555438041687,0.1638050228357315,0.3665071129798889,-0.09092012047767639,0.3015086054801941,0.27739909291267395,-0.1169288381934166,0.3083864152431488,0.3400747776031494,-0.10623737424612045,0.27753975987434387,0.3658325672149658,-0.10281822085380554,0.2015095055103302,0.4248546361923218,-0.10710348188877106,0.33128127455711365,0.33289626240730286,-0.12378069013357162,0.32854434847831726,0.3894387185573578,-0.10262541472911835,0.2969469130039215,0.4144521951675415,-0.09260301291942596,0.24922850728034973,0.4793767035007477,-0.12539884448051453,0.3463932275772095,0.39725273847579956,-0.12862032651901245,0.3406972289085388,0.4368695020675659,-0.11287450045347214,0.31387966871261597,0.4634047746658325,-0.10532871633768082,sasso
0.2369924783706665,0.6086583137512207,-1.292826539156522e-07,0.20939786732196808,0.48074209690093994,-0.007135655730962753,0.23849771916866302,0.34845981001853943,-0.039003219455480576,0.3078329563140869,0.26267892122268677,-0.07029785215854645,0.36576640605926514,0.2650759518146515,-0.09699739515781403,0.16271242499351501,0.3200606405735016,-0.08570943772792816,0.27981454133987427,0.21486295759677887,-0.11795433610677719,0.2965564429759979,0.26990580558776855,-0.12246069312095642,0.27130553126335144,0.3108004331588745,-0.12499696016311646,0.19334755837917328,0.37763115763664246,-0.10618750005960464,0.31251421570777893,0.2676956057548523,-0.13174167275428772,0.3162324130535126,0.32223188877105713,-0.11939167231321335,0.28480860590934753,0.35813775658607483,-0.11492303013801575,0.23970934748649597,0.43369144201278687,-0.12404544651508331,0.3449995815753937,0.3258293569087982,-0.1364443153142929,0.33758246898651123,0.37627527117729187,-0.10903909057378769,0.30629727244377136,0.40934938192367554,-0.09535853564739227,0.29354143142700195,0.4856039881706238,-0.14329658448696136,0.36725369095802307,0.3831053078174591,-0.13900740444660187,0.35818803310394287,0.41971296072006226,-0.11398860067129135,0.3340855538845062,0.452886164188385,-0.1009867936372757,sasso
0.24340683221817017,0.6120187044143677,-1.7549740505273803e-07,0.20926067233085632,0.4826541841030121,-0.0011546435998752713,0.2417416274547577,0.3609163165092468,-0.029288573190569878,0.3114239573478699,0.2756367325782776,-0.05568898469209671,0.3709152936935425,0.24799276888370514,-0.07685579359531403,0.17731310427188873,0.33234959840774536,-0.09006024152040482,0.28186455368995667,0.21275343000888824,-0.1147005558013916,0.2970965802669525,0.2626256048679352,-0.10910157114267349,0.273689329624176,0.3067612051963806,-0.10334309935569763,0.22245803475379944,0.38823550939559937,-0.10961887240409851,0.3211720883846283,0.26276546716690063,-0.12911295890808105,0.32538509368896484,0.31184929609298706,-0.10980428755283356,0.29859331250190735,0.3540944755077362,-0.1002199649810791,0.27795812487602234,0.43940606713294983,-0.12459990382194519,0.35819095373153687,0.3173205554485321,-0.12950274348258972,0.35217881202697754,0.3646574318408966,-0.09167753905057907,0.3265283703804016,0.4053328037261963,-0.07159431278705597,0.3346458375453949,0.4880514442920685,-0.14007118344306946,0.38283005356788635,0.37540173530578613,-0.12795710563659668,0.37412068247795105,0.4126034677028656,-0.09264716506004333,0.35771840810775757,0.45115119218826294,-0.07259184867143631,sasso
0.24789384007453918,0.622076153755188,-2.888714050186536e-07,0.20232537388801575,0.4946961998939514,0.0028911868575960398,0.22374680638313293,0.36924540996551514,-0.019709091633558273,0.2864009737968445,0.28018656373023987,-0.04011916741728783,0.34529706835746765,0.2514140009880066,-0.05571003258228302,0.17889508605003357,0.34859612584114075,-0.08718114346265793,0.2695481777191162,0.210921972990036,-0.10622388124465942,0.2802431583404541,0.25781571865081787,-0.09513962268829346,0.259206086397171,0.30620241165161133,-0.08451932668685913,0.23522551357746124,0.3984772264957428,-0.10359375923871994,0.3162878155708313,0.26089078187942505,-0.11458852142095566,0.3162781596183777,0.30763834714889526,-0.09046807885169983,0.29445964097976685,0.35539671778678894,-0.07738867402076721,0.2966107726097107,0.44544899463653564,-0.11448872834444046,0.3547925651073456,0.3163653612136841,-0.11271777004003525,0.3479413092136383,0.361005961894989,-0.07416637241840363,0.3280659317970276,0.4062216877937317,-0.05401565134525299,0.3553832769393921,0.4908982515335083,-0.12502431869506836,0.38479116559028625,0.3764299750328064,-0.1096973866224289,0.3738180994987488,0.41541844606399536,-0.0735466480255127,0.3609948754310608,0.4587201476097107,-0.052808977663517,sasso
0.23962518572807312,0.6255522966384888,-4.24651119601549e-07,0.19727015495300293,0.49840742349624634,0.011056854389607906,0.20908096432685852,0.3841916024684906,2.3996753952815197e-05,0.25867941975593567,0.3115103840827942,-0.01202794536948204,0.31120672821998596,0.2860047519207001,-0.020137889310717583,0.19280864298343658,0.3356231153011322,-0.04080657660961151,0.2704199254512787,0.21526095271110535,-0.054246433079242706,0.2759729325771332,0.2602505087852478,-0.050264496356248856,0.2547248601913452,0.30432796478271484,-0.04412059858441353,0.2527330815792084,0.3751796782016754,-0.055403828620910645,0.31758353114128113,0.25643983483314514,-0.05636183172464371,0.31461524963378906,0.29887959361076355,-0.04259827733039856,0.29173389077186584,0.34535759687423706,-0.03542104363441467,0.3133159577846527,0.4174141585826874,-0.06598908454179764,0.3542288839817047,0.3158525824546814,-0.058008573949337006,0.34668219089508057,0.3551211953163147,-0.03364841267466545,0.32790496945381165,0.3945419192314148,-0.022133566439151764,0.36580055952072144,0.46126052737236023,-0.07543531060218811,0.38020065426826477,0.36993536353111267,-0.05912700667977333,0.36752843856811523,0.40513235330581665,-0.031223705038428307,0.3572033643722534,0.4423324167728424,-0.014347603544592857,sasso
0.21256424486637115,0.5886942148208618,-3.045656740141567e-07,0.18951275944709778,0.4659254550933838,0.01153202448040247,0.22223469614982605,0.3557487428188324,-0.006879073102027178,0.28714272379875183,0.28171929717063904,-0.02682430110871792,0.34266501665115356,0.2484332025051117,-0.04185955226421356,0.15922632813453674,0.2846664786338806,-0.05265715718269348,0.2665560841560364,0.19957508146762848,-0.06940645724534988,0.2793112099170685,0.254620760679245,-0.06618358194828033,0.2542347013950348,0.28949111700057983,-0.06412266194820404,0.19463013112545013,0.3246402144432068,-0.07462876290082932,0.3047087788581848,0.24769429862499237,-0.08305386453866959,0.3084935247898102,0.3000015914440155,-0.06857593357563019,0.28111767768859863,0.3292378783226013,-0.0642227977514267,0.2413928508758545,0.37107422947883606,-0.09240810573101044,0.3341936767101288,0.301650732755661,-0.09115521609783173,0.3286260962486267,0.3516705632209778,-0.06263983994722366,0.30015653371810913,0.3804137110710144,-0.050245124846696854,0.2901983857154846,0.42052143812179565,-0.109870046377182,0.3540055453777313,0.3555041253566742,-0.09544569998979568,0.3452029228210449,0.3969755470752716,-0.06682901829481125,0.3235073685646057,0.4230169951915741,-0.05188997462391853,sasso
0.20068305730819702,0.5792913436889648,-2.733780206654046e-07,0.18517659604549408,0.4565996527671814,0.00698989350348711,0.21544349193572998,0.34337717294692993,-0.013071401044726372,0.28237101435661316,0.2755385935306549,-0.03528425842523575,0.340593159198761,0.24990704655647278,-0.052346911281347275,0.15111616253852844,0.2660326659679413,-0.049413107335567474,0.26693618297576904,0.19373221695423126,-0.06985475867986679,0.2760244905948639,0.24958422780036926,-0.07074027508497238,0.25104817748069763,0.28280162811279297,-0.07199561595916748,0.17602957785129547,0.3048053979873657,-0.07073703408241272,0.30030566453933716,0.2408502995967865,-0.0838397890329361,0.2986541986465454,0.2962021827697754,-0.0728975459933281,0.2696286737918854,0.3224446773529053,-0.07047633826732635,0.214494526386261,0.35242077708244324,-0.0893157422542572,0.3259817361831665,0.2973519563674927,-0.09237761795520782,0.31360477209091187,0.3485545217990875,-0.07067651301622391,0.27990442514419556,0.37162259221076965,-0.06261453777551651,0.2577272951602936,0.4035179615020752,-0.10830248147249222,0.34170103073120117,0.3547509014606476,-0.09955182671546936,0.3290817439556122,0.39585259556770325,-0.07922009378671646,0.3001472055912018,0.4166557490825653,-0.06985604763031006,sasso
0.1937594711780548,0.5772426724433899,-2.282640281237036e-07,0.19725435972213745,0.4494645297527313,0.007797433994710445,0.23082967102527618,0.33830079436302185,-0.01340885367244482,0.29925277829170227,0.2739763855934143,-0.038568366318941116,0.3530333638191223,0.2643513083457947,-0.058329615741968155,0.15812966227531433,0.2482612133026123,-0.03829391673207283,0.2738380432128906,0.19567878544330597,-0.05442451685667038,0.286304771900177,0.2488265037536621,-0.0509372241795063,0.2713660001754761,0.28432705998420715,-0.049738120287656784,0.1692073941230774,0.2825155556201935,-0.06078925356268883,0.30343711376190186,0.2463150918483734,-0.07116299867630005,0.29881730675697327,0.30665719509124756,-0.05672125518321991,0.27093127369880676,0.3307141065597534,-0.05125637724995613,0.19448311626911163,0.3282170295715332,-0.08168991655111313,0.32278764247894287,0.3011946678161621,-0.08159758150577545,0.3064018487930298,0.35574769973754883,-0.06006177142262459,0.27351951599121094,0.3758343756198883,-0.0527520589530468,0.2286575734615326,0.377876341342926,-0.10398388653993607,0.32666683197021484,0.35884353518486023,-0.09537151455879211,0.312219500541687,0.4005403220653534,-0.07981868833303452,0.2821997404098511,0.4163764715194702,-0.07398611307144165,sasso
0.19333454966545105,0.5853215456008911,-3.1197620842249307e-07,0.27105656266212463,0.45883169770240784,0.006791216786950827,0.29878565669059753,0.36187973618507385,-0.008224599994719028,0.32851096987724304,0.2922901511192322,-0.02994208224117756,0.3513222336769104,0.26771456003189087,-0.04561896622180939,0.16671280562877655,0.2504863739013672,-0.008559009060263634,0.28073468804359436,0.20642288029193878,-0.030131759122014046,0.290817528963089,0.26126763224601746,-0.036144208163022995,0.2742542028427124,0.2933678925037384,-0.04170931503176689,0.16495564579963684,0.27647098898887634,-0.03157700598239899,0.30656421184539795,0.2470705658197403,-0.05232243239879608,0.3022061586380005,0.31404635310173035,-0.0458323173224926,0.2736562192440033,0.3346191942691803,-0.042603760957717896,0.18210747838020325,0.31757688522338867,-0.056279297918081284,0.32039180397987366,0.2988159656524658,-0.06921400874853134,0.3059096336364746,0.3617597222328186,-0.05331575497984886,0.2732064425945282,0.3808393180370331,-0.04623209685087204,0.2124103307723999,0.3643583059310913,-0.08278246223926544,0.31911346316337585,0.3555164635181427,-0.08630761504173279,0.3049592971801758,0.40151602029800415,-0.07778666168451309,0.2737782597541809,0.4156692326068878,-0.07486177235841751,sasso
0.20109495520591736,0.5912621021270752,-3.4890973665824276e-07,0.2915689945220947,0.4695039391517639,0.0029260010924190283,0.321973979473114,0.3817550539970398,-0.011371023021638393,0.34839776158332825,0.3209911286830902,-0.03209119290113449,0.36472493410110474,0.28325846791267395,-0.04550942778587341,0.1873321384191513,0.2543475925922394,-0.0021813493221998215,0.30740711092948914,0.22740446031093597,-0.030684325844049454,0.311879962682724,0.29564058780670166,-0.04317907989025116,0.2859814763069153,0.3199707269668579,-0.052561983466148376,0.17620739340782166,0.27188342809677124,-0.024124471470713615,0.32150334119796753,0.25866350531578064,-0.05261228606104851,0.31584370136260986,0.3336764872074127,-0.05236572399735451,0.2839750051498413,0.34410250186920166,-0.05189724639058113,0.1843724548816681,0.3095867335796356,-0.04892584681510925,0.32277336716651917,0.30048972368240356,-0.06956955790519714,0.31324630975723267,0.3702854514122009,-0.05465561896562576,0.2804434597492218,0.3843649625778198,-0.046145740896463394,0.20673894882202148,0.3578040599822998,-0.07579809427261353,0.3122674226760864,0.35329777002334595,-0.08553463220596313,0.30707693099975586,0.4031500816345215,-0.07717061787843704,0.2805693745613098,0.41472893953323364,-0.07233042269945145,sasso
0.2032894492149353,0.5887875556945801,-4.1828312191682926e-07,0.2981904447078705,0.4715598523616791,0.01456490159034729,0.33284860849380493,0.3831997513771057,0.006750841625034809,0.36010074615478516,0.3260742127895355,-0.0098525770008564,0.3736472725868225,0.2903551161289215,-0.020825088024139404,0.19718298316001892,0.25849097967147827,0.010428336448967457,0.31652599573135376,0.23465673625469208,-0.01594933308660984,0.318551629781723,0.30873167514801025,-0.029299620538949966,0.28880202770233154,0.3308270275592804,-0.04010101407766342,0.18216902017593384,0.2725895643234253,-0.017506854608654976,0.32111233472824097,0.25491851568222046,-0.04521504044532776,0.3159089684486389,0.3360762894153595,-0.04667583107948303,0.2832006812095642,0.34902748465538025,-0.047195419669151306,0.18633225560188293,0.30814191699028015,-0.047330763190984726,0.3189990520477295,0.29620295763015747,-0.06693600863218307,0.31052151322364807,0.3726344406604767,-0.05162990465760231,0.2751525044441223,0.385305255651474,-0.043291620910167694,0.20533055067062378,0.3563084006309509,-0.07813476026058197,0.3048023581504822,0.34850364923477173,-0.08633258193731308,0.29851049184799194,0.4062575399875641,-0.07551839202642441,0.26930123567581177,0.41932767629623413,-0.06963649392127991,sasso
0.20367079973220825,0.587448000907898,-4.996832103643101e-07,0.29961133003234863,0.46543508768081665,0.028229104354977608,0.3327483832836151,0.3802601397037506,0.022524839267134666,0.35900455713272095,0.3220805823802948,0.0041139754466712475,0.36603859066963196,0.28969597816467285,-0.009487107396125793,0.19807371497154236,0.25429362058639526,0.02237190678715706,0.31246858835220337,0.23345625400543213,-0.004435878247022629,0.31779977679252625,0.3134055435657501,-0.014794114977121353,0.28884708881378174,0.3350043296813965,-0.023080622777342796,0.18034297227859497,0.26703330874443054,-0.015816401690244675,0.31505095958709717,0.2559203505516052,-0.0439535416662693,0.3146970272064209,0.3455548584461212,-0.04276629909873009,0.2791951894760132,0.35501712560653687,-0.04091063141822815,0.18022555112838745,0.30113375186920166,-0.055686354637145996,0.3071553409099579,0.2930202782154083,-0.0784483253955841,0.30532047152519226,0.3803761899471283,-0.059902433305978775,0.2683517038822174,0.3917403817176819,-0.049004822969436646,0.19475655257701874,0.3472665548324585,-0.09532081335783005,0.2897316813468933,0.34260293841362,-0.10621911287307739,0.28806692361831665,0.40618807077407837,-0.09306872636079788,0.25867873430252075,0.4204879403114319,-0.08502105623483658,sasso
0.20735123753547668,0.585241436958313,-4.896925247521722e-07,0.30356350541114807,0.46981215476989746,0.022399691864848137,0.3441457748413086,0.3835028111934662,0.016905302181839943,0.37349191308021545,0.3180593252182007,-0.0015442549483850598,0.35724344849586487,0.28371289372444153,-0.01559543889015913,0.21488451957702637,0.2533584237098694,0.036940671503543854,0.316723495721817,0.2291904240846634,0.005364659707993269,0.3264019191265106,0.3098267912864685,-0.013978781178593636,0.3021014630794525,0.3374785780906677,-0.02630646340548992,0.188742995262146,0.26214098930358887,0.002028945367783308,0.31367170810699463,0.2512020170688629,-0.0309764351695776,0.3169475793838501,0.34573811292648315,-0.037985607981681824,0.2859634459018707,0.3640371859073639,-0.037673261016607285,0.17716999351978302,0.29005104303359985,-0.036526940762996674,0.2988141179084778,0.28688499331474304,-0.06598930060863495,0.30110737681388855,0.37775182723999023,-0.053086213767528534,0.27024149894714355,0.3949410617351532,-0.04020833596587181,0.18031078577041626,0.3313072919845581,-0.07534638047218323,0.27243268489837646,0.32953405380249023,-0.08988900482654572,0.27289044857025146,0.39442339539527893,-0.07742885500192642,0.24607698619365692,0.4133074879646301,-0.06598172336816788,sasso
0.21549637615680695,0.5851044058799744,-4.864484708377859e-07,0.30766335129737854,0.4712672531604767,0.03456353768706322,0.3508198857307434,0.38601231575012207,0.03317062184214592,0.37956708669662476,0.31074899435043335,0.01467551663517952,0.35010242462158203,0.2709047198295593,-6.328644667519256e-05,0.22975757718086243,0.2611262798309326,0.06427902728319168,0.3156590461730957,0.23041008412837982,0.031477492302656174,0.32824623584747314,0.3108689785003662,0.009845992550253868,0.3089492917060852,0.33261746168136597,-0.0027579653542488813,0.19918778538703918,0.26796358823776245,0.021865690127015114,0.3084215521812439,0.2508355975151062,-0.015205861069262028,0.31380027532577515,0.35060548782348633,-0.026808135211467743,0.2825387120246887,0.36465469002723694,-0.027133243158459663,0.17856431007385254,0.2887663245201111,-0.024959448724985123,0.28624916076660156,0.28107476234436035,-0.06075608357787132,0.2902064621448517,0.3797774910926819,-0.04971136897802353,0.25856027007102966,0.39485493302345276,-0.03479740768671036,0.17025776207447052,0.31856462359428406,-0.07071555405855179,0.25638455152511597,0.3139044940471649,-0.08627069741487503,0.2586522102355957,0.3840315341949463,-0.07103098928928375,0.22979271411895752,0.404156357049942,-0.05605033040046692,sasso
0.2283042073249817,0.5800595879554749,-3.93114675034667e-07,0.30929532647132874,0.4868791699409485,-0.007980475202202797,0.3607901334762573,0.39968064427375793,-0.02048284187912941,0.38414403796195984,0.31734469532966614,-0.03905962035059929,0.3515552580356598,0.26535189151763916,-0.05007912218570709,0.2543788254261017,0.2707616090774536,0.026900608092546463,0.32963523268699646,0.24291035532951355,-0.013270653784275055,0.3325360417366028,0.32878392934799194,-0.0343933068215847,0.30625319480895996,0.3466847538948059,-0.04398620128631592,0.2210690826177597,0.27123212814331055,0.01008407399058342,0.3143126368522644,0.24883607029914856,-0.03318236023187637,0.3148953318595886,0.3507479131221771,-0.04403970018029213,0.28361350297927856,0.35786521434783936,-0.04111770913004875,0.1927115023136139,0.28703776001930237,-0.013816247694194317,0.287695050239563,0.27738621830940247,-0.06013867259025574,0.2878546416759491,0.37699803709983826,-0.05076681077480316,0.25527751445770264,0.38831448554992676,-0.03216274082660675,0.1705847680568695,0.31589850783348083,-0.03879425302147865,0.2535196542739868,0.30819496512413025,-0.0623849555850029,0.25682249665260315,0.3786827027797699,-0.04880094528198242,0.22735801339149475,0.39889582991600037,-0.0312664732336998,sasso
0.22646625339984894,0.5784665942192078,-3.272922981523152e-07,0.3100437521934509,0.49489808082580566,-0.006097091361880302,0.364854097366333,0.4105953276157379,-0.016869837418198586,0.3853780925273895,0.3218750059604645,-0.035253413021564484,0.35313352942466736,0.2629932165145874,-0.04735981673002243,0.2832714319229126,0.28722861409187317,0.036629270762205124,0.342766672372818,0.2555757761001587,-0.00033087897463701665,0.34270375967025757,0.33672136068344116,-0.019834475591778755,0.31780028343200684,0.3525660037994385,-0.02826046384871006,0.24498464167118073,0.28529325127601624,0.019051726907491684,0.3197699785232544,0.25450223684310913,-0.02266801707446575,0.31708818674087524,0.3573496341705322,-0.03426697477698326,0.28511738777160645,0.3627365827560425,-0.031330883502960205,0.20813921093940735,0.29392749071121216,-0.006044195499271154,0.2856716215610504,0.27518323063850403,-0.05335061252117157,0.2848542332649231,0.37589308619499207,-0.04434216022491455,0.25093233585357666,0.3867770731449127,-0.025186488404870033,0.17292068898677826,0.31426990032196045,-0.03166179731488228,0.2485245317220688,0.29964470863342285,-0.05661841854453087,0.2535177767276764,0.3713391125202179,-0.041600923985242844,0.22346626222133636,0.3916691839694977,-0.022487957030534744,sasso
0.22107014060020447,0.5613542795181274,-3.2064573929346807e-07,0.30475202202796936,0.4896068572998047,-0.0032029550056904554,0.3585295081138611,0.4033411741256714,-0.008103977888822556,0.37655335664749146,0.30989861488342285,-0.021266495808959007,0.34182000160217285,0.24859470129013062,-0.028727080672979355,0.2913598418235779,0.30172666907310486,0.04865235835313797,0.3428337872028351,0.259726881980896,0.014210137538611889,0.33777347207069397,0.33701592683792114,-0.006368390750139952,0.3102402687072754,0.34820103645324707,-0.0162916611880064,0.25168371200561523,0.2974541485309601,0.030399616807699203,0.3103254437446594,0.2464722990989685,-0.013010386377573013,0.3067816495895386,0.3484502136707306,-0.02958073280751705,0.2752647399902344,0.3583775758743286,-0.029107948765158653,0.21054372191429138,0.30078569054603577,0.004546432290226221,0.27045753598213196,0.25529712438583374,-0.04579931125044823,0.271578311920166,0.35974013805389404,-0.03925387188792229,0.23718976974487305,0.37425822019577026,-0.020475784316658974,0.16626518964767456,0.31218743324279785,-0.021148424595594406,0.23239479959011078,0.27927106618881226,-0.04855453595519066,0.2381901741027832,0.3522566556930542,-0.03371051698923111,0.20761822164058685,0.37385761737823486,-0.01444750651717186,sasso
0.2153042107820511,0.5409770607948303,-3.071400271892344e-07,0.30090999603271484,0.48116931319236755,-0.010627749375998974,0.356555700302124,0.39415648579597473,-0.014834125526249409,0.3731802701950073,0.2977014183998108,-0.0244818814098835,0.3361568748950958,0.23648573458194733,-0.02911202237010002,0.2996113896369934,0.3088010549545288,0.036006513983011246,0.34107649326324463,0.2557268738746643,0.00413321889936924,0.33937954902648926,0.3232192397117615,-0.014289362356066704,0.31261828541755676,0.34652119874954224,-0.021146150305867195,0.26166579127311707,0.29719552397727966,0.025515252724289894,0.3084636330604553,0.23420117795467377,-0.013101520016789436,0.30621325969696045,0.3295983076095581,-0.02889944612979889,0.27526819705963135,0.34873104095458984,-0.027875812724232674,0.2202846109867096,0.29392942786216736,0.008147399872541428,0.2685692012310028,0.23314449191093445,-0.039318617433309555,0.2702042758464813,0.33374592661857605,-0.03419627994298935,0.23787462711334229,0.35714131593704224,-0.015972301363945007,0.16960802674293518,0.2999194860458374,-0.009004998952150345,0.22660773992538452,0.2554165720939636,-0.03695616498589516,0.2333744466304779,0.3261565566062927,-0.023066982626914978,0.20662571489810944,0.35191410779953003,-0.003908276557922363,sasso
0.21111758053302765,0.5298323631286621,-2.4775394535936357e-07,0.3062806725502014,0.47133398056030273,0.0024563507176935673,0.35759440064430237,0.38520580530166626,0.004855666309595108,0.3730127215385437,0.2873133718967438,-0.0025964200031012297,0.3347415328025818,0.22651633620262146,-0.005915943067520857,0.30092862248420715,0.30801019072532654,0.06820020824670792,0.3411925435066223,0.2555452585220337,0.0389733724296093,0.3381079435348511,0.31776174902915955,0.01664852350950241,0.3122641146183014,0.3361532688140869,0.006481717806309462,0.26221033930778503,0.2945999205112457,0.05010737106204033,0.30900678038597107,0.2289426028728485,0.011332729831337929,0.3059694170951843,0.32388728857040405,-0.011104751378297806,0.27464401721954346,0.3413400650024414,-0.013561002910137177,0.22166922688484192,0.2868029773235321,0.02467704750597477,0.26811927556991577,0.22266733646392822,-0.022438514977693558,0.2704264223575592,0.32499948143959045,-0.02053353562951088,0.23765026032924652,0.3458416759967804,-0.0036469469778239727,0.17243114113807678,0.2855236232280731,0.00010856540757231414,0.22946718335151672,0.2431870400905609,-0.025461861863732338,0.23400604724884033,0.31346991658210754,-0.01120333094149828,0.20472432672977448,0.3372953236103058,0.008141922764480114,sasso
0.210138738155365,0.5158618688583374,-2.653318915690761e-07,0.3062720000743866,0.46749410033226013,0.0010086431866511703,0.36279621720314026,0.3820796608924866,0.0034030103124678135,0.3776112198829651,0.2815471887588501,-0.0030734895262867212,0.3381642997264862,0.22039681673049927,-0.005822702310979366,0.30840766429901123,0.30657511949539185,0.06266053766012192,0.3495136499404907,0.2565408945083618,0.03479160740971565,0.3425726890563965,0.3175888955593109,0.013828327879309654,0.31619009375572205,0.3342239260673523,0.003719071391969919,0.26979079842567444,0.28968796133995056,0.045383304357528687,0.3160732686519623,0.22404396533966064,0.0063897306099534035,0.3090972602367401,0.3184254467487335,-0.015559481456875801,0.27827614545822144,0.33610081672668457,-0.017849156633019447,0.2295968234539032,0.27896207571029663,0.021283214911818504,0.2758053243160248,0.21367551386356354,-0.02665906399488449,0.2747240662574768,0.31746312975883484,-0.02460448630154133,0.24273177981376648,0.3388184607028961,-0.007695219479501247,0.18015941977500916,0.2752142548561096,-0.0019092627335339785,0.23675495386123657,0.23593425750732422,-0.029640667140483856,0.23814240097999573,0.3076261878013611,-0.016634544357657433,0.20891153812408447,0.3302268087863922,0.0017813729355111718,sasso
0.24921534955501556,0.5211054086685181,-1.2117276071421657e-07,0.3211933970451355,0.43053877353668213,0.01427750289440155,0.3537184000015259,0.33441412448883057,0.01390497013926506,0.3662029504776001,0.24934794008731842,0.0014412672026082873,0.3365733325481415,0.1937430500984192,-0.006575699429959059,0.2646380662918091,0.2501722574234009,0.061576928943395615,0.30541738867759705,0.19657351076602936,0.031467098742723465,0.3226073086261749,0.2604077458381653,0.012825061567127705,0.3090475797653198,0.2886933386325836,0.00624715955927968,0.23241882026195526,0.25337573885917664,0.03507985919713974,0.2898438572883606,0.19312472641468048,-0.00134486414026469,0.30552950501441956,0.2876478135585785,-0.01669812574982643,0.2803719937801361,0.31279903650283813,-0.015579244121909142,0.2016969919204712,0.26065465807914734,0.002614096039906144,0.26323941349983215,0.20921902358531952,-0.039408717304468155,0.27858519554138184,0.3072996437549591,-0.031580425798892975,0.25101423263549805,0.33476686477661133,-0.012696684338152409,0.17068716883659363,0.2783333957195282,-0.02863076888024807,0.2363158017396927,0.23503464460372925,-0.05070655047893524,0.2513178884983063,0.3042377829551697,-0.03350355476140976,0.2266272008419037,0.3370008170604706,-0.012746136635541916,sasso
0.25532054901123047,0.5334118604660034,-5.314008717505203e-07,0.31754231452941895,0.40339985489845276,0.02041896991431713,0.33516091108322144,0.30436939001083374,0.01826365850865841,0.3486901521682739,0.236110121011734,0.004954105243086815,0.3320433497428894,0.1818837821483612,-0.003344424534589052,0.1885153204202652,0.21939757466316223,0.03703992813825607,0.27901190519332886,0.16028088331222534,0.006834026426076889,0.3047092854976654,0.23647600412368774,-0.012087611481547356,0.28740638494491577,0.27380192279815674,-0.023288995027542114,0.16640964150428772,0.2293042242527008,0.0059999763034284115,0.28141462802886963,0.17442767322063446,-0.024152308702468872,0.30351367592811584,0.2631611227989197,-0.031009739264845848,0.2776933014392853,0.2943575978279114,-0.030725711956620216,0.16265374422073364,0.2559835910797119,-0.028810178861021996,0.277651846408844,0.21136778593063354,-0.057197507470846176,0.29720160365104675,0.3009902834892273,-0.045918066054582596,0.27003368735313416,0.330074667930603,-0.03395655006170273,0.17586329579353333,0.2931228280067444,-0.06356554478406906,0.2650875449180603,0.26031678915023804,-0.07826992124319077,0.2793387472629547,0.3262477517127991,-0.06703875213861465,0.2570229470729828,0.3553328812122345,-0.056181080639362335,sasso
0.23689308762550354,0.5350533723831177,-2.7524484380592185e-07,0.26693543791770935,0.4059649705886841,0.0048793014138937,0.2780076265335083,0.29867851734161377,-0.01158054731786251,0.3049803078174591,0.21839310228824615,-0.0334642268717289,0.3353753983974457,0.18537645041942596,-0.04988095909357071,0.15544605255126953,0.2341407686471939,-0.018797125667333603,0.2571912705898285,0.1473192721605301,-0.044698022305965424,0.27406802773475647,0.20201663672924042,-0.054550524801015854,0.2585481107234955,0.23650726675987244,-0.0622745119035244,0.16389736533164978,0.26987895369529724,-0.04098498821258545,0.28532513976097107,0.1897735893726349,-0.06345092505216599,0.29055914282798767,0.25080421566963196,-0.059207089245319366,0.26751160621643066,0.2754442095756531,-0.05875468999147415,0.19071480631828308,0.31240159273147583,-0.0640421211719513,0.3091666102409363,0.2396315038204193,-0.07857758551836014,0.3056025207042694,0.2991875410079956,-0.06130951642990112,0.2791999876499176,0.3246259093284607,-0.05329783633351326,0.22930501401424408,0.3555307984352112,-0.08852754533290863,0.3217170238494873,0.2973765730857849,-0.0916002169251442,0.3178301751613617,0.34417232871055603,-0.07882784307003021,0.29249536991119385,0.3704170286655426,-0.07268887013196945,sasso
0.24597348272800446,0.5527200102806091,-2.208448677265551e-07,0.22390656173229218,0.43452680110931396,-0.0013342017773538828,0.24041524529457092,0.31303560733795166,-0.02697748690843582,0.29139792919158936,0.22559191286563873,-0.05392120033502579,0.33900630474090576,0.20310179889202118,-0.07587610185146332,0.15894636511802673,0.27773961424827576,-0.06693432480096817,0.2594166398048401,0.16649742424488068,-0.09650137275457382,0.2785714864730835,0.21901194751262665,-0.10107070952653885,0.25701719522476196,0.2590576708316803,-0.10401351004838943,0.18693706393241882,0.32642272114753723,-0.08908544480800629,0.2927490770816803,0.21233290433883667,-0.1132156252861023,0.30003783106803894,0.26502496004104614,-0.10269883275032043,0.2734191417694092,0.2992430329322815,-0.09914097934961319,0.2298518568277359,0.3750291168689728,-0.10930631309747696,0.32652735710144043,0.2689456641674042,-0.12213455140590668,0.32389676570892334,0.31819820404052734,-0.09739281237125397,0.29592204093933105,0.3489189147949219,-0.08535242080688477,0.2804732322692871,0.42117804288864136,-0.1306239366531372,0.35048210620880127,0.32714036107063293,-0.128414586186409,0.34419184923171997,0.36439770460128784,-0.106456458568573,0.3208751082420349,0.39510661363601685,-0.09532153606414795,sasso
0.2527703642845154,0.5612820386886597,-1.7916228500780562e-07,0.22085672616958618,0.43894073367118835,0.00028392559033818543,0.24203722178936005,0.3163977861404419,-0.02687402442097664,0.2978329658508301,0.22824683785438538,-0.05359324812889099,0.35063284635543823,0.2093900442123413,-0.07538731396198273,0.17265045642852783,0.2960945963859558,-0.08261189609766006,0.2663271427154541,0.17778009176254272,-0.10783934593200684,0.28629064559936523,0.22695980966091156,-0.10379398614168167,0.2659851610660553,0.27007564902305603,-0.09996549040079117,0.20834119617938995,0.34595564007759094,-0.10411249101161957,0.3026297688484192,0.2214163839817047,-0.1254933774471283,0.3106643557548523,0.2724256217479706,-0.10741054266691208,0.2856755256652832,0.3124715983867645,-0.0985947921872139,0.25696420669555664,0.3924154043197632,-0.12176437675952911,0.3395739197731018,0.2712961435317993,-0.1297360360622406,0.33685851097106934,0.3195977509021759,-0.09569425135850906,0.3127400577068329,0.3584984242916107,-0.07773610204458237,0.31077685952186584,0.4372219145298004,-0.14006243646144867,0.3640170097351074,0.32883620262145996,-0.13147568702697754,0.35725563764572144,0.365317702293396,-0.10116268694400787,0.33954057097435,0.4026801586151123,-0.08448702841997147,sasso
0.2639661729335785,0.5598028898239136,-2.1862825860807789e-07,0.22885005176067352,0.4392891824245453,0.001592719811014831,0.25245603919029236,0.3217313885688782,-0.023710884153842926,0.30879518389701843,0.23429958522319794,-0.047951001673936844,0.3607429265975952,0.20241616666316986,-0.06700541824102402,0.1902945637702942,0.3041774332523346,-0.08239955455064774,0.2758857011795044,0.1805831789970398,-0.10474315285682678,0.2932778298854828,0.2272372990846634,-0.09814453125,0.2723810374736786,0.27130141854286194,-0.09223751723766327,0.23297348618507385,0.34922951459884644,-0.10241884738206863,0.31557151675224304,0.22274956107139587,-0.12018643319606781,0.323939710855484,0.2698385715484619,-0.10102541744709015,0.30046775937080383,0.31069493293762207,-0.09194932132959366,0.28582367300987244,0.3904360234737396,-0.11804895102977753,0.3537415862083435,0.2692267894744873,-0.12276264280080795,0.3529992997646332,0.31425637006759644,-0.08652991056442261,0.3309652507305145,0.35350918769836426,-0.06787315756082535,0.3410850167274475,0.43088066577911377,-0.1339956521987915,0.38153529167175293,0.3225036859512329,-0.12323859333992004,0.37653619050979614,0.35916900634765625,-0.09019574522972107,0.36286336183547974,0.3968954384326935,-0.07200288772583008,sasso
0.2868253290653229,0.5496297478675842,-3.432619735121989e-07,0.24662794172763824,0.43266206979751587,0.009504196234047413,0.2602478265762329,0.3215358257293701,-0.008152276277542114,0.30948755145072937,0.2428935319185257,-0.025127248838543892,0.3594302833080292,0.21803759038448334,-0.03790678828954697,0.2246081680059433,0.2990490794181824,-0.075569748878479,0.29906681180000305,0.16927675902843475,-0.09055888652801514,0.31036660075187683,0.21459724009037018,-0.07750172168016434,0.29107069969177246,0.2606220245361328,-0.06603054702281952,0.2757393717765808,0.34080880880355835,-0.0933472216129303,0.3434964120388031,0.21083718538284302,-0.1016814336180687,0.34580376744270325,0.2557702958583832,-0.07865919172763824,0.32624363899230957,0.3009810447692871,-0.06644909828901291,0.3329998850822449,0.3810214102268219,-0.10524506866931915,0.38166335225105286,0.261003702878952,-0.10130197554826736,0.37734174728393555,0.30410242080688477,-0.06540735065937042,0.35983026027679443,0.3465098738670349,-0.047537121921777725,0.388274610042572,0.42202937602996826,-0.11623648554086685,0.4116404354572296,0.3182855546474457,-0.10086469352245331,0.40089231729507446,0.3546324074268341,-0.0677482858300209,0.3881945013999939,0.39342576265335083,-0.049354974180459976,sasso
0.2914597690105438,0.5536448359489441,-4.4859777403871703e-07,0.2514519691467285,0.4343613386154175,0.016383258625864983,0.2580581605434418,0.3329821228981018,0.004861489869654179,0.29859912395477295,0.26336967945098877,-0.007930482737720013,0.3440832793712616,0.23674622178077698,-0.017390176653862,0.23974063992500305,0.28941965103149414,-0.04928102344274521,0.30432793498039246,0.17138688266277313,-0.058707382529973984,0.31228208541870117,0.21565958857536316,-0.04779732972383499,0.29309117794036865,0.2587956488132477,-0.0379527285695076,0.2938923239707947,0.3211785554885864,-0.06696700304746628,0.350308358669281,0.2057780772447586,-0.0667261853814125,0.35144364833831787,0.24986016750335693,-0.048859771341085434,0.3310663402080536,0.29501357674598694,-0.040162183344364166,0.35147199034690857,0.35618022084236145,-0.07888233661651611,0.38824111223220825,0.25778767466545105,-0.0682186707854271,0.38459518551826477,0.29923659563064575,-0.03916770592331886,0.367782324552536,0.33822426199913025,-0.026466304436326027,0.4030890464782715,0.3957688808441162,-0.08926267921924591,0.4148563742637634,0.3103043735027313,-0.07140890508890152,0.4034810960292816,0.3469509184360504,-0.04154709726572037,0.39173343777656555,0.3824027478694916,-0.024610823020339012,sasso
0.2911715805530548,0.5467489361763,-4.387222247714817e-07,0.25285327434539795,0.4283120036125183,0.019365951418876648,0.25846579670906067,0.33146899938583374,0.013387344777584076,0.29627153277397156,0.26832205057144165,0.005496948026120663,0.34103095531463623,0.2451702505350113,0.0007194107747636735,0.24381273984909058,0.2780005633831024,-0.031576719135046005,0.30634668469429016,0.17390233278274536,-0.03406386077404022,0.314225435256958,0.21476764976978302,-0.021555082872509956,0.29619988799095154,0.25265681743621826,-0.011258155107498169,0.29920491576194763,0.30575650930404663,-0.04776335880160332,0.35188159346580505,0.20535367727279663,-0.04039302095770836,0.35202351212501526,0.24513131380081177,-0.023683439940214157,0.33252865076065063,0.28681424260139465,-0.015557021833956242,0.35602521896362305,0.3401485085487366,-0.05846589803695679,0.3874703049659729,0.25946202874183655,-0.042790837585926056,0.3834601640701294,0.29676246643066406,-0.018839199095964432,0.3679295778274536,0.3311368227005005,-0.009469598531723022,0.40481841564178467,0.38064664602279663,-0.06736338883638382,0.41333380341529846,0.3099214434623718,-0.04653703048825264,0.40255260467529297,0.34284526109695435,-0.019645696505904198,0.39338502287864685,0.3736892640590668,-0.004309746902436018,sasso
0.2801399230957031,0.546189546585083,-3.4559340633677493e-07,0.24768340587615967,0.43132561445236206,0.012125825509428978,0.26820510625839233,0.32436734437942505,-0.001491002505645156,0.3195393681526184,0.24731218814849854,-0.017147047445178032,0.3639487028121948,0.20901934802532196,-0.0286104679107666,0.21924299001693726,0.2746979296207428,-0.039880502969026566,0.30149874091148376,0.17602479457855225,-0.05584794655442238,0.31317365169525146,0.22118481993675232,-0.05378170683979988,0.2918873429298401,0.2578549087047577,-0.05034792050719261,0.26053932309150696,0.30668124556541443,-0.059170953929424286,0.3412915766239166,0.21157576143741608,-0.06646896153688431,0.34632065892219543,0.25678712129592896,-0.05501461774110794,0.3228667676448822,0.29220303893089294,-0.0502316914498806,0.31216883659362793,0.3427451550960541,-0.07490430027246475,0.3751664459705353,0.25650811195373535,-0.07250723987817764,0.37386053800582886,0.301738440990448,-0.04590299725532532,0.35325485467910767,0.33507081866264343,-0.033007893711328506,0.36329448223114014,0.3832874894142151,-0.09003118425607681,0.39916884899139404,0.3070785105228424,-0.07525765150785446,0.3919793963432312,0.3482685089111328,-0.04662984982132912,0.3781622052192688,0.37983438372612,-0.030327435582876205,sasso
0.27541103959083557,0.5578957200050354,-3.55030266518952e-07,0.33340489864349365,0.43540728092193604,0.009657535701990128,0.3471009433269501,0.3425445258617401,-0.0014555415837094188,0.3665732443332672,0.27325671911239624,-0.019553013145923615,0.39148786664009094,0.2336626946926117,-0.031952813267707825,0.21942339837551117,0.2642505168914795,0.0025557305198162794,0.320651650428772,0.19774071872234344,-0.020388152450323105,0.33286920189857483,0.2552292048931122,-0.032603561878204346,0.31408876180648804,0.2864234745502472,-0.04258182272315025,0.21951636672019958,0.2837156057357788,-0.019319498911499977,0.34417960047721863,0.22740700840950012,-0.03968081995844841,0.34759488701820374,0.29134711623191833,-0.039568811655044556,0.3215266168117523,0.31185275316238403,-0.04135289043188095,0.23910698294639587,0.31295281648635864,-0.04286693036556244,0.3613671362400055,0.26962700486183167,-0.05567489564418793,0.3573637902736664,0.3310520648956299,-0.04333370551466942,0.327157586812973,0.3516400158405304,-0.03867413476109505,0.2723492980003357,0.3454832136631012,-0.06756622344255447,0.3665884733200073,0.32094815373420715,-0.07030121982097626,0.3613925874233246,0.3704514801502228,-0.061823535710573196,0.333622545003891,0.3881259858608246,-0.05898371711373329,sasso
0.2699926495552063,0.5655959844589233,-5.370961844164412e-07,0.34209418296813965,0.429577112197876,0.031821709126234055,0.3612356185913086,0.34168750047683716,0.03231311962008476,0.38009604811668396,0.2831032872200012,0.019730260595679283,0.38234108686447144,0.23377633094787598,0.01157652772963047,0.21885117888450623,0.25864577293395996,0.03735462948679924,0.3202085494995117,0.20754142105579376,0.011613667942583561,0.33394894003868103,0.28137555718421936,-0.003607068909332156,0.3102973401546478,0.3113071322441101,-0.014565124176442623,0.20703689754009247,0.2685389220714569,0.00011232599354116246,0.3300935924053192,0.21434089541435242,-0.02706548385322094,0.33924514055252075,0.29914283752441406,-0.032007958739995956,0.3072567582130432,0.32210713624954224,-0.03289606422185898,0.21444232761859894,0.2932405471801758,-0.038990676403045654,0.331376314163208,0.2509152591228485,-0.06138359755277634,0.33878380060195923,0.3371922969818115,-0.04840562120079994,0.30440032482147217,0.35821041464805603,-0.039302974939346313,0.2368672639131546,0.3268381953239441,-0.07727494835853577,0.32300907373428345,0.30110225081443787,-0.08685614913702011,0.32654789090156555,0.3652971386909485,-0.07498405873775482,0.29870346188545227,0.3856825828552246,-0.06695728003978729,sasso
0.26258575916290283,0.5668045282363892,-5.948826924395689e-07,0.3378768563270569,0.43646636605262756,0.041294556111097336,0.3614169657230377,0.3490201532840729,0.044960517436265945,0.38347548246383667,0.2865087687969208,0.03217568248510361,0.37469279766082764,0.24105346202850342,0.023314358666539192,0.22716572880744934,0.2553495466709137,0.05626620352268219,0.3219877779483795,0.2111540287733078,0.02748071774840355,0.3368961215019226,0.2884990870952606,0.007597506046295166,0.31306445598602295,0.3160782754421234,-0.005748874042183161,0.20888115465641022,0.26604512333869934,0.012673339806497097,0.3256421983242035,0.22634802758693695,-0.0162628386169672,0.33712583780288696,0.31463339924812317,-0.023754162713885307,0.304900199174881,0.33659952878952026,-0.025756990537047386,0.20713919401168823,0.2907387614250183,-0.03372328728437424,0.3201505243778229,0.25953027606010437,-0.059142909944057465,0.33005550503730774,0.35017189383506775,-0.04664308577775955,0.296841561794281,0.3707127273082733,-0.03641093149781227,0.22059433162212372,0.32269278168678284,-0.07886334508657455,0.3075619339942932,0.30179113149642944,-0.09046164155006409,0.3129459023475647,0.36789917945861816,-0.07843351364135742,0.28567278385162354,0.3897705078125,-0.06914375722408295,sasso
0.26005661487579346,0.5644705891609192,-5.931985924689798e-07,0.3382023572921753,0.44306203722953796,0.04251521825790405,0.36618882417678833,0.3535609245300293,0.049828074872493744,0.38784268498420715,0.285231351852417,0.039098504930734634,0.37081706523895264,0.23625676333904266,0.03182459622621536,0.24367883801460266,0.2520986795425415,0.07866151630878448,0.3233088254928589,0.20979128777980804,0.05012140050530434,0.33903026580810547,0.2888279855251312,0.026791490614414215,0.32011285424232483,0.31826433539390564,0.012644545175135136,0.2189023792743683,0.2583456039428711,0.03518190234899521,0.3231694996356964,0.2213847041130066,0.003390286350622773,0.33580029010772705,0.3148786127567291,-0.01087974850088358,0.30729684233665466,0.34278029203414917,-0.01378555130213499,0.20641422271728516,0.27707982063293457,-0.01238479744642973,0.3112642765045166,0.2527804970741272,-0.043012164533138275,0.3210010528564453,0.3492283523082733,-0.03581366688013077,0.290324330329895,0.3726987838745117,-0.024246644228696823,0.20798778533935547,0.30390670895576477,-0.0582401268184185,0.29241660237312317,0.28701817989349365,-0.07064453512430191,0.29910171031951904,0.3575626611709595,-0.05775605887174606,0.27279457449913025,0.3830621838569641,-0.04509511590003967,sasso
0.2559162378311157,0.5605164766311646,-4.995882818548125e-07,0.33235281705856323,0.44747743010520935,0.03324142098426819,0.3661075234413147,0.3621826469898224,0.03711096942424774,0.38746583461761475,0.2889420986175537,0.024650901556015015,0.36260345578193665,0.23680680990219116,0.01651511900126934,0.25425752997398376,0.2565559148788452,0.07748206704854965,0.32990139722824097,0.220930814743042,0.046316903084516525,0.3395506739616394,0.30031731724739075,0.022219901904463768,0.3175095319747925,0.3212967813014984,0.008665934205055237,0.22676637768745422,0.2610992193222046,0.039252035319805145,0.3222184181213379,0.23021163046360016,0.004937577992677689,0.3301062285900116,0.32374095916748047,-0.010105357505381107,0.30117595195770264,0.3412432372570038,-0.012109586037695408,0.20712947845458984,0.2776029109954834,-0.004234162624925375,0.30243247747421265,0.2559380531311035,-0.038987644016742706,0.309219628572464,0.35152241587638855,-0.031885143369436264,0.27831223607063293,0.36921748518943787,-0.018182920292019844,0.19827386736869812,0.30183935165405273,-0.04643984138965607,0.277515172958374,0.2839811444282532,-0.0605345219373703,0.28193235397338867,0.35273468494415283,-0.04620600491762161,0.253900408744812,0.37606731057167053,-0.03097744844853878,sasso
0.2467956393957138,0.5553224086761475,-3.8995347040327033e-07,0.32349061965942383,0.4635283648967743,0.00794402789324522,0.3656649887561798,0.3793625831604004,0.00415295222774148,0.38181063532829285,0.2994878888130188,-0.010668409056961536,0.35270559787750244,0.24183213710784912,-0.019881408661603928,0.27585944533348083,0.2773931622505188,0.056757502257823944,0.3350672721862793,0.23785370588302612,0.019237199798226357,0.3395783305168152,0.31432750821113586,-0.005806701723486185,0.31430739164352417,0.33422228693962097,-0.01786906085908413,0.24348855018615723,0.2780236303806305,0.03261147439479828,0.31938043236732483,0.23668602108955383,-0.009648393839597702,0.32399582862854004,0.33154305815696716,-0.026301836594939232,0.2918183207511902,0.34632259607315063,-0.026506105437874794,0.21326950192451477,0.2866430878639221,0.0011664853664115071,0.29230087995529175,0.25518685579299927,-0.044618263840675354,0.2979733645915985,0.3511992394924164,-0.03932559862732887,0.264138400554657,0.3686566650867462,-0.022461574524641037,0.18768411874771118,0.3047478497028351,-0.029988974332809448,0.26232510805130005,0.2793405055999756,-0.05235503241419792,0.26881343126296997,0.34791329503059387,-0.03881946951150894,0.2391236424446106,0.3722973167896271,-0.02115762047469616,sasso
0.239481121301651,0.5504529476165771,-3.3996684578596614e-07,0.31657037138938904,0.47413021326065063,-0.003373360028490424,0.36663171648979187,0.3942086696624756,-0.009979684837162495,0.3840692639350891,0.3087168037891388,-0.0249128770083189,0.35386863350868225,0.24975302815437317,-0.03418176248669624,0.2933155596256256,0.2918310761451721,0.04399901255965233,0.3435453176498413,0.2518932819366455,0.008306148461997509,0.3434808850288391,0.3277819752693176,-0.012598139233887196,0.31784355640411377,0.345244824886322,-0.021631771698594093,0.2579091191291809,0.2890644073486328,0.026561278849840164,0.3201966881752014,0.24618832767009735,-0.015034331940114498,0.3195589780807495,0.34181469678878784,-0.030133821070194244,0.28747522830963135,0.3522239029407501,-0.02929951250553131,0.22228221595287323,0.2926141023635864,0.00155899568926543,0.2874903082847595,0.25940975546836853,-0.046295709908008575,0.2886795103549957,0.3563220202922821,-0.040783729404211044,0.2549982964992523,0.37162837386131287,-0.023169342428445816,0.18618839979171753,0.3056972026824951,-0.02346528321504593,0.2544579803943634,0.2773922383785248,-0.04887126013636589,0.26070478558540344,0.34707406163215637,-0.035271286964416504,0.23200282454490662,0.37146106362342834,-0.01699215918779373,sasso
0.19062292575836182,0.5533219575881958,-2.4482088178956474e-07,0.27996861934661865,0.5105856657028198,-0.012217041105031967,0.34340232610702515,0.4309627413749695,-0.01727605052292347,0.3626171350479126,0.33297279477119446,-0.02705724723637104,0.3271692395210266,0.2673531174659729,-0.032026153057813644,0.29260075092315674,0.3378787636756897,0.034343671053647995,0.3364165127277374,0.296065092086792,0.002801483264192939,0.3274722993373871,0.3601924180984497,-0.01542329229414463,0.3007006049156189,0.3721087574958801,-0.023345839232206345,0.2529786229133606,0.3229741156101227,0.023389682173728943,0.3031996488571167,0.2701750695705414,-0.017830848693847656,0.29358410835266113,0.36470144987106323,-0.034476932138204575,0.26355791091918945,0.37462112307548523,-0.03379593789577484,0.2105179876089096,0.3159652054309845,0.0057156323455274105,0.2598591148853302,0.26285630464553833,-0.04591257870197296,0.254379004240036,0.36779963970184326,-0.04048708453774452,0.22230131924152374,0.3848798871040344,-0.021517759189009666,0.1588694155216217,0.3164892792701721,-0.011708434671163559,0.21795031428337097,0.28681308031082153,-0.04395914822816849,0.21676233410835266,0.3605591952800751,-0.0310119166970253,0.18774716556072235,0.37950021028518677,-0.012112455442547798,sasso
0.7258984446525574,0.6258959174156189,-8.371684998564888e-07,0.6371228694915771,0.5654679536819458,-0.016412856057286263,0.5707183480262756,0.4829881489276886,-0.02711070328950882,0.5487725734710693,0.3839530348777771,-0.043580204248428345,0.5772860050201416,0.3037773072719574,-0.05283511057496071,0.6320472955703735,0.34899771213531494,0.035822123289108276,0.5973053574562073,0.29095545411109924,-0.008009185083210468,0.6007611751556396,0.38206565380096436,-0.03409309685230255,0.6232097744941711,0.42354822158813477,-0.044566988945007324,0.6733964085578918,0.34285634756088257,0.02750176377594471,0.6342246532440186,0.273243248462677,-0.019632626324892044,0.6343478560447693,0.3873007297515869,-0.029596230015158653,0.6611214280128479,0.42016249895095825,-0.021394582465291023,0.7181777954101562,0.34705233573913574,0.00889531522989273,0.679456889629364,0.2779928743839264,-0.03654611483216286,0.6738035678863525,0.3860896825790405,-0.021088629961013794,0.6990655064582825,0.4177062511444092,0.005222734529525042,0.7712716460227966,0.3617185950279236,-0.012186018750071526,0.7258334159851074,0.3044394254684448,-0.032014816999435425,0.7127802968025208,0.37991592288017273,-0.014195485040545464,0.7320963144302368,0.4119396507740021,0.008092508651316166,sasso
0.7262843251228333,0.6249004006385803,-8.382614282709255e-07,0.6390944719314575,0.5698825120925903,-0.01834654062986374,0.571101725101471,0.4860115945339203,-0.02933511510491371,0.5488678216934204,0.38604724407196045,-0.045403577387332916,0.5788081884384155,0.30793067812919617,-0.05419771373271942,0.6316561698913574,0.3511999845504761,0.032541271299123764,0.5983338356018066,0.29360485076904297,-0.010848264209926128,0.6022844910621643,0.3844980001449585,-0.03570898622274399,0.6234700679779053,0.42593398690223694,-0.045419204980134964,0.6735847592353821,0.34289538860321045,0.02527451328933239,0.6348295211791992,0.2765859067440033,-0.020911863073706627,0.6362382173538208,0.3904365003108978,-0.029267771169543266,0.6622756123542786,0.4229411780834198,-0.020120110362768173,0.7186170220375061,0.34620726108551025,0.007619341369718313,0.6801575422286987,0.2815747857093811,-0.03751338645815849,0.6764339804649353,0.3898221254348755,-0.021653445437550545,0.70107501745224,0.4201607406139374,0.004700913559645414,0.7719047665596008,0.3606973886489868,-0.012609776109457016,0.7265013456344604,0.3083156645298004,-0.033083636313676834,0.7157261371612549,0.38398227095603943,-0.016018494963645935,0.7349923849105835,0.41390562057495117,0.005635318346321583,sasso
0.721938967704773,0.6149537563323975,-8.507750521857815e-07,0.6403194665908813,0.5419813394546509,-0.010319924913346767,0.588505744934082,0.43991196155548096,-0.017573192715644836,0.5744726657867432,0.35063043236732483,-0.03088071383535862,0.6017429828643799,0.2854226231575012,-0.037023477256298065,0.6722081303596497,0.3136753737926483,0.026559969410300255,0.6264540553092957,0.26516324281692505,-0.007492460310459137,0.6161096692085266,0.35772329568862915,-0.02375773712992668,0.635299563407898,0.3909333646297455,-0.031110014766454697,0.711908757686615,0.31608328223228455,0.01528035569936037,0.6562820672988892,0.2636602520942688,-0.024813449010252953,0.6383336782455444,0.3751857280731201,-0.02626366913318634,0.6679399609565735,0.3988896310329437,-0.015958255156874657,0.750465452671051,0.3358500003814697,-0.004220064729452133,0.6946361660957336,0.28667932748794556,-0.043558020144701004,0.6724610924720764,0.38933420181274414,-0.021806225180625916,0.7013468146324158,0.41274216771125793,0.004713180474936962,0.7881633043289185,0.3679090142250061,-0.026037000119686127,0.7301403880119324,0.3276083767414093,-0.04309488832950592,0.707700252532959,0.3915359079837799,-0.024945804849267006,0.7319010496139526,0.4124554693698883,-0.005098178517073393,sasso
0.7265953421592712,0.6172877550125122,-7.718916208432347e-07,0.6438438296318054,0.5356783270835876,-0.017871588468551636,0.5967441201210022,0.42975282669067383,-0.02970564179122448,0.5793876647949219,0.3439842760562897,-0.04561840742826462,0.6070557236671448,0.28257668018341064,-0.053184617310762405,0.7024089097976685,0.2991454303264618,0.023262621834874153,0.6407613158226013,0.2574084997177124,-0.010549690574407578,0.6280461549758911,0.34475475549697876,-0.02986695058643818,0.6489530801773071,0.3744756877422333,-0.040743570774793625,0.7430482506752014,0.30513378977775574,0.01660076715052128,0.6661660075187683,0.26097336411476135,-0.024819986894726753,0.6450271010398865,0.36505866050720215,-0.029463792219758034,0.6766164898872375,0.38930097222328186,-0.022382717579603195,0.7766929864883423,0.3299010992050171,0.0014493920607492328,0.7016254663467407,0.28811371326446533,-0.03713870048522949,0.674924373626709,0.38195326924324036,-0.017964888364076614,0.7039969563484192,0.4063175618648529,0.00566049525514245,0.8016809225082397,0.36888810992240906,-0.01709452085196972,0.7322794795036316,0.33984726667404175,-0.036222055554389954,0.7075986862182617,0.3950519561767578,-0.02359171025454998,0.7323085069656372,0.41466012597084045,-0.007800017483532429,sasso
0.7352383136749268,0.6396589279174805,-7.97322627477115e-07,0.6517748236656189,0.5368307828903198,-0.016548097133636475,0.6113528609275818,0.4255894720554352,-0.03217039629817009,0.5876598954200745,0.34998178482055664,-0.0508347786962986,0.6119675040245056,0.29617512226104736,-0.061484117060899734,0.7537482976913452,0.29443222284317017,0.008162074722349644,0.6620070934295654,0.2558785080909729,-0.02757689356803894,0.6440111398696899,0.34606197476387024,-0.05091685429215431,0.6664522886276245,0.3772895932197571,-0.06570012867450714,0.7930517792701721,0.3105199635028839,-0.00089780252892524,0.6791437268257141,0.2725008726119995,-0.0416397750377655,0.6564920544624329,0.3751069903373718,-0.0482356920838356,0.6914387941360474,0.40126270055770874,-0.04484504088759422,0.8176652789115906,0.34955817461013794,-0.016348959878087044,0.7081773281097412,0.31324058771133423,-0.05361884459853172,0.6808308362960815,0.40514421463012695,-0.034511812031269073,0.714009702205658,0.42938971519470215,-0.013168535195291042,0.8239065408706665,0.4020266532897949,-0.03508168086409569,0.7354180216789246,0.3801119327545166,-0.057352449744939804,0.7107649445533752,0.4336036741733551,-0.04526530206203461,0.7372431755065918,0.45543771982192993,-0.029478346928954124,sasso
0.7434989809989929,0.6949632167816162,-8.52621155900124e-07,0.6692303419113159,0.5807865262031555,-0.02591681480407715,0.6320523023605347,0.4677852392196655,-0.05244096741080284,0.6052922010421753,0.389729380607605,-0.07874223589897156,0.6329789757728577,0.35041290521621704,-0.09713586419820786,0.8019381165504456,0.3233731687068939,-0.020429007709026337,0.6901698112487793,0.2830945551395416,-0.06403545290231705,0.6653963923454285,0.37477532029151917,-0.0911344513297081,0.6876058578491211,0.4068737030029297,-0.1078372374176979,0.8444360494613647,0.3615676164627075,-0.027846913784742355,0.7056188583374023,0.3336350917816162,-0.06759434938430786,0.6797944903373718,0.43227970600128174,-0.07214221358299255,0.7106308341026306,0.4566028118133545,-0.07037001103162766,0.8632606863975525,0.42504817247390747,-0.041242413222789764,0.7286941409111023,0.3979937434196472,-0.07610270380973816,0.6987714767456055,0.48267537355422974,-0.05673819035291672,0.729195237159729,0.5060000419616699,-0.038539860397577286,0.8598790764808655,0.5001667141914368,-0.05850739777088165,0.7494816184043884,0.47755762934684753,-0.08053314685821533,0.7226170897483826,0.527000367641449,-0.06904437392950058,0.7467257976531982,0.5514051914215088,-0.054367709904909134,sasso
0.7575385570526123,0.7763295769691467,-7.682240834583354e-07,0.6752086877822876,0.6325125694274902,-0.02853032760322094,0.6288524270057678,0.5119404792785645,-0.06101424619555473,0.5987334251403809,0.435485303401947,-0.09234669804573059,0.6245102882385254,0.4314444959163666,-0.11435425281524658,0.8222944140434265,0.370341420173645,-0.045044802129268646,0.6776552200317383,0.3468164801597595,-0.09327168017625809,0.6591748595237732,0.4347086250782013,-0.11744779348373413,0.6906872391700745,0.458560049533844,-0.13248835504055023,0.8567104339599609,0.4333990514278412,-0.05864398181438446,0.6763198971748352,0.4244348108768463,-0.10557128489017487,0.6694638729095459,0.5070472955703735,-0.10772442072629929,0.711588442325592,0.5213479995727539,-0.10499365627765656,0.8641602993011475,0.520122766494751,-0.07801246643066406,0.6929285526275635,0.5091605186462402,-0.11634384840726852,0.6865965127944946,0.5766584873199463,-0.09623456746339798,0.72666335105896,0.5883913040161133,-0.0785374715924263,0.8507536053657532,0.6188054084777832,-0.10216860473155975,0.7192850112915039,0.611696183681488,-0.12618479132652283,0.7132232785224915,0.648558497428894,-0.11731930822134018,0.746173620223999,0.6592025756835938,-0.10507705807685852,sasso
0.7477602958679199,0.8356443047523499,-3.719399330748274e-07,0.6768189072608948,0.6573096513748169,-0.03759831190109253,0.6377554535865784,0.5389005541801453,-0.09040756523609161,0.5842891335487366,0.46972233057022095,-0.13718676567077637,0.5437667965888977,0.4523591697216034,-0.1782059520483017,0.80054771900177,0.45095959305763245,-0.12574441730976105,0.6237990260124207,0.4410807490348816,-0.18098820745944977,0.6110835075378418,0.5222584009170532,-0.19730104506015778,0.6535735726356506,0.5433726906776428,-0.206673264503479,0.8239816427230835,0.5520840287208557,-0.1402408927679062,0.6201264262199402,0.5453894138336182,-0.1918162703514099,0.6188911199569702,0.6022577285766602,-0.18419644236564636,0.6698613166809082,0.6071900129318237,-0.1798250675201416,0.8142244815826416,0.6681156158447266,-0.15547366440296173,0.6251409649848938,0.6477637887001038,-0.1961883008480072,0.6227798461914062,0.6855805516242981,-0.1658337414264679,0.6725616455078125,0.6954567432403564,-0.14555147290229797,0.7855921983718872,0.7784136533737183,-0.1741975098848343,0.6442081928253174,0.7481812238693237,-0.20496180653572083,0.6400206089019775,0.7501551508903503,-0.19171291589736938,0.6798572540283203,0.7473434805870056,-0.17892764508724213,sasso
0.7033483386039734,0.7906088829040527,-1.0895826818568821e-07,0.6763103604316711,0.6229118704795837,-0.041996464133262634,0.6369667053222656,0.526419460773468,-0.09989244490861893,0.566336989402771,0.4947449266910553,-0.14966557919979095,0.515411376953125,0.5186855792999268,-0.19573281705379486,0.7923765778541565,0.5333412289619446,-0.1358361840248108,0.5978507399559021,0.4873933792114258,-0.1848025768995285,0.5773563385009766,0.5364131331443787,-0.19969849288463593,0.6202141046524048,0.5528819561004639,-0.20937250554561615,0.7953635454177856,0.6469454765319824,-0.1475895792245865,0.5788496732711792,0.5956390500068665,-0.18043071031570435,0.5895723700523376,0.6297358870506287,-0.16628706455230713,0.64579838514328,0.6329596042633057,-0.16286888718605042,0.7689351439476013,0.7577587962150574,-0.15964514017105103,0.5669206976890564,0.7027148008346558,-0.17821751534938812,0.5783923268318176,0.7117438912391663,-0.14020313322544098,0.6280408501625061,0.7102550864219666,-0.1215248852968216,0.7271504402160645,0.8512675166130066,-0.17760199308395386,0.5682745575904846,0.7985966801643372,-0.19543153047561646,0.5842068791389465,0.7864562273025513,-0.17737627029418945,0.6350008249282837,0.7753911018371582,-0.16546808183193207,sasso
0.7218636274337769,0.8372114300727844,1.4820905391843553e-07,0.7007049918174744,0.6465890407562256,-0.03720478340983391,0.6637609004974365,0.5236755609512329,-0.11443405598402023,0.588471531867981,0.4769718647003174,-0.18342266976833344,0.5193577408790588,0.4675642251968384,-0.25178250670433044,0.7966988682746887,0.5317177772521973,-0.2047642022371292,0.6048011779785156,0.47191429138183594,-0.2514001131057739,0.5745398998260498,0.5291363000869751,-0.24195536971092224,0.6098276376724243,0.5677739977836609,-0.23291215300559998,0.7805459499359131,0.6579192280769348,-0.22188341617584229,0.5728099346160889,0.5888544917106628,-0.2539055049419403,0.5804725289344788,0.624849259853363,-0.21004998683929443,0.6393091678619385,0.639629602432251,-0.1847602277994156,0.7370771765708923,0.7762093544006348,-0.2337723821401596,0.5502866506576538,0.7012463808059692,-0.24870090186595917,0.5619620680809021,0.7098262310028076,-0.18544259667396545,0.6202103495597839,0.7210769057273865,-0.1514003425836563,0.6867742538452148,0.8693195581436157,-0.24920623004436493,0.5522489547729492,0.7888885736465454,-0.26997482776641846,0.5611714124679565,0.766791820526123,-0.24100658297538757,0.6081063747406006,0.7714886665344238,-0.22030633687973022,sasso
0.6816431879997253,0.8090816140174866,1.7624132153670757e-09,0.6752762794494629,0.6486914157867432,-0.03691559657454491,0.6321645379066467,0.5268555879592896,-0.09106092154979706,0.5534217953681946,0.47738420963287354,-0.1365695297718048,0.49656015634536743,0.4875456988811493,-0.18112844228744507,0.7217411994934082,0.5418167114257812,-0.15838779509067535,0.5518664121627808,0.47885435819625854,-0.20020200312137604,0.5388623476028442,0.5318890810012817,-0.19347527623176575,0.5727702975273132,0.5636178255081177,-0.18489640951156616,0.7107968330383301,0.6594327688217163,-0.1658739447593689,0.5288801193237305,0.582640528678894,-0.21122218668460846,0.5368265509605408,0.616633951663971,-0.19231075048446655,0.580176055431366,0.6346120834350586,-0.17986047267913818,0.6762816905975342,0.7612327337265015,-0.16940852999687195,0.5122634172439575,0.6741440296173096,-0.20820660889148712,0.5245598554611206,0.6893042922019958,-0.1780284196138382,0.5714294910430908,0.7059701085090637,-0.15697014331817627,0.631121814250946,0.8399852514266968,-0.17327703535556793,0.5071564316749573,0.746651291847229,-0.2067049890756607,0.5195246934890747,0.739415168762207,-0.19320444762706757,0.5636298656463623,0.7516757249832153,-0.1803007423877716,sasso
0.684897780418396,0.7267873287200928,2.9615030427976308e-08,0.6731811165809631,0.6025884747505188,-0.021450599655508995,0.6337663531303406,0.5093594789505005,-0.07530113309621811,0.5690536499023438,0.46670904755592346,-0.12397465854883194,0.5213538408279419,0.45338964462280273,-0.17290741205215454,0.7015402317047119,0.4774601459503174,-0.14793141186237335,0.560249924659729,0.4405258893966675,-0.18798217177391052,0.5592949390411377,0.48717963695526123,-0.1818288266658783,0.592502772808075,0.509299635887146,-0.1739547848701477,0.6974149346351624,0.5694906115531921,-0.1622602492570877,0.5389634370803833,0.5183255672454834,-0.2021544873714447,0.5561118721961975,0.5588822960853577,-0.17867234349250793,0.5947768092155457,0.5757883787155151,-0.16378290951251984,0.6724726557731628,0.6562316417694092,-0.17188812792301178,0.5261229276657104,0.5935261845588684,-0.20210473239421844,0.5474621057510376,0.6241346597671509,-0.1673012226819992,0.5897190570831299,0.6425011157989502,-0.14688433706760406,0.6384526491165161,0.7278691530227661,-0.18097959458827972,0.5246647000312805,0.6590885519981384,-0.20719294250011444,0.5445758700370789,0.6710835695266724,-0.19047410786151886,0.5867053270339966,0.6895984411239624,-0.1778492033481598,sasso
0.6651195883750916,0.6820063591003418,-2.309949422851787e-07,0.6388765573501587,0.5665370225906372,-0.01731194369494915,0.6130610108375549,0.48122739791870117,-0.05235156789422035,0.5666056871414185,0.43902090191841125,-0.08438192307949066,0.524176299571991,0.42384693026542664,-0.11506418138742447,0.7052347660064697,0.45747920870780945,-0.08905002474784851,0.5858127474784851,0.42264193296432495,-0.11788242310285568,0.5617384910583496,0.46439772844314575,-0.11653940379619598,0.5794820189476013,0.4917661249637604,-0.11348528414964676,0.7071141600608826,0.5298967957496643,-0.09962986409664154,0.5694540143013,0.4923768937587738,-0.12521089613437653,0.5617322325706482,0.5286369919776917,-0.1086016297340393,0.5893579125404358,0.5415148138999939,-0.09779734909534454,0.6884826421737671,0.6027412414550781,-0.1087762713432312,0.5579729676246643,0.562124490737915,-0.1267138570547104,0.5560880899429321,0.5818876624107361,-0.09916424006223679,0.5850225687026978,0.5906948447227478,-0.08276676386594772,0.6597448587417603,0.6673474907875061,-0.11902198940515518,0.5581550002098083,0.6248924136161804,-0.13578443229198456,0.5536805987358093,0.6231927871704102,-0.12373343855142593,0.5753158330917358,0.6254881024360657,-0.11380621790885925,sasso
0.6739733219146729,0.6729509830474854,-1.864751340008297e-07,0.6458615660667419,0.5656692385673523,-0.018340561538934708,0.6192766427993774,0.4866796135902405,-0.05021902546286583,0.5736001133918762,0.4505840539932251,-0.07859828323125839,0.5365058183670044,0.451712429523468,-0.10519052296876907,0.7061312198638916,0.46110448241233826,-0.08208224922418594,0.5955333709716797,0.4323252737522125,-0.10934652388095856,0.5759317874908447,0.4752517342567444,-0.11043607443571091,0.5933470129966736,0.5012854933738708,-0.11027279496192932,0.7086495161056519,0.5247867703437805,-0.09118042141199112,0.5818486213684082,0.49545350670814514,-0.117047980427742,0.5815211534500122,0.5305380821228027,-0.10660330206155777,0.6101794242858887,0.5426303744316101,-0.10091092437505722,0.6926871538162231,0.5906688570976257,-0.0991903692483902,0.5735965967178345,0.5599163174629211,-0.11777384579181671,0.5788271427154541,0.582110583782196,-0.09797324240207672,0.609567403793335,0.5896645784378052,-0.08711020648479462,0.6677597761154175,0.6504441499710083,-0.10835816711187363,0.575670599937439,0.6176944375038147,-0.12441041320562363,0.5751674771308899,0.6216298341751099,-0.116274893283844,0.597416877746582,0.6244449615478516,-0.11027898639440536,sasso
0.6692309379577637,0.6790795922279358,-2.408217483207409e-07,0.6361144781112671,0.5736443996429443,-0.01684667356312275,0.6131528615951538,0.4973745346069336,-0.043299876153469086,0.5728583931922913,0.46602630615234375,-0.06735055893659592,0.5390698909759521,0.4784456193447113,-0.089363694190979,0.7012470364570618,0.46387985348701477,-0.06523894518613815,0.5942096710205078,0.4403584897518158,-0.09139052033424377,0.5727100968360901,0.48267343640327454,-0.09534033387899399,0.5869699120521545,0.5101373791694641,-0.09686890244483948,0.705541729927063,0.5216395258903503,-0.07420848309993744,0.5827770829200745,0.501118004322052,-0.09952637553215027,0.5817051529884338,0.5355572700500488,-0.09378509223461151,0.608529806137085,0.5482559204101562,-0.09085254371166229,0.6928105354309082,0.5836970806121826,-0.08306190371513367,0.5766557455062866,0.559964120388031,-0.10279180109500885,0.5807694792747498,0.5849247574806213,-0.08848163485527039,0.6104814410209656,0.5931069254875183,-0.08002343028783798,0.6702382564544678,0.642623782157898,-0.09319103509187698,0.5806379318237305,0.6134325265884399,-0.10873768478631973,0.5774025321006775,0.6203705072402954,-0.10257400572299957,0.5972625017166138,0.6250864267349243,-0.09734984487295151,sasso
0.6563972234725952,0.6788147687911987,-3.3957758205360733e-07,0.614130437374115,0.5882962942123413,-0.015833916142582893,0.5920034646987915,0.5138542652130127,-0.03518649563193321,0.5614748597145081,0.47877323627471924,-0.05273915082216263,0.5361893177032471,0.49138912558555603,-0.0672176405787468,0.6844803094863892,0.4555699825286865,-0.04347624257206917,0.5847256779670715,0.4411257803440094,-0.06692984700202942,0.5618706941604614,0.4816960096359253,-0.07214225083589554,0.5692844986915588,0.510169267654419,-0.07403326779603958,0.6966633200645447,0.5004421472549438,-0.05053013563156128,0.584143877029419,0.4961859881877899,-0.07465871423482895,0.5817114114761353,0.5339677333831787,-0.0726659893989563,0.6037442088127136,0.5451608300209045,-0.07060161232948303,0.6921458840370178,0.5549889206886292,-0.05870715528726578,0.5853291749954224,0.5496297478675842,-0.07819507271051407,0.587709367275238,0.5809139609336853,-0.06840246915817261,0.6125372052192688,0.5858587622642517,-0.06145626679062843,0.6758167147636414,0.6119263172149658,-0.06836038827896118,0.5934308767318726,0.6028529405593872,-0.08214545994997025,0.593222439289093,0.6188133955001831,-0.07787882536649704,0.6143297553062439,0.6209588646888733,-0.07320199906826019,sasso
0.6388723254203796,0.6837172508239746,-4.3013824324589223e-07,0.5816308856010437,0.6102523803710938,-0.020306892693042755,0.5519707798957825,0.5428869724273682,-0.03835075721144676,0.5331803560256958,0.4963018298149109,-0.055027369409799576,0.5460464358329773,0.49063923954963684,-0.06632077693939209,0.6534516215324402,0.44555389881134033,-0.021797217428684235,0.5776520371437073,0.43369004130363464,-0.048091430217027664,0.5657416582107544,0.4869712293148041,-0.060147322714328766,0.5801481604576111,0.5038985013961792,-0.06667089462280273,0.677573025226593,0.47645440697669983,-0.026024270802736282,0.5858455300331116,0.4775884449481964,-0.05298476293683052,0.5781875252723694,0.5278182625770569,-0.054099924862384796,0.5979190468788147,0.5378220677375793,-0.05115429311990738,0.6862074136734009,0.5213819146156311,-0.034305084496736526,0.59771728515625,0.5246521830558777,-0.06012652814388275,0.591142475605011,0.5668478012084961,-0.05094576254487038,0.6112184524536133,0.5753281712532043,-0.04033467546105385,0.6828747391700745,0.571962833404541,-0.04512728378176689,0.611150324344635,0.5761955380439758,-0.061548225581645966,0.6043154001235962,0.6026240587234497,-0.05756891146302223,0.6207367777824402,0.6111154556274414,-0.05028805136680603,sasso
0.6286872029304504,0.6761026978492737,-4.823218091587478e-07,0.571403443813324,0.6172982454299927,-0.01902877166867256,0.5379223823547363,0.5509300827980042,-0.03379986062645912,0.5199345350265503,0.4993967115879059,-0.048046767711639404,0.5428417921066284,0.48952072858810425,-0.056676097214221954,0.6227701306343079,0.4444727897644043,-0.008157419040799141,0.5667046308517456,0.4352840483188629,-0.033332765102386475,0.5598452091217041,0.4936120808124542,-0.046881236135959625,0.5731889605522156,0.5096262097358704,-0.05439898744225502,0.6546470522880554,0.46146315336227417,-0.01117925625294447,0.5865706205368042,0.4670585095882416,-0.035330817103385925,0.5780413150787354,0.528517484664917,-0.0355488546192646,0.5946347117424011,0.5384067893028259,-0.03084348328411579,0.6754723191261292,0.4954870641231537,-0.019109470769762993,0.6076944470405579,0.5024634003639221,-0.04229044169187546,0.5961592197418213,0.5555708408355713,-0.030559487640857697,0.6129603385925293,0.56406569480896,-0.01719370111823082,0.6849722862243652,0.5384787321090698,-0.029848109930753708,0.6268724203109741,0.5473514795303345,-0.04239986836910248,0.6154527068138123,0.58077472448349,-0.03526804968714714,0.6288380026817322,0.5893750786781311,-0.02562449686229229,sasso
0.6253077387809753,0.6654460430145264,-5.302160275277856e-07,0.567859947681427,0.6149794459342957,-0.014548972249031067,0.5338154435157776,0.5504645109176636,-0.025644827634096146,0.5221413373947144,0.49505114555358887,-0.03809495270252228,0.5480136275291443,0.4745963215827942,-0.044873904436826706,0.6045297384262085,0.44975414872169495,0.0037581147626042366,0.5622379183769226,0.4294319450855255,-0.02093864604830742,0.5544806122779846,0.49041318893432617,-0.03428500518202782,0.5662721991539001,0.5107767581939697,-0.04156813398003578,0.6381405591964722,0.45489585399627686,-0.0006994450814090669,0.5852915048599243,0.45034700632095337,-0.02606249786913395,0.5762118101119995,0.5203660726547241,-0.02613498456776142,0.5941784977912903,0.5314779281616211,-0.019945230334997177,0.6649191379547119,0.47724905610084534,-0.010616528801620007,0.6121195554733276,0.4751549959182739,-0.03468478471040726,0.6012175679206848,0.5364009737968445,-0.02159786783158779,0.6196228861808777,0.5452602505683899,-0.00649457098916173,0.6829313635826111,0.5115116834640503,-0.023051634430885315,0.6340173482894897,0.5156158208847046,-0.03601312264800072,0.6235218048095703,0.5529943108558655,-0.02810874953866005,0.639290452003479,0.5605818629264832,-0.017799796536564827,sasso
0.6321078538894653,0.6520966291427612,-5.29401575022348e-07,0.5734127163887024,0.6079069972038269,-0.01333240233361721,0.53467857837677,0.544130265712738,-0.02228286862373352,0.5239022970199585,0.48386889696121216,-0.03357461839914322,0.5491163730621338,0.44930148124694824,-0.03888827934861183,0.594746470451355,0.44612905383110046,0.012336265295743942,0.5620077848434448,0.42174848914146423,-0.013691931031644344,0.5587752461433411,0.484720379114151,-0.026839228346943855,0.5710445642471313,0.5065090656280518,-0.033117618411779404,0.6271514892578125,0.4459129273891449,0.007343432866036892,0.5858042240142822,0.4268675446510315,-0.021354850381612778,0.5780898332595825,0.501177191734314,-0.02257964387536049,0.595477283000946,0.5154258608818054,-0.015398669056594372,0.6563760042190552,0.45890742540359497,-0.0039509995840489864,0.6144003868103027,0.44862526655197144,-0.03040705993771553,0.6047326326370239,0.5158461332321167,-0.016916541382670403,0.6221425533294678,0.5257248878479004,-8.949418406700715e-05,0.6820467710494995,0.48400574922561646,-0.017700230702757835,0.6408944129943848,0.4818766713142395,-0.030031871050596237,0.6309493780136108,0.5234971642494202,-0.02098005637526512,0.6465486884117126,0.5301160216331482,-0.009706987999379635,sasso
0.6485394835472107,0.6228243112564087,-5.244459657660627e-07,0.5858652591705322,0.5925627946853638,-0.009654476307332516,0.538544774055481,0.5348033308982849,-0.01641690358519554,0.528643786907196,0.4667164087295532,-0.02830865979194641,0.5515780448913574,0.4120270013809204,-0.03616022318601608,0.5743676424026489,0.4458799660205841,0.025193292647600174,0.5532020330429077,0.40006065368652344,-0.004283105954527855,0.5538960099220276,0.45073944330215454,-0.01905645616352558,0.5657445192337036,0.47573235630989075,-0.02366255410015583,0.6031896471977234,0.4397076666355133,0.017343293875455856,0.5794649124145508,0.3957555294036865,-0.01664022170007229,0.5810595750808716,0.47149917483329773,-0.02211032435297966,0.5958808660507202,0.492255836725235,-0.01382777001708746,0.6346219778060913,0.4413045644760132,0.002318752696737647,0.6090874671936035,0.40169769525527954,-0.031806398183107376,0.609239399433136,0.47595667839050293,-0.021765196695923805,0.6239035725593567,0.49397534132003784,-0.002677951706573367,0.6707006692886353,0.451165109872818,-0.014089101925492287,0.6408546566963196,0.42247432470321655,-0.030237171798944473,0.6369974613189697,0.4716376066207886,-0.01964396797120571,0.6505021452903748,0.48673737049102783,-0.004900009371340275,sasso
0.6569747924804688,0.5955690145492554,-5.005157390769455e-07,0.5956631302833557,0.5694347023963928,-0.015088575892150402,0.5435271263122559,0.5153754353523254,-0.022232331335544586,0.5271792411804199,0.44628971815109253,-0.03311216086149216,0.5498295426368713,0.38844579458236694,-0.038775473833084106,0.5716971755027771,0.4320678114891052,0.024909185245633125,0.5505771636962891,0.38768094778060913,-0.006234784610569477,0.5577032566070557,0.4463775157928467,-0.02260546199977398,0.5714535117149353,0.46850425004959106,-0.027841946110129356,0.5991469025611877,0.42137542366981506,0.020880645141005516,0.576921284198761,0.37481918931007385,-0.013414212502539158,0.5841134786605835,0.44998860359191895,-0.01930997706949711,0.5999820828437805,0.46667513251304626,-0.011096689850091934,0.62958163022995,0.41744738817214966,0.008818116970360279,0.6071364879608154,0.3695734441280365,-0.02440696582198143,0.6104186773300171,0.44245195388793945,-0.014296733774244785,0.6248091459274292,0.45934176445007324,0.00506120128557086,0.6659842729568481,0.4195886254310608,-0.005348776001483202,0.6408650875091553,0.38641002774238586,-0.019506096839904785,0.6377823352813721,0.43510401248931885,-0.0087588494643569,0.6489235758781433,0.4504719376564026,0.006014007143676281,sasso
0.6538876891136169,0.5918675065040588,-5.293261438055197e-07,0.5912783741950989,0.5614827871322632,-0.010570081882178783,0.5445756316184998,0.5067276358604431,-0.01635166071355343,0.5321665406227112,0.44057953357696533,-0.026759447529911995,0.5527029037475586,0.3842964768409729,-0.0329168476164341,0.5776147246360779,0.419562429189682,0.028336312621831894,0.554390549659729,0.3800891935825348,-0.0015939866425469518,0.5586703419685364,0.4378933012485504,-0.01810036413371563,0.5735012292861938,0.4611423909664154,-0.023778036236763,0.6056409478187561,0.41146600246429443,0.021607261151075363,0.5809826254844666,0.3664819896221161,-0.011588919907808304,0.5851666927337646,0.44141635298728943,-0.018541431054472923,0.6021600961685181,0.4596399664878845,-0.011482377536594868,0.6368306279182434,0.4112538993358612,0.007451341021806002,0.610029399394989,0.3687128722667694,-0.026041895151138306,0.6121025681495667,0.4416981339454651,-0.017266279086470604,0.6281154155731201,0.459015429019928,0.0009911594679579139,0.6737930774688721,0.4180332124233246,-0.008158877491950989,0.6410945653915405,0.38979896903038025,-0.023997973650693893,0.6390947699546814,0.44018954038619995,-0.013637429103255272,0.6539946794509888,0.45586419105529785,0.0010581036331132054,sasso
0.6487873792648315,0.6012424826622009,-5.157311875336745e-07,0.5897379517555237,0.5458625555038452,-0.013925822451710701,0.5563676357269287,0.4816608428955078,-0.0259531382471323,0.5376906991004944,0.4323442876338959,-0.03885801136493683,0.5552140474319458,0.40996411442756653,-0.04619567096233368,0.641069769859314,0.38079988956451416,-0.0020178721752017736,0.5801128149032593,0.3648679554462433,-0.026420744135975838,0.5736933946609497,0.4225921034812927,-0.039927732199430466,0.5870915651321411,0.4430142641067505,-0.0472339428961277,0.6657439470291138,0.3923128545284271,-0.006411596201360226,0.5924765467643738,0.3860607445240021,-0.033282335847616196,0.5862088203430176,0.45007002353668213,-0.03555763140320778,0.6054849028587341,0.46469414234161377,-0.03134649246931076,0.681327223777771,0.4191821813583374,-0.015092065557837486,0.6109184622764587,0.4161553978919983,-0.03989909961819649,0.6029885411262512,0.4708336591720581,-0.02869170904159546,0.6221226453781128,0.482557088136673,-0.014916699379682541,0.6867161393165588,0.455060213804245,-0.026042575016617775,0.6310094594955444,0.45913273096084595,-0.04010516777634621,0.6230334639549255,0.49115049839019775,-0.03382216766476631,0.6393503546714783,0.49926912784576416,-0.02440924383699894,sasso
0.6577436923980713,0.6137191653251648,-4.2606217220964027e-07,0.6007508039474487,0.5481520891189575,-0.010761021636426449,0.5743734240531921,0.486204594373703,-0.025458332151174545,0.5549896359443665,0.44419655203819275,-0.04022527113556862,0.5575594305992126,0.4168766438961029,-0.050600770860910416,0.664108157157898,0.3898359537124634,-0.015881940722465515,0.5891299843788147,0.3750596046447754,-0.03965180739760399,0.5816905498504639,0.425773024559021,-0.051368068903684616,0.5966461300849915,0.44308212399482727,-0.05774674192070961,0.6830191016197205,0.4136900007724762,-0.022790594026446342,0.5937819480895996,0.4092184901237488,-0.04542969539761543,0.5892935395240784,0.4592028260231018,-0.045902494341135025,0.6087802052497864,0.4695264399051666,-0.04386131092905998,0.6873956322669983,0.45101743936538696,-0.03255503624677658,0.6021127700805664,0.44896963238716125,-0.05320591852068901,0.5975645780563354,0.493671178817749,-0.042813874781131744,0.6163178086280823,0.5015025734901428,-0.03340359032154083,0.6798509359359741,0.4943073093891144,-0.043914493173360825,0.6121163964271545,0.49880462884902954,-0.05771257355809212,0.6082391142845154,0.5280252695083618,-0.0529743991792202,0.6249618530273438,0.5341311693191528,-0.0463113896548748,sasso
0.6628791689872742,0.634447455406189,-3.9107797533688426e-07,0.6097920536994934,0.5638783574104309,-0.009579277597367764,0.5857471823692322,0.4980465769767761,-0.023926177993416786,0.563632071018219,0.4558199942111969,-0.03872554004192352,0.5465988516807556,0.44012197852134705,-0.04933412745594978,0.6723809838294983,0.40943947434425354,-0.017584821209311485,0.5877649784088135,0.3927566409111023,-0.04387442767620087,0.5835148096084595,0.44024857878685,-0.05664324760437012,0.6026554703712463,0.45796892046928406,-0.06315217167139053,0.6854036450386047,0.4358043074607849,-0.02621464431285858,0.5860382318496704,0.4296940267086029,-0.05164904519915581,0.5873666405677795,0.47323548793792725,-0.05279351770877838,0.6091215014457703,0.4821397066116333,-0.051428891718387604,0.683925211429596,0.47392699122428894,-0.03776580095291138,0.5902746319770813,0.46991220116615295,-0.05960873141884804,0.5920778512954712,0.5106098055839539,-0.04941479489207268,0.6129403710365295,0.5175635814666748,-0.04027803987264633,0.6722778677940369,0.5180763602256775,-0.051133256405591965,0.5991093516349792,0.5219303965568542,-0.06552764773368835,0.5982118844985962,0.54674232006073,-0.061968423426151276,0.6156026124954224,0.5498531460762024,-0.056572165340185165,sasso
0.6657508611679077,0.6579694747924805,-3.162817279189767e-07,0.626420795917511,0.579899251461029,-0.00878982525318861,0.6001488566398621,0.5116630792617798,-0.0265493281185627,0.5660481452941895,0.4732568562030792,-0.04440399631857872,0.5485330820083618,0.47372353076934814,-0.059074196964502335,0.6766722798347473,0.4285659193992615,-0.028441008180379868,0.5843625068664551,0.41190093755722046,-0.05426638945937157,0.5795729756355286,0.4551679790019989,-0.06586073338985443,0.5991065502166748,0.47114431858062744,-0.07170422375202179,0.6829553842544556,0.4658854305744171,-0.037365254014730453,0.5794986486434937,0.45685747265815735,-0.06145307421684265,0.5852592587471008,0.4941999614238739,-0.06187843903899193,0.6083037257194519,0.5020292401313782,-0.06118464097380638,0.676604151725769,0.5120734572410583,-0.04770248010754585,0.5786012411117554,0.500612735748291,-0.06719362735748291,0.5844383835792542,0.5340420007705688,-0.056573186069726944,0.607134997844696,0.5399761199951172,-0.04812243580818176,0.660673975944519,0.5621646642684937,-0.05916265770792961,0.5836529731750488,0.5488681793212891,-0.0705566257238388,0.5875816941261292,0.5685239434242249,-0.06420481950044632,0.6085881590843201,0.5728251338005066,-0.057744674384593964,sasso
0.661532998085022,0.667251706123352,-2.5587894469936145e-07,0.6394683122634888,0.5810086727142334,-0.007508902810513973,0.6101484298706055,0.5027490854263306,-0.025150934234261513,0.5656159520149231,0.46659186482429504,-0.042160514742136,0.5339246988296509,0.4756111800670624,-0.05724748596549034,0.6708202362060547,0.4594828486442566,-0.03872110694646835,0.5787875056266785,0.4384717345237732,-0.06254246085882187,0.5710974335670471,0.47745808959007263,-0.06950366497039795,0.5891237854957581,0.49488046765327454,-0.07220929116010666,0.6700037717819214,0.5072399377822876,-0.04827713593840599,0.567963182926178,0.48635390400886536,-0.07182686775922775,0.5733049511909485,0.5202969908714294,-0.06937531381845474,0.5964990854263306,0.5304870009422302,-0.06692910939455032,0.6574875712394714,0.5582958459854126,-0.058052316308021545,0.5614104270935059,0.5332692265510559,-0.07819720357656479,0.5703680515289307,0.5616979598999023,-0.06781834363937378,0.5966360569000244,0.5688835978507996,-0.05943354219198227,0.6381381154060364,0.6082011461257935,-0.06791595369577408,0.5624662637710571,0.578139066696167,-0.08112851530313492,0.5696528553962708,0.5935482978820801,-0.07520727068185806,0.5936701893806458,0.6013229489326477,-0.06921617686748505,sasso
0.6546604037284851,0.6893237233161926,-2.646950179041596e-07,0.6490548253059387,0.6044001579284668,-0.005564267281442881,0.6235612630844116,0.515067458152771,-0.022051390260457993,0.5741219520568848,0.4703516364097595,-0.03721896559000015,0.5332810878753662,0.4769412577152252,-0.05250340700149536,0.6659300327301025,0.49587276577949524,-0.05094875395298004,0.5736387372016907,0.4568895399570465,-0.0703323632478714,0.5548850893974304,0.487383633852005,-0.07060898095369339,0.5628328323364258,0.5107842683792114,-0.06896983087062836,0.6563440561294556,0.5476658940315247,-0.060151610523462296,0.5564602017402649,0.5080640316009521,-0.08045157790184021,0.5567806363105774,0.5379562973976135,-0.07455602288246155,0.576852560043335,0.556607723236084,-0.07125305384397507,0.6364269852638245,0.5989225506782532,-0.06770118325948715,0.5416409969329834,0.5536458492279053,-0.08737955242395401,0.5487910509109497,0.5811243653297424,-0.0767398327589035,0.5731146931648254,0.5997312068939209,-0.06901496648788452,0.6099740862846375,0.6459095478057861,-0.0742856115102768,0.5365607142448425,0.5998890399932861,-0.09022598713636398,0.5442340970039368,0.6143584847450256,-0.0854075700044632,0.5674124956130981,0.6278954744338989,-0.08079580217599869,sasso
0.634708046913147,0.7152898907661438,-2.754517538505752e-07,0.6384782791137695,0.6314359307289124,0.002013708930462599,0.6169373393058777,0.5430310964584351,-0.013443334959447384,0.5677175521850586,0.4965691864490509,-0.02700764685869217,0.5284696221351624,0.49507641792297363,-0.04177870973944664,0.6428309679031372,0.5293931365013123,-0.0630081444978714,0.5579605102539062,0.46889230608940125,-0.07453573495149612,0.5398592948913574,0.4934212267398834,-0.0662027969956398,0.5444557666778564,0.5132259130477905,-0.0595211535692215,0.6204678416252136,0.5790988802909851,-0.07391742616891861,0.5325299501419067,0.5173482298851013,-0.08591010421514511,0.5339717268943787,0.5477094650268555,-0.07188033312559128,0.554882287979126,0.568824827671051,-0.06450913846492767,0.592214822769165,0.6243696212768555,-0.08039966225624084,0.5147402882575989,0.5614237785339355,-0.09143012762069702,0.5251100659370422,0.588721752166748,-0.07362459599971771,0.5482865571975708,0.6092175841331482,-0.06380021572113037,0.561310350894928,0.6653355360031128,-0.08497468382120132,0.5064647793769836,0.6039358973503113,-0.09551510214805603,0.5188554525375366,0.6228765845298767,-0.08417259156703949,0.5394680500030518,0.6417028307914734,-0.07640501856803894,sasso
0.6036990284919739,0.7201804518699646,-1.7230935611678433e-07,0.623839259147644,0.643098771572113,-0.0035024378448724747,0.6101182699203491,0.546876072883606,-0.01694875955581665,0.5617772340774536,0.49293869733810425,-0.027664154767990112,0.5179485082626343,0.49584531784057617,-0.038398902863264084,0.6247231364250183,0.5533789992332458,-0.051785942167043686,0.5591841340065002,0.4823691248893738,-0.06851226836442947,0.5594926476478577,0.5076927542686462,-0.07198415696620941,0.5740193724632263,0.5283807516098022,-0.07257019728422165,0.5899592041969299,0.5981848835945129,-0.05883481726050377,0.5275243520736694,0.5147027969360352,-0.07216302305459976,0.5341288447380066,0.54054856300354,-0.0651668831706047,0.5503175258636475,0.5673835277557373,-0.06106124818325043,0.5534529685974121,0.6328569054603577,-0.06325389444828033,0.5038477182388306,0.5490223169326782,-0.07288680225610733,0.5151335000991821,0.5738253593444824,-0.05677567794919014,0.5310091972351074,0.5995432734489441,-0.04643082618713379,0.5179514288902283,0.6613309979438782,-0.06698424369096756,0.49175482988357544,0.5871354937553406,-0.07128412276506424,0.503044068813324,0.6071328520774841,-0.05721995234489441,0.5128807425498962,0.631765604019165,-0.047791507095098495,sasso
0.5929480791091919,0.7299755215644836,-1.5481261073091446e-07,0.6238911151885986,0.6537877917289734,-0.004671439062803984,0.6157698035240173,0.5547720193862915,-0.017634211108088493,0.5701724886894226,0.495007187128067,-0.027573630213737488,0.5269016623497009,0.4921952784061432,-0.037075649946928024,0.6255053877830505,0.5672450661659241,-0.05280538648366928,0.5645772814750671,0.48659345507621765,-0.07061767578125,0.5682359933853149,0.5140141248703003,-0.07453804463148117,0.5839565992355347,0.5385860204696655,-0.0750892236828804,0.5853819251060486,0.6065266132354736,-0.05907777324318886,0.5316972732543945,0.5145960450172424,-0.07299105823040009,0.5393790602684021,0.5421768426895142,-0.06607504934072495,0.5527903437614441,0.5731805562973022,-0.061855629086494446,0.5454893708229065,0.6358746886253357,-0.06287547200918198,0.506311297416687,0.5471924543380737,-0.07206758111715317,0.5177828669548035,0.5731094479560852,-0.05536659061908722,0.5306695699691772,0.6012860536575317,-0.044693417847156525,0.5082281231880188,0.6589950323104858,-0.06623738259077072,0.49082431197166443,0.581750750541687,-0.06941862404346466,0.5019087791442871,0.602567195892334,-0.054611701518297195,0.5082836151123047,0.6283057332038879,-0.04481637105345726,sasso
0.5825064778327942,0.7268394231796265,-1.5310658341149974e-07,0.6192322373390198,0.6546152830123901,-0.0038685426115989685,0.6229522824287415,0.5592630505561829,-0.01518040057271719,0.5863145589828491,0.4922841191291809,-0.02371676079928875,0.5450001358985901,0.480907678604126,-0.03176802024245262,0.6207743287086487,0.5666877031326294,-0.049743834882974625,0.5688520073890686,0.47826290130615234,-0.065925233066082,0.5699446201324463,0.5055875182151794,-0.06887908279895782,0.583676278591156,0.5340398550033569,-0.06859374046325684,0.5764157772064209,0.5953347086906433,-0.054877426475286484,0.534871518611908,0.5000141263008118,-0.06566391885280609,0.5401520133018494,0.5271415710449219,-0.058057330548763275,0.5508165955543518,0.5590200424194336,-0.053697068244218826,0.5346493721008301,0.6172966361045837,-0.057520657777786255,0.507739245891571,0.5283920764923096,-0.06292539089918137,0.5170004367828369,0.5548391938209534,-0.04626687243580818,0.5270729660987854,0.5838531851768494,-0.03657934442162514,0.49780750274658203,0.6358199715614319,-0.05993209779262543,0.48971685767173767,0.5612349510192871,-0.06042640283703804,0.4994948208332062,0.5819538831710815,-0.04578692838549614,0.5038201212882996,0.6062313318252563,-0.03650686517357826,sasso
0.5707393884658813,0.7294808030128479,-1.357071681695743e-07,0.6136172413825989,0.6588335037231445,-0.002638262929394841,0.6271874904632568,0.5672663450241089,-0.01230720803141594,0.5994067192077637,0.49857383966445923,-0.01894843578338623,0.5606290102005005,0.48082903027534485,-0.02505188249051571,0.6142867803573608,0.5682486891746521,-0.048372261226177216,0.5716664791107178,0.4760564863681793,-0.061218783259391785,0.5719094276428223,0.5031777620315552,-0.06180087849497795,0.5832757353782654,0.5341716408729553,-0.060060616582632065,0.5667251944541931,0.5886686444282532,-0.052335336804389954,0.5371147394180298,0.49255234003067017,-0.05880383774638176,0.5426163077354431,0.5189765691757202,-0.05004965141415596,0.549918532371521,0.5523202419281006,-0.045469481498003006,0.5243977904319763,0.6051439046859741,-0.05335857719182968,0.5078403353691101,0.5203694105148315,-0.05400243028998375,0.5168312788009644,0.5461934208869934,-0.03761187940835953,0.5234461426734924,0.5757603049278259,-0.029335809871554375,0.4886278808116913,0.6206800937652588,-0.05417430028319359,0.487895667552948,0.5511236190795898,-0.05171879753470421,0.497557133436203,0.5725741982460022,-0.03730037063360214,0.49997657537460327,0.5959913730621338,-0.028601765632629395,sasso
0.5639918446540833,0.7367904186248779,-1.4327247299661394e-07,0.61198890209198,0.6720526218414307,-0.006194066721946001,0.6341660022735596,0.5784034729003906,-0.016259873285889626,0.613734781742096,0.49909263849258423,-0.02181697078049183,0.5767329931259155,0.472367525100708,-0.02631549723446369,0.6134814023971558,0.577812671661377,-0.05368347093462944,0.5783947110176086,0.4804130494594574,-0.0662633627653122,0.5791738629341125,0.5095470547676086,-0.0654587522149086,0.5889581441879272,0.5445159673690796,-0.06250523775815964,0.563219428062439,0.5919424295425415,-0.054681263864040375,0.5435343384742737,0.49265116453170776,-0.06015629693865776,0.5482539534568787,0.5210919976234436,-0.05037294700741768,0.5522303581237793,0.5558488368988037,-0.045415639877319336,0.5196422934532166,0.6029130220413208,-0.052656665444374084,0.5112677812576294,0.5165198445320129,-0.05180841311812401,0.519639790058136,0.5441506505012512,-0.034451115876436234,0.5240112543106079,0.5747880339622498,-0.026183374226093292,0.4834108352661133,0.614181637763977,-0.05073118209838867,0.4887394607067108,0.5455268025398254,-0.047616489231586456,0.49728110432624817,0.5687142014503479,-0.0333908386528492,0.49778902530670166,0.5911048054695129,-0.02507130429148674,sasso
0.5581509470939636,0.7303363084793091,-1.1707678027050861e-07,0.6134346723556519,0.6683754324913025,-0.009825477376580238,0.6411493420600891,0.5764049887657166,-0.019997555762529373,0.6211023330688477,0.49691537022590637,-0.02471538446843624,0.5847576260566711,0.4708501696586609,-0.027774173766374588,0.6088826060295105,0.5776956677436829,-0.054349374026060104,0.5820071697235107,0.47882649302482605,-0.06836862117052078,0.5876836180686951,0.5104008913040161,-0.06901468336582184,0.5964056849479675,0.5474199652671814,-0.06654967367649078,0.5570507049560547,0.5865817070007324,-0.052863266319036484,0.5462437272071838,0.4883803129196167,-0.05879207327961922,0.5546693205833435,0.518488347530365,-0.04995829239487648,0.5573264956474304,0.5539343953132629,-0.04509745538234711,0.51468425989151,0.5941408276557922,-0.048792749643325806,0.5139251947402954,0.5114047527313232,-0.04783860594034195,0.5242354273796082,0.5399994850158691,-0.03126256912946701,0.5277105569839478,0.5703751444816589,-0.02320331521332264,0.4814273715019226,0.6035292148590088,-0.04521838203072548,0.4912289083003998,0.5416560769081116,-0.04194261506199837,0.4998056888580322,0.5652976036071777,-0.028517723083496094,0.49887633323669434,0.5866219401359558,-0.02049814537167549,sasso
0.5623758435249329,0.7267810106277466,-9.28666779032028e-08,0.6203433871269226,0.667130172252655,-0.009497866034507751,0.652315616607666,0.5797970294952393,-0.01865348219871521,0.6368429064750671,0.49616146087646484,-0.021911343559622765,0.6027454137802124,0.46624860167503357,-0.02271800860762596,0.6153751611709595,0.5700694918632507,-0.05152404308319092,0.5973803400993347,0.4719931483268738,-0.0610080361366272,0.6032129526138306,0.5055774450302124,-0.058117687702178955,0.6078260540962219,0.5440208911895752,-0.05345162749290466,0.5627358555793762,0.5732915997505188,-0.0480695441365242,0.5612790584564209,0.4789595603942871,-0.04960969462990761,0.5700819492340088,0.5089801549911499,-0.03964481130242348,0.5699337720870972,0.5438056588172913,-0.03445802628993988,0.5206851959228516,0.5768738389015198,-0.04155389592051506,0.5280116200447083,0.49891209602355957,-0.035882871598005295,0.5385124087333679,0.5268160104751587,-0.01974959298968315,0.5393169522285461,0.5578188896179199,-0.012941867113113403,0.4887866973876953,0.583611786365509,-0.035589128732681274,0.5068222284317017,0.5313007235527039,-0.029079748317599297,0.5144662261009216,0.5543858408927917,-0.016511941328644753,0.5119622945785522,0.5745717883110046,-0.0093599958345294,sasso
0.5508192777633667,0.7202553153038025,-6.584355816130483e-08,0.6106640100479126,0.6572519540786743,-0.008713428862392902,0.6440832018852234,0.5738288164138794,-0.016498710960149765,0.6263887286186218,0.4947553873062134,-0.018864374607801437,0.5926124453544617,0.4698452055454254,-0.018366804346442223,0.59462970495224,0.5530189871788025,-0.0418161042034626,0.5871431231498718,0.4651731252670288,-0.0492674857378006,0.5950915813446045,0.5015374422073364,-0.04653281345963478,0.5984976291656494,0.5396700501441956,-0.042253803461790085,0.5437735915184021,0.5550454258918762,-0.03798643872141838,0.5517517328262329,0.47376492619514465,-0.036912862211465836,0.5619856119155884,0.5040549039840698,-0.027909575030207634,0.5624521970748901,0.5375016927719116,-0.023104315623641014,0.5055669546127319,0.5607026219367981,-0.03156754747033119,0.5210819840431213,0.4995472729206085,-0.023599784821271896,0.5315797328948975,0.5251138210296631,-0.010050677694380283,0.5324552655220032,0.5537844896316528,-0.00488376896828413,0.4782211184501648,0.570777416229248,-0.025758689269423485,0.500275194644928,0.5289218425750732,-0.01709854044020176,0.50785231590271,0.5507600903511047,-0.005528143607079983,0.5059280395507812,0.5702312588691711,0.0012239383067935705,sasso
0.5479881763458252,0.7251816987991333,-7.280075209337156e-08,0.6052610874176025,0.6556336879730225,-0.005446481518447399,0.6335731148719788,0.5720587372779846,-0.010070090182125568,0.6121484637260437,0.499859094619751,-0.010835664346814156,0.5772086977958679,0.48429691791534424,-0.009167524985969067,0.572402834892273,0.5372202396392822,-0.026179498061537743,0.5720304846763611,0.46312108635902405,-0.02945258468389511,0.5819556713104248,0.49674665927886963,-0.02790875732898712,0.5850748419761658,0.5340681076049805,-0.025540295988321304,0.5246614217758179,0.5431562066078186,-0.02377742901444435,0.5387945175170898,0.4800710380077362,-0.01712983287870884,0.5516663789749146,0.5068687200546265,-0.010838032700121403,0.5526573061943054,0.5373520255088806,-0.009329084306955338,0.49124306440353394,0.5571904182434082,-0.019180726259946823,0.5106368660926819,0.5076494812965393,-0.008328169584274292,0.5225000381469727,0.5295282006263733,0.0018650080310180783,0.523382306098938,0.5575100183486938,0.003995157312601805,0.46783968806266785,0.5755062103271484,-0.015031371265649796,0.4879350960254669,0.5358304381370544,-0.00499846413731575,0.4985233247280121,0.5533950924873352,0.006036521401256323,0.4990341067314148,0.5740922689437866,0.012368597090244293,sasso
0.5452401638031006,0.737777829170227,-2.2040483216301254e-08,0.5814850330352783,0.6526620388031006,-0.003107804339379072,0.5883753299713135,0.5612283945083618,-0.006965070031583309,0.5547611117362976,0.5001693964004517,-0.007859083823859692,0.5179088115692139,0.49701690673828125,-0.006901885848492384,0.5344252586364746,0.550324559211731,-0.020874623209238052,0.5081093907356262,0.48430192470550537,-0.024697797372937202,0.5200726985931396,0.5076547861099243,-0.024678673595190048,0.533674418926239,0.5355005264282227,-0.022849176079034805,0.4916360676288605,0.578241765499115,-0.019028102979063988,0.48075413703918457,0.5111860036849976,-0.014210939407348633,0.4947984218597412,0.528002917766571,-0.008903837762773037,0.5050399899482727,0.5546173453330994,-0.0071207741275429726,0.4608740210533142,0.6055599451065063,-0.015152078121900558,0.4612981379032135,0.5501654744148254,-0.005577540025115013,0.4754668176174164,0.5643501877784729,0.00382128800265491,0.48438310623168945,0.5893981456756592,0.006324840243905783,0.44036996364593506,0.6306251287460327,-0.011585679836571217,0.45057398080825806,0.5852548480033875,-0.0011072361376136541,0.46278050541877747,0.5995044708251953,0.009743321686983109,0.46790874004364014,0.6189062595367432,0.01606246642768383,sasso
0.5716855525970459,0.7369843125343323,-1.0228547608903682e-07,0.5875687599182129,0.642740786075592,-0.0009460130240768194,0.575797438621521,0.5516701936721802,-0.008262076415121555,0.5392390489578247,0.49543794989585876,-0.012256897985935211,0.5029361248016357,0.5032615661621094,-0.015318549238145351,0.5414034128189087,0.5612987279891968,-0.04967908933758736,0.47845837473869324,0.5061746835708618,-0.05693604797124863,0.4939567446708679,0.5239835381507874,-0.052037812769412994,0.51413893699646,0.5462284684181213,-0.04651634395122528,0.5061771869659424,0.6090092062950134,-0.051698826253414154,0.4547785222530365,0.5464361906051636,-0.05276542901992798,0.47149473428726196,0.5582944750785828,-0.042099788784980774,0.4900226891040802,0.5819029808044434,-0.037127356976270676,0.4776920676231384,0.6506978869438171,-0.049745138734579086,0.4423587918281555,0.5905474424362183,-0.04482397064566612,0.46000146865844727,0.6001569032669067,-0.02897772006690502,0.47629082202911377,0.621275007724762,-0.02245033159852028,0.4570848047733307,0.6878272294998169,-0.047466158866882324,0.43893206119537354,0.6308860182762146,-0.040961798280477524,0.4545412063598633,0.6392956376075745,-0.026800744235515594,0.4652458727359772,0.6569395661354065,-0.01871863566339016,sasso
0.6137399077415466,0.7247703075408936,-1.9643228199583973e-07,0.6100506782531738,0.6417546272277832,0.0015284932451322675,0.5819609761238098,0.5639420747756958,-0.009335542097687721,0.550678551197052,0.5133904218673706,-0.019149823114275932,0.513715386390686,0.5142620205879211,-0.029555419459939003,0.5690496563911438,0.5550549030303955,-0.050393324345350266,0.48746171593666077,0.5278986096382141,-0.06753892451524734,0.49906468391418457,0.5443283915519714,-0.07096513360738754,0.5215061902999878,0.5550635457038879,-0.07070281356573105,0.5523234009742737,0.612651526927948,-0.05919068306684494,0.4686172604560852,0.5759032964706421,-0.07239224761724472,0.4857393801212311,0.5898982286453247,-0.0657612755894661,0.5110015869140625,0.6032955646514893,-0.061925116926431656,0.5337460041046143,0.666917622089386,-0.06486337631940842,0.45983657240867615,0.6266006827354431,-0.07391548156738281,0.4792269170284271,0.637071967124939,-0.057863593101501465,0.5033265352249146,0.6491934061050415,-0.04799791797995567,0.5162649154663086,0.7156801819801331,-0.0695476233959198,0.4633384644985199,0.6734358072280884,-0.07554307579994202,0.4811974763870239,0.6806153059005737,-0.061841923743486404,0.5018476843833923,0.6928213834762573,-0.051792699843645096,sasso
0.6250181794166565,0.7228383421897888,-3.553008411927294e-07,0.6138174533843994,0.6448603868484497,-0.002583784982562065,0.5810537338256836,0.574833869934082,-0.015631545335054398,0.5370769500732422,0.5374892950057983,-0.028102999553084373,0.5008538961410522,0.528498113155365,-0.03993992507457733,0.5932049751281738,0.5153778791427612,-0.040778595954179764,0.5020517110824585,0.5252184867858887,-0.059468019753694534,0.5003739595413208,0.5593752264976501,-0.05963502451777458,0.5193580985069275,0.5716732740402222,-0.05752317234873772,0.5949644446372986,0.5623111724853516,-0.05037299916148186,0.49274441599845886,0.574742317199707,-0.0697992667555809,0.5023123025894165,0.6041998267173767,-0.06356777995824814,0.5265347361564636,0.60861736536026,-0.059216611087322235,0.588330864906311,0.6174575686454773,-0.05895191431045532,0.492647647857666,0.6257451772689819,-0.07837178558111191,0.5059466361999512,0.6480773687362671,-0.06757475435733795,0.5320892930030823,0.6493473649024963,-0.059440821409225464,0.5771041512489319,0.6733716726303101,-0.06660862267017365,0.5016659498214722,0.6723770499229431,-0.08336226642131805,0.5106641054153442,0.6845053434371948,-0.07940519601106644,0.5336728096008301,0.6832782030105591,-0.07440871745347977,sasso
0.6229585409164429,0.7414052486419678,-3.7720315049227793e-07,0.5713650584220886,0.6653092503547668,-0.007738644722849131,0.5387459993362427,0.593161940574646,-0.023562060669064522,0.5010735988616943,0.5593568086624146,-0.03883623704314232,0.4680127203464508,0.5616469383239746,-0.05201013758778572,0.604957103729248,0.5064572691917419,-0.03378285467624664,0.5101609230041504,0.5199201107025146,-0.05524299666285515,0.4941752552986145,0.5597097873687744,-0.06279295682907104,0.5025052428245544,0.5806671380996704,-0.06652037054300308,0.6172763109207153,0.5453169345855713,-0.04283236339688301,0.5125657320022583,0.5696622133255005,-0.06302762031555176,0.5181172490119934,0.6055431365966797,-0.06184976175427437,0.5404692888259888,0.610374391078949,-0.061361558735370636,0.6182949542999268,0.5968620777130127,-0.05217553675174713,0.5170993208885193,0.614672839641571,-0.06825803220272064,0.5254170298576355,0.6456922888755798,-0.058869004249572754,0.5491541028022766,0.6460464596748352,-0.05310807004570961,0.6108261346817017,0.6543989181518555,-0.06224718689918518,0.5290286540985107,0.6615265607833862,-0.07392379641532898,0.5317456126213074,0.6783612370491028,-0.06888487190008163,0.5514853596687317,0.6776676177978516,-0.06415432691574097,sasso
0.6298468112945557,0.748712956905365,-4.0720422589402006e-07,0.571331262588501,0.6759632229804993,-0.006943956483155489,0.5376661419868469,0.603630781173706,-0.020989369601011276,0.5034416317939758,0.5666268467903137,-0.035239554941654205,0.47304433584213257,0.5604149103164673,-0.046856895089149475,0.6079922318458557,0.5061200261116028,-0.025436481460928917,0.5098257064819336,0.5162900686264038,-0.04871731996536255,0.49541398882865906,0.5593081116676331,-0.058589011430740356,0.5051912665367126,0.5820215344429016,-0.06360825151205063,0.6224178075790405,0.540314257144928,-0.03565216064453125,0.516040563583374,0.562675416469574,-0.05854793265461922,0.5231536626815796,0.6010589003562927,-0.05902747064828873,0.5469098091125488,0.6070702075958252,-0.05873047932982445,0.6250672936439514,0.5886126160621643,-0.047188010066747665,0.523257315158844,0.6085487604141235,-0.06647209078073502,0.5331408381462097,0.6432230472564697,-0.05675298720598221,0.5578065514564514,0.6432831287384033,-0.04977845400571823,0.6181137561798096,0.6449654698371887,-0.05967976152896881,0.5368383526802063,0.656448483467102,-0.07343539595603943,0.5423494577407837,0.6780211329460144,-0.06813220679759979,0.5638002753257751,0.6766902804374695,-0.06247103586792946,sasso
0.6281160116195679,0.7429779767990112,-4.2640428432605404e-07,0.5561105012893677,0.6801727414131165,-0.011297536082565784,0.521485447883606,0.6179986596107483,-0.026469750329852104,0.49778860807418823,0.578788697719574,-0.04180850461125374,0.48681414127349854,0.5640599131584167,-0.053701549768447876,0.6013277173042297,0.4950433671474457,-0.022331304848194122,0.5116185545921326,0.5055062174797058,-0.04708736762404442,0.5000655055046082,0.5526236891746521,-0.057102758437395096,0.5108287930488586,0.5759544968605042,-0.06182822585105896,0.6245004534721375,0.5213165879249573,-0.031050918623805046,0.5268188118934631,0.5475869178771973,-0.05662636086344719,0.5284425616264343,0.5936892628669739,-0.05725167691707611,0.5490487813949585,0.6029860377311707,-0.055282074958086014,0.6333102583885193,0.565200924873352,-0.04237832501530647,0.5401906967163086,0.5904186367988586,-0.06582898646593094,0.5430355668067932,0.6332919001579285,-0.05584824085235596,0.5633504986763,0.6382284164428711,-0.04688217118382454,0.6300636529922485,0.6180709600448608,-0.055367764085531235,0.5570586323738098,0.6455283761024475,-0.07274801284074783,0.5576156377792358,0.6749700903892517,-0.06938093900680542,0.574888288974762,0.6768531799316406,-0.06353878229856491,sasso
0.621994137763977,0.7264561653137207,-4.2512650111348194e-07,0.5500279068946838,0.6687138080596924,-0.020266380161046982,0.5067777037620544,0.6067838668823242,-0.03765862062573433,0.48057129979133606,0.5608112215995789,-0.05330626294016838,0.4993550479412079,0.5622055530548096,-0.06361868232488632,0.5928295850753784,0.47812825441360474,-0.01994001679122448,0.5197727680206299,0.4928203821182251,-0.04265260323882103,0.5181063413619995,0.5480599403381348,-0.05273084342479706,0.5331926345825195,0.559365451335907,-0.05879407376050949,0.6236468553543091,0.49928081035614014,-0.02353263460099697,0.5382304191589355,0.527130126953125,-0.04720817506313324,0.537692666053772,0.5797244906425476,-0.04740850627422333,0.5570420026779175,0.5849007368087769,-0.044308170676231384,0.6413466930389404,0.5406838059425354,-0.03081471286714077,0.5587114691734314,0.5683090090751648,-0.05332406237721443,0.5573168992996216,0.6121148467063904,-0.04361717402935028,0.5771280527114868,0.6140638589859009,-0.03328323736786842,0.6472345590591431,0.5915520787239075,-0.04069790989160538,0.5787973403930664,0.6191319227218628,-0.054982949048280716,0.575851559638977,0.6483294367790222,-0.05040563642978668,0.5919786095619202,0.651008665561676,-0.043126367032527924,sasso
0.6192190647125244,0.7133266925811768,-4.833086677535903e-07,0.5498880743980408,0.661564826965332,-0.02206423692405224,0.5063908100128174,0.6025921106338501,-0.0400216169655323,0.4801773428916931,0.5545535087585449,-0.056615136563777924,0.5059200525283813,0.5473830103874207,-0.06720320135354996,0.5852431058883667,0.4686374366283417,-0.014373250305652618,0.5225640535354614,0.4788079559803009,-0.03967781737446785,0.5199124813079834,0.5383136868476868,-0.05195001885294914,0.5338417887687683,0.5512374639511108,-0.05874090641736984,0.619484543800354,0.4825069308280945,-0.01673106849193573,0.5459957718849182,0.5072945356369019,-0.041452039033174515,0.5438841581344604,0.5703528523445129,-0.04082479700446129,0.5614668130874634,0.5771788358688354,-0.03570285439491272,0.6445374488830566,0.5163570046424866,-0.02387266792356968,0.5714126229286194,0.5424736142158508,-0.046954669058322906,0.5670124292373657,0.597159743309021,-0.034664325416088104,0.58486008644104,0.6022888422012329,-0.021249065175652504,0.6591677069664001,0.5619593858718872,-0.03411664068698883,0.5972635746002197,0.5858176350593567,-0.04651493579149246,0.5911241769790649,0.6215702891349792,-0.03919240087270737,0.6057982444763184,0.6276494860649109,-0.029464777559041977,sasso
0.622032880783081,0.7023646831512451,-5.208584070715006e-07,0.5534878373146057,0.6613461375236511,-0.022490067407488823,0.5057205557823181,0.6019704937934875,-0.03905661404132843,0.48454272747039795,0.5456954836845398,-0.054741550236940384,0.5144222974777222,0.5284388661384583,-0.06391717493534088,0.5767649412155151,0.46718353033065796,-0.008002457208931446,0.5210863351821899,0.471261203289032,-0.03547166287899017,0.5235740542411804,0.5385972261428833,-0.04984406754374504,0.5395415425300598,0.5541712641716003,-0.05787788704037666,0.6139100790023804,0.47073087096214294,-0.010020367801189423,0.5508652329444885,0.49028754234313965,-0.037450265139341354,0.5511220097541809,0.5643560886383057,-0.037033069878816605,0.5696513056755066,0.5719031095504761,-0.030627427622675896,0.6437667608261108,0.4959836006164551,-0.017765594646334648,0.5814462304115295,0.5165766477584839,-0.044233743101358414,0.5780407190322876,0.5812849998474121,-0.03087112121284008,0.5974149703979492,0.5860960483551025,-0.01536297146230936,0.6653815507888794,0.5348864793777466,-0.028707440942525864,0.6104155778884888,0.5602927207946777,-0.04413433000445366,0.6049686670303345,0.6014816761016846,-0.037138089537620544,0.6210406422615051,0.6053951382637024,-0.026870887726545334,sasso
0.6389054656028748,0.6798010468482971,-5.281904122966807e-07,0.5670435428619385,0.6463183164596558,-0.025377612560987473,0.5134950876235962,0.5905235409736633,-0.04130066931247711,0.49534767866134644,0.5286916494369507,-0.05738363042473793,0.5295718312263489,0.49323388934135437,-0.06612350791692734,0.568689227104187,0.4492262601852417,0.0018334802007302642,0.5253866910934448,0.4516443610191345,-0.03181047365069389,0.535150945186615,0.5217056274414062,-0.05015171319246292,0.551782488822937,0.5311474800109863,-0.05987395718693733,0.6082814335823059,0.44023802876472473,-0.0005450849421322346,0.5610240697860718,0.457234263420105,-0.035522542893886566,0.5661289691925049,0.5394096970558167,-0.03822769969701767,0.583390474319458,0.5420055389404297,-0.03124997206032276,0.643711268901825,0.45378732681274414,-0.010788227431476116,0.5985150337219238,0.475503146648407,-0.04342280328273773,0.5970103740692139,0.5497917532920837,-0.02947436273097992,0.6138885021209717,0.5501111149787903,-0.010919610038399696,0.6753805875778198,0.48225143551826477,-0.02485623024404049,0.6349234580993652,0.5081170201301575,-0.04075682908296585,0.6276727914810181,0.5549578070640564,-0.03230321779847145,0.6402608752250671,0.5539188981056213,-0.02031414769589901,sasso
0.6600133180618286,0.6541133522987366,-5.751545018028992e-07,0.5910147428512573,0.6333357691764832,-0.02333175390958786,0.529660165309906,0.5802969932556152,-0.035841576755046844,0.5135842561721802,0.509971559047699,-0.05049469321966171,0.5409323573112488,0.45324528217315674,-0.05796061083674431,0.5601120591163635,0.45469754934310913,0.012093578465282917,0.5270607471466064,0.42965227365493774,-0.027934480458498,0.5402565598487854,0.49737584590911865,-0.04769880324602127,0.5590195059776306,0.5124025940895081,-0.055282145738601685,0.597084105014801,0.441182017326355,0.0078031145967543125,0.5659699440002441,0.4240047335624695,-0.03508568927645683,0.5769400596618652,0.5121832489967346,-0.03894974663853645,0.5939934849739075,0.5186939239501953,-0.02866261824965477,0.634695827960968,0.4419369697570801,-0.006121469661593437,0.605879008769989,0.4303094744682312,-0.04740506783127785,0.6107326745986938,0.5124877691268921,-0.03354208543896675,0.6261792778968811,0.517083466053009,-0.011093289591372013,0.6755759716033936,0.45360785722732544,-0.023331554606556892,0.6451448202133179,0.4537017047405243,-0.04271462932229042,0.6414791941642761,0.5076164603233337,-0.03244920074939728,0.652798593044281,0.5105139017105103,-0.017517047002911568,sasso
0.6693601608276367,0.641907811164856,-5.185842724131362e-07,0.6000111699104309,0.6222756505012512,-0.027139000594615936,0.5380668640136719,0.5728596448898315,-0.04235389828681946,0.5214291214942932,0.5026946663856506,-0.05950477346777916,0.5493035316467285,0.4436606168746948,-0.06976907700300217,0.5634697079658508,0.4499589502811432,0.010856306180357933,0.5347345471382141,0.4169836640357971,-0.03316813334822655,0.5459868311882019,0.4778865575790405,-0.055477507412433624,0.563419759273529,0.4979771077632904,-0.06344375014305115,0.6009036302566528,0.4355470538139343,0.007106075994670391,0.5733746886253357,0.41116583347320557,-0.04039156064391136,0.5851041674613953,0.4970369040966034,-0.04711058363318443,0.6001008749008179,0.5071802139282227,-0.03727022558450699,0.6393706202507019,0.4345433712005615,-0.007036887109279633,0.6142977476119995,0.41756317019462585,-0.0530187264084816,0.6202194690704346,0.49766305088996887,-0.041776567697525024,0.6321709156036377,0.5043348073959351,-0.019591236487030983,0.6818533539772034,0.443381130695343,-0.024478482082486153,0.653956413269043,0.439544141292572,-0.04635873809456825,0.6525871753692627,0.4934810400009155,-0.03646616265177727,0.6618703603744507,0.4979858696460724,-0.02103102207183838,sasso
0.6731585264205933,0.6283525824546814,-4.94115795390826e-07,0.6060972213745117,0.6060901880264282,-0.02366587147116661,0.5447068810462952,0.5558263659477234,-0.03739054873585701,0.5272465348243713,0.48585015535354614,-0.05331672728061676,0.5574209094047546,0.4309585690498352,-0.06367597728967667,0.5699849128723145,0.4348737895488739,0.010731063783168793,0.5415040254592896,0.4007794260978699,-0.026406709104776382,0.5482163429260254,0.44932642579078674,-0.045321058481931686,0.5650224685668945,0.4719107449054718,-0.052369214594364166,0.6079978942871094,0.41932523250579834,0.006240664981305599,0.580980658531189,0.3926115036010742,-0.03519413620233536,0.5906546115875244,0.47682106494903564,-0.04027458280324936,0.6067937612533569,0.4951358735561371,-0.03048446588218212,0.6474108099937439,0.41892367601394653,-0.007307329680770636,0.6221990585327148,0.4025167226791382,-0.047797687351703644,0.6262928247451782,0.48053839802742004,-0.03708009794354439,0.6395950317382812,0.4938187301158905,-0.016632216051220894,0.6905873417854309,0.4301223158836365,-0.023851651698350906,0.6618209481239319,0.42841896414756775,-0.04367354139685631,0.6586416363716125,0.4802168905735016,-0.03474128246307373,0.6681561470031738,0.48778408765792847,-0.020823106169700623,sasso
0.6765789985656738,0.6172713041305542,-5.112021312925208e-07,0.6091448664665222,0.5958561897277832,-0.025913596153259277,0.5471441745758057,0.5465299487113953,-0.04069938883185387,0.5318272709846497,0.4739404618740082,-0.05768127739429474,0.5609429478645325,0.4138001799583435,-0.06808832287788391,0.5656514167785645,0.43090176582336426,0.011659260839223862,0.5377783179283142,0.39360764622688293,-0.032162826508283615,0.5511804819107056,0.4545818567276001,-0.05473470315337181,0.5698392391204834,0.4744231402873993,-0.06262096017599106,0.6048334836959839,0.41651052236557007,0.00738390302285552,0.5803282856941223,0.3854144513607025,-0.03992718085646629,0.5926077961921692,0.4709224998950958,-0.047256361693143845,0.6068848371505737,0.4838721752166748,-0.037521135061979294,0.6447874307632446,0.41404157876968384,-0.007034171372652054,0.6225677132606506,0.38933610916137695,-0.05269316956400871,0.6286014914512634,0.47019898891448975,-0.04169707000255585,0.6394184231758118,0.48016807436943054,-0.019316652789711952,0.6889559030532837,0.420210599899292,-0.024572651833295822,0.6625675559043884,0.40743139386177063,-0.04589959233999252,0.6611837148666382,0.46310970187187195,-0.035005390644073486,0.6693690419197083,0.47240543365478516,-0.0186468418687582,sasso
0.6805320978164673,0.6138674020767212,-5.090717536404554e-07,0.6109777688980103,0.5878802537918091,-0.02292505092918873,0.5504587888717651,0.5368834137916565,-0.03631085902452469,0.5348526835441589,0.46702325344085693,-0.052619803696870804,0.5622949600219727,0.409236341714859,-0.06254228204488754,0.5738593935966492,0.4184147119522095,0.016039306297898293,0.5442360639572144,0.38804495334625244,-0.02660970576107502,0.5567330718040466,0.4454842209815979,-0.04914083704352379,0.5752659440040588,0.4667774736881256,-0.0572286956012249,0.6127745509147644,0.40369486808776855,0.010082333348691463,0.5848905444145203,0.3791615962982178,-0.03655267879366875,0.5978556871414185,0.46412548422813416,-0.044301774352788925,0.6133449673652649,0.47750112414360046,-0.035033196210861206,0.6527560949325562,0.4025474190711975,-0.005879400297999382,0.6262388229370117,0.38607776165008545,-0.0510428287088871,0.6332182288169861,0.465370774269104,-0.04075108468532562,0.6456874012947083,0.4743349254131317,-0.019169412553310394,0.696272075176239,0.4114883542060852,-0.02480017952620983,0.6672439575195312,0.40875136852264404,-0.04661788418889046,0.6659924983978271,0.46272701025009155,-0.0369720421731472,0.675483226776123,0.46883875131607056,-0.021617209538817406,sasso
0.6757161021232605,0.613616943359375,-5.499360327121394e-07,0.6049417853355408,0.583217442035675,-0.02118688076734543,0.5461201667785645,0.5278427600860596,-0.03251118212938309,0.5295564532279968,0.45961594581604004,-0.04613202437758446,0.5618579983711243,0.41339242458343506,-0.05296758934855461,0.5821382999420166,0.4029924273490906,0.014528193511068821,0.5504852533340454,0.3815828859806061,-0.020447295159101486,0.5612704753875732,0.4490016996860504,-0.03749536722898483,0.5781615972518921,0.4642179608345032,-0.044429127126932144,0.6207820773124695,0.3918331563472748,0.009655325673520565,0.5865404009819031,0.3752381503582001,-0.029125547036528587,0.5940482020378113,0.46210354566574097,-0.03242969885468483,0.6112692952156067,0.47066596150398254,-0.02276451699435711,0.6592868566513062,0.3951645493507385,-0.004138072952628136,0.6264784336090088,0.38813209533691406,-0.04253378510475159,0.6289095878601074,0.4680936932563782,-0.030219459906220436,0.6450835466384888,0.4737321138381958,-0.00955034140497446,0.7002764940261841,0.41076967120170593,-0.020907485857605934,0.6659876108169556,0.4145720601081848,-0.03940584883093834,0.6615662574768066,0.466659814119339,-0.030326982960104942,0.6744470596313477,0.4706510901451111,-0.016666043549776077,sasso
0.6745694279670715,0.6111812591552734,-5.443160944196279e-07,0.6052660942077637,0.5853589177131653,-0.020382100716233253,0.5453535318374634,0.5294944643974304,-0.031230503693223,0.530225396156311,0.4589422047138214,-0.044551681727170944,0.5636698603630066,0.41130176186561584,-0.05129711329936981,0.5784033536911011,0.407827228307724,0.014560447074472904,0.5496148467063904,0.38028401136398315,-0.019599931314587593,0.5596776604652405,0.44420498609542847,-0.035240303725004196,0.5763200521469116,0.46029579639434814,-0.04108896851539612,0.6172152757644653,0.3950522840023041,0.009152455255389214,0.5855851173400879,0.37327438592910767,-0.02877204865217209,0.5936018824577332,0.46057799458503723,-0.03076597861945629,0.6109186410903931,0.46962958574295044,-0.019890107214450836,0.6563399434089661,0.3964289724826813,-0.005106265656650066,0.6263402700424194,0.3855223059654236,-0.04261235147714615,0.6289687752723694,0.4670924246311188,-0.029109492897987366,0.6445918083190918,0.4726777970790863,-0.007685312069952488,0.6986929774284363,0.4097949266433716,-0.022267716005444527,0.6658272743225098,0.4090874195098877,-0.03959902003407478,0.6607546210289001,0.46301141381263733,-0.029115010052919388,0.6724826693534851,0.46817848086357117,-0.014606521464884281,sasso
0.668397068977356,0.6018351316452026,-5.945158818576601e-07,0.6035746335983276,0.558810830116272,-0.01843539997935295,0.5560768246650696,0.49479299783706665,-0.03154275193810463,0.5339563488960266,0.43329450488090515,-0.04595651477575302,0.5611220598220825,0.4011356830596924,-0.05400032550096512,0.6291747689247131,0.3641497492790222,0.004462057258933783,0.5750848054885864,0.35528603196144104,-0.023448029533028603,0.5744845271110535,0.423877477645874,-0.03829442337155342,0.5898230075836182,0.4443579912185669,-0.046228062361478806,0.6646178364753723,0.3660961389541626,0.0003427418414503336,0.6006647944450378,0.36808693408966064,-0.03045172058045864,0.597876250743866,0.44690850377082825,-0.032052893191576004,0.6184350252151489,0.45861703157424927,-0.025831973180174828,0.6937844157218933,0.38697531819343567,-0.010097838938236237,0.6314523220062256,0.3915644884109497,-0.040071193128824234,0.6258112192153931,0.4615946114063263,-0.02616921439766884,0.6460622549057007,0.4699668884277344,-0.008808398619294167,0.7156179547309875,0.4213847815990448,-0.023325422778725624,0.6611160039901733,0.43421056866645813,-0.03994764760136604,0.653023362159729,0.47757068276405334,-0.032158322632312775,0.6702567934989929,0.4833546578884125,-0.020989004522562027,sasso
0.6995233297348022,0.6206391453742981,-4.226342014135298e-07,0.6477648615837097,0.5275323987007141,-0.006941699422895908,0.6256983280181885,0.44389575719833374,-0.024375537410378456,0.5966721773147583,0.393575519323349,-0.04215499386191368,0.5712173581123352,0.3872459828853607,-0.05657123029232025,0.7205332517623901,0.3563995361328125,-0.02826828695833683,0.6156925559043884,0.32933270931243896,-0.055230237543582916,0.6055687665939331,0.3812539577484131,-0.06782177835702896,0.6245699524879456,0.40578675270080566,-0.07489140331745148,0.7291018962860107,0.39268139004707336,-0.039664071053266525,0.6096910238265991,0.37640589475631714,-0.06426559388637543,0.6111531853675842,0.4249190390110016,-0.0640939474105835,0.636368453502655,0.43982061743736267,-0.06412529945373535,0.7214351892471313,0.4408656060695648,-0.052480265498161316,0.608193576335907,0.42426228523254395,-0.07163892686367035,0.6098281741142273,0.4691682755947113,-0.05804944783449173,0.6341376304626465,0.4817764163017273,-0.04924296587705612,0.7017908096313477,0.49409475922584534,-0.06670200824737549,0.6111693382263184,0.480039119720459,-0.07917667180299759,0.6104279160499573,0.5097604990005493,-0.07183420658111572,0.6317048072814941,0.5193465948104858,-0.0653361901640892,sasso
0.7005942463874817,0.6263464689254761,-3.4817850291801733e-07,0.6763452887535095,0.523851752281189,-0.009177477099001408,0.6526858806610107,0.43041232228279114,-0.0279306098818779,0.6083617806434631,0.38151687383651733,-0.045348506420850754,0.5690037608146667,0.38893455266952515,-0.06039690971374512,0.7252625226974487,0.3734223246574402,-0.04285735264420509,0.6189674735069275,0.34509482979774475,-0.06629829108715057,0.6078941226005554,0.3928194046020508,-0.07176735997200012,0.6257244348526001,0.41647666692733765,-0.07391238212585449,0.7257768511772156,0.4191467761993408,-0.05195223540067673,0.6062039732933044,0.3945688009262085,-0.07609738409519196,0.6065596342086792,0.43834173679351807,-0.07260119915008545,0.6282547116279602,0.4561786651611328,-0.07018451392650604,0.7115413546562195,0.47154900431632996,-0.061033446341753006,0.5987758040428162,0.4452067017555237,-0.0816783532500267,0.6016899943351746,0.4838827848434448,-0.07034613937139511,0.6249992847442627,0.4999255836009979,-0.062166936695575714,0.6884573698043823,0.5248255133628845,-0.07050392031669617,0.5980610251426697,0.49941980838775635,-0.0841052383184433,0.5980051159858704,0.5235195159912109,-0.07849644869565964,0.6182249188423157,0.5355780124664307,-0.07324978709220886,sasso
0.7043637037277222,0.6266669034957886,-3.5591580171967507e-07,0.7029319405555725,0.5297088027000427,-0.005188466515392065,0.6819415092468262,0.4347027540206909,-0.023379195481538773,0.6394274830818176,0.37697625160217285,-0.04082399606704712,0.6015154123306274,0.37146687507629395,-0.056162867695093155,0.7312238216400146,0.3909488320350647,-0.05156327784061432,0.6237376928329468,0.3547613024711609,-0.07552565634250641,0.6173181533813477,0.3995559513568878,-0.07658729702234268,0.6396022439002991,0.42073339223861694,-0.07567713409662247,0.7247015237808228,0.4415806829929352,-0.06231330335140228,0.6050127744674683,0.402077317237854,-0.08784706890583038,0.6073493361473083,0.44322869181632996,-0.08040468394756317,0.6313731670379639,0.45948779582977295,-0.07573889195919037,0.7033461928367615,0.4961990714073181,-0.07239911705255508,0.5926841497421265,0.4501721262931824,-0.0964331179857254,0.5959501266479492,0.48653164505958557,-0.08461140841245651,0.6188569664955139,0.5042949914932251,-0.0761190876364708,0.6754289865493774,0.5505094528198242,-0.08197663724422455,0.5928030014038086,0.5115511417388916,-0.10325952619314194,0.5782234072685242,0.5130688548088074,-0.10432302206754684,0.5783802270889282,0.509109616279602,-0.10355622321367264,sasso
0.19864137470722198,0.910248875617981,1.0260356475555454e-06,0.2853797674179077,0.8429619073867798,-0.049802809953689575,0.35475268959999084,0.7437220811843872,-0.08476532250642776,0.4115257263183594,0.6575928330421448,-0.11699572950601578,0.4628262519836426,0.572225034236908,-0.15173184871673584,0.264492392539978,0.5888826251029968,-0.0699833333492279,0.31665903329849243,0.4656732678413391,-0.1267293095588684,0.357502281665802,0.4104580879211426,-0.1681498885154724,0.4073900580406189,0.36378172039985657,-0.1957571655511856,0.20493805408477783,0.5836515426635742,-0.07791966944932938,0.23743727803230286,0.45048806071281433,-0.1285070776939392,0.27815932035446167,0.37832149863243103,-0.1658814251422882,0.330456018447876,0.31927290558815,-0.1938985139131546,0.14445564150810242,0.6179139614105225,-0.09250226616859436,0.1582101583480835,0.48899996280670166,-0.14530707895755768,0.19926851987838745,0.42475730180740356,-0.17878445982933044,0.2552560567855835,0.37745028734207153,-0.20115254819393158,0.08536648750305176,0.6819003820419312,-0.11047682911157608,0.058383017778396606,0.5900710821151733,-0.1590752750635147,0.07390189170837402,0.5302472710609436,-0.18558195233345032,0.11095243692398071,0.48035547137260437,-0.20354199409484863,carta
0.19455847144126892,0.8498623371124268,1.262407408830768e-06,0.28518858551979065,0.7533940076828003,-0.04192066192626953,0.3256032466888428,0.6319698095321655,-0.08995699882507324,0.36469289660453796,0.5418071150779724,-0.13737927377223969,0.4001854956150055,0.4398343563079834,-0.19411486387252808,0.2173665314912796,0.5273935198783875,-0.1476047933101654,0.25115281343460083,0.397975355386734,-0.24034658074378967,0.2896495461463928,0.3299787640571594,-0.30527621507644653,0.3422721028327942,0.27289003133773804,-0.3519124984741211,0.16805344820022583,0.5622348785400391,-0.1771038919687271,0.17847582697868347,0.4170285165309906,-0.2795122265815735,0.232040673494339,0.3460931181907654,-0.35385361313819885,0.2959258258342743,0.2893417775630951,-0.4089801013469696,0.1283215880393982,0.6322360038757324,-0.2062888890504837,0.11843910813331604,0.5098404288291931,-0.3041265904903412,0.16789403557777405,0.44428113102912903,-0.3675324618816376,0.22377537190914154,0.39669522643089294,-0.4111001491546631,0.09861848503351212,0.7260900735855103,-0.2349192202091217,0.07984264194965363,0.6446117162704468,-0.32199397683143616,0.11291049420833588,0.589271605014801,-0.3728894293308258,0.15754947066307068,0.5437577962875366,-0.4105009138584137,carta
0.08549041301012039,0.7947535514831543,9.477171829530562e-07,0.1013593077659607,0.6378805637359619,0.014737349934875965,0.11588487774133682,0.48030704259872437,-0.010091912001371384,0.1406470090150833,0.35880106687545776,-0.0360855907201767,0.13989746570587158,0.2595362365245819,-0.06877925246953964,0.09120259433984756,0.4800799787044525,-0.1445201188325882,0.14206978678703308,0.3262203335762024,-0.22449450194835663,0.17977507412433624,0.22238892316818237,-0.27037185430526733,0.2127457857131958,0.1382765769958496,-0.30080467462539673,0.09854531288146973,0.5479314923286438,-0.18660897016525269,0.15342587232589722,0.38829514384269714,-0.28154584765434265,0.2030351758003235,0.277066171169281,-0.3311881124973297,0.24511341750621796,0.18453755974769592,-0.36508506536483765,0.12370564043521881,0.632243275642395,-0.21888482570648193,0.18345224857330322,0.49269500374794006,-0.3137669861316681,0.2378029078245163,0.39319348335266113,-0.36329397559165955,0.2820322513580322,0.30786120891571045,-0.3922998011112213,0.16515591740608215,0.7206823825836182,-0.24248690903186798,0.2227889597415924,0.6449984312057495,-0.32409048080444336,0.27177077531814575,0.5900898575782776,-0.3631855547428131,0.31537649035453796,0.5370211005210876,-0.3891677260398865,carta
0.1848383992910385,0.7797219753265381,1.205733042297652e-06,0.25772616267204285,0.652400553226471,-0.04024897515773773,0.2718479037284851,0.5171059966087341,-0.08365961909294128,0.281909704208374,0.41946980357170105,-0.12458402663469315,0.287815660238266,0.3151623606681824,-0.17463989555835724,0.17459610104560852,0.4624347686767578,-0.14783726632595062,0.1931425929069519,0.3314365744590759,-0.23656941950321198,0.2199573516845703,0.2444424331188202,-0.30060240626335144,0.2560252845287323,0.16682952642440796,-0.3462648391723633,0.14055466651916504,0.5099058747291565,-0.1755574643611908,0.13243603706359863,0.37707993388175964,-0.2668096721172333,0.16645735502243042,0.28390270471572876,-0.3368544280529022,0.2054668366909027,0.19354668259620667,-0.3908008933067322,0.12002163380384445,0.5884482860565186,-0.20214739441871643,0.10273261368274689,0.48450255393981934,-0.2910733222961426,0.13546046614646912,0.40130120515823364,-0.3512897491455078,0.17262166738510132,0.3283243179321289,-0.39451709389686584,0.1118381917476654,0.6864159107208252,-0.22818636894226074,0.09129578620195389,0.6305641531944275,-0.30841511487960815,0.10849015414714813,0.5785671472549438,-0.35317322611808777,0.13513149321079254,0.5308947563171387,-0.3869236409664154,carta
0.2610004246234894,0.7778624296188354,1.0960570762108546e-06,0.31350192427635193,0.6867473125457764,-0.04377568140625954,0.33244842290878296,0.58005291223526,-0.08102594316005707,0.34942376613616943,0.48773831129074097,-0.11481925845146179,0.3626900911331177,0.392676442861557,-0.15382471680641174,0.23073485493659973,0.515603244304657,-0.10177255421876907,0.24493348598480225,0.3956988751888275,-0.16856636106967926,0.2701161503791809,0.32738184928894043,-0.21440528333187103,0.3059498369693756,0.26591384410858154,-0.24391448497772217,0.19251319766044617,0.5500414371490479,-0.1152280643582344,0.18048103153705597,0.43311312794685364,-0.1778908669948578,0.2080867439508438,0.3517313301563263,-0.21934635937213898,0.24626846611499786,0.28011980652809143,-0.24841615557670593,0.16782760620117188,0.6201332807540894,-0.13142669200897217,0.14012183248996735,0.5249662399291992,-0.19377078115940094,0.165129616856575,0.45910248160362244,-0.22620290517807007,0.1996949464082718,0.396531879901886,-0.24695062637329102,0.1549161970615387,0.7089698910713196,-0.14925812184810638,0.11571475118398666,0.6667166948318481,-0.207381471991539,0.1291193962097168,0.6222001314163208,-0.23239873349666595,0.15618038177490234,0.5783251523971558,-0.24772518873214722,carta
0.3071800470352173,0.7406009435653687,5.984830977467936e-07,0.3655775189399719,0.6708509922027588,-0.01750483550131321,0.3940337896347046,0.5763728022575378,-0.03319751098752022,0.41225728392601013,0.5038962364196777,-0.04951201379299164,0.4336302876472473,0.43624308705329895,-0.06816420704126358,0.33258408308029175,0.4947696328163147,-0.03788219392299652,0.35737234354019165,0.4062469005584717,-0.0753951296210289,0.3852887451648712,0.35742872953414917,-0.101509228348732,0.4146798551082611,0.3154062032699585,-0.11959388107061386,0.3022264838218689,0.5066500306129456,-0.05183601379394531,0.3163703680038452,0.40958741307258606,-0.08828331530094147,0.34949931502342224,0.35356730222702026,-0.1121039092540741,0.38157352805137634,0.3069760203361511,-0.12889501452445984,0.27576619386672974,0.5431310534477234,-0.06907302886247635,0.27811697125434875,0.4500189423561096,-0.10880964994430542,0.30749183893203735,0.39543241262435913,-0.13055460155010223,0.33802664279937744,0.34765252470970154,-0.1440161168575287,0.25488945841789246,0.5967910289764404,-0.08710304647684097,0.24983862042427063,0.5334439277648926,-0.12750078737735748,0.2663220465183258,0.4865948259830475,-0.14855420589447021,0.28889578580856323,0.4417232871055603,-0.16167189180850983,carta
0.28348037600517273,0.7686508297920227,5.335075456969207e-07,0.32415616512298584,0.6856958270072937,-0.024629106745123863,0.33434754610061646,0.6058287024497986,-0.05394148826599121,0.3365921080112457,0.5447716116905212,-0.0803534984588623,0.33485811948776245,0.4738302230834961,-0.1121002808213234,0.28299999237060547,0.5922329425811768,-0.10032952576875687,0.27159565687179565,0.5175338387489319,-0.15198801457881927,0.26899921894073486,0.46490180492401123,-0.18739579617977142,0.27262935042381287,0.4151655435562134,-0.214727520942688,0.26753556728363037,0.626348614692688,-0.11782734096050262,0.24952185153961182,0.5593060255050659,-0.17844350636005402,0.24730314314365387,0.5076459050178528,-0.2232261747121811,0.24729999899864197,0.45205140113830566,-0.25892457365989685,0.2581850588321686,0.6775503158569336,-0.133066788315773,0.23575903475284576,0.630847692489624,-0.19011226296424866,0.23253092169761658,0.5880146026611328,-0.22876231372356415,0.23123085498809814,0.5441977381706238,-0.25842708349227905,0.25403642654418945,0.7405261993408203,-0.14732323586940765,0.23453320562839508,0.7256314754486084,-0.19897311925888062,0.23034656047821045,0.7072228789329529,-0.22913143038749695,0.22624912858009338,0.6826619505882263,-0.2535349428653717,carta
0.27796345949172974,0.8378382921218872,6.831468226664583e-07,0.32890212535858154,0.7902649641036987,-0.03460172191262245,0.3596474528312683,0.7126291990280151,-0.05631106346845627,0.37650302052497864,0.643390417098999,-0.07464500516653061,0.39809131622314453,0.5812250375747681,-0.09474769234657288,0.2937529385089874,0.6228353381156921,-0.05368946120142937,0.30290696024894714,0.530815839767456,-0.08987302333116531,0.3143295645713806,0.47237980365753174,-0.11567211896181107,0.32514482736587524,0.4197946786880493,-0.13275128602981567,0.25089672207832336,0.6326634883880615,-0.057896390557289124,0.24569524824619293,0.5330039858818054,-0.08731430768966675,0.24796202778816223,0.4657806158065796,-0.10845362395048141,0.24952945113182068,0.40322446823120117,-0.12420949339866638,0.21530893445014954,0.6702743768692017,-0.06561753898859024,0.20180809497833252,0.582022488117218,-0.09570716321468353,0.19978246092796326,0.5209328532218933,-0.11320693045854568,0.2015552818775177,0.46117353439331055,-0.12525467574596405,0.18579591810703278,0.7283012866973877,-0.07571839541196823,0.15786388516426086,0.6726449728012085,-0.10515580326318741,0.1441289484500885,0.6322382688522339,-0.11757742613554001,0.13411153852939606,0.588554322719574,-0.1252177357673645,carta
0.2763535976409912,0.8165832757949829,5.635693582917156e-07,0.33754801750183105,0.7672272324562073,-0.027749652042984962,0.3836947977542877,0.6877990961074829,-0.04112471267580986,0.4133104383945465,0.6185261011123657,-0.05327318608760834,0.44512566924095154,0.5614497661590576,-0.06540250778198242,0.33740684390068054,0.5717145204544067,-0.018033431842923164,0.3642686903476715,0.485501766204834,-0.04064800962805748,0.38301336765289307,0.43565088510513306,-0.06043442338705063,0.40033382177352905,0.39197829365730286,-0.07430750131607056,0.2968108654022217,0.564106285572052,-0.02123008295893669,0.3148357570171356,0.46579641103744507,-0.03901581093668938,0.3292946517467499,0.4051592946052551,-0.05571145936846733,0.34354397654533386,0.3533002734184265,-0.06821760535240173,0.2584647834300995,0.5797621607780457,-0.029169950634241104,0.2691047191619873,0.4850388765335083,-0.04770383611321449,0.2827472984790802,0.427697092294693,-0.06032363697886467,0.3003097474575043,0.37601417303085327,-0.06945013254880905,0.21889421343803406,0.6153178811073303,-0.04021548479795456,0.20998501777648926,0.545150637626648,-0.05867547169327736,0.21308645606040955,0.4964786171913147,-0.06671815365552902,0.22256283462047577,0.44834834337234497,-0.07176195085048676,carta
0.27231407165527344,0.8000903129577637,5.79017864765774e-07,0.33518072962760925,0.7555939555168152,-0.027594882994890213,0.38425472378730774,0.6793389320373535,-0.040490083396434784,0.4171505272388458,0.6123248934745789,-0.05222218856215477,0.4522935152053833,0.5582723617553711,-0.06393075734376907,0.34305229783058167,0.5602565407752991,-0.015649672597646713,0.3749872148036957,0.4775042235851288,-0.037485431879758835,0.39625826478004456,0.4289211630821228,-0.057147540152072906,0.4153593182563782,0.3855961263179779,-0.07111319899559021,0.30348560214042664,0.5488126277923584,-0.018829287961125374,0.3270217180252075,0.45295554399490356,-0.03611283376812935,0.3444630801677704,0.39368176460266113,-0.05296175554394722,0.36103832721710205,0.34245359897613525,-0.06564249843358994,0.2645607888698578,0.5605320930480957,-0.026925865560770035,0.28044670820236206,0.46766507625579834,-0.04536708816885948,0.2971659302711487,0.41189709305763245,-0.05824168398976326,0.3172690272331238,0.3616177439689636,-0.06752049922943115,0.22279858589172363,0.592020571231842,-0.03814859315752983,0.21829508244991302,0.5211630463600159,-0.056548360735177994,0.22416764497756958,0.47316572070121765,-0.06466317921876907,0.2365173101425171,0.4255528151988983,-0.06983860582113266,carta
0.2695167064666748,0.7824077606201172,5.952099968453695e-07,0.33375293016433716,0.7397528290748596,-0.02788040228188038,0.3846207857131958,0.6680326461791992,-0.040691569447517395,0.41952264308929443,0.6029525995254517,-0.05248675495386124,0.4566320776939392,0.5507285594940186,-0.06408747285604477,0.34848305583000183,0.5476365685462952,-0.012692808173596859,0.3834978938102722,0.46709755063056946,-0.03408220410346985,0.4069300889968872,0.4202020764350891,-0.053920842707157135,0.42801135778427124,0.37834078073501587,-0.06798433512449265,0.30959680676460266,0.5331924557685852,-0.015318511985242367,0.3366800844669342,0.439798504114151,-0.03221622481942177,0.35635459423065186,0.38185566663742065,-0.04928858205676079,0.3750326633453369,0.33235877752304077,-0.06210247799754143,0.27022993564605713,0.5411195755004883,-0.023146724328398705,0.28988081216812134,0.4510573744773865,-0.041024576872587204,0.3088148534297943,0.39642685651779175,-0.0539308562874794,0.33084073662757874,0.34800946712493896,-0.0631716400384903,0.22693580389022827,0.5680791735649109,-0.03422468155622482,0.22710517048835754,0.49729418754577637,-0.05166890099644661,0.23445254564285278,0.44960838556289673,-0.059474244713783264,0.24751198291778564,0.40229231119155884,-0.06448400765657425,carta
0.26785773038864136,0.7722983360290527,5.838456900164601e-07,0.3324419856071472,0.729465901851654,-0.026294779032468796,0.3838200867176056,0.6576052904129028,-0.037807390093803406,0.4199010133743286,0.5924813151359558,-0.048556942492723465,0.45727986097335815,0.5414383411407471,-0.05912141874432564,0.34886252880096436,0.5385348796844482,-0.01032052282243967,0.38304081559181213,0.45775145292282104,-0.029805582016706467,0.4060777723789215,0.41070377826690674,-0.04834228381514549,0.4272873103618622,0.36894094944000244,-0.06165377423167229,0.31020185351371765,0.5244259238243103,-0.013239833526313305,0.3365929126739502,0.43164053559303284,-0.02813512086868286,0.35620203614234924,0.3738558888435364,-0.04417550191283226,0.37510180473327637,0.3246877193450928,-0.056508202105760574,0.2710076868534088,0.5318135619163513,-0.021211354061961174,0.2909373641014099,0.4418545067310333,-0.03748096898198128,0.3088534474372864,0.3875662684440613,-0.04972207546234131,0.3298770487308502,0.3396318256855011,-0.058793723583221436,0.22784733772277832,0.5577709674835205,-0.0323420949280262,0.22606709599494934,0.4877224564552307,-0.04869111254811287,0.23301361501216888,0.4408460855484009,-0.055901214480400085,0.2460753172636032,0.39458900690078735,-0.060640811920166016,carta
0.27325233817100525,0.7617329955101013,5.804128591080371e-07,0.3362763226032257,0.7134402394294739,-0.025591017678380013,0.3861892521381378,0.6371800303459167,-0.03719412535429001,0.4193459749221802,0.5715714693069458,-0.04788634553551674,0.45438307523727417,0.5206142067909241,-0.05879996344447136,0.3436085879802704,0.5256718993186951,-0.015001021325588226,0.3741789162158966,0.44305264949798584,-0.03664494305849075,0.39623361825942993,0.39423346519470215,-0.056032273918390274,0.41722095012664795,0.35127532482147217,-0.06950534135103226,0.30445581674575806,0.5146624445915222,-0.018605072051286697,0.32730069756507874,0.4206045866012573,-0.035867173224687576,0.3452879786491394,0.36059409379959106,-0.05283880606293678,0.3631836473941803,0.3086543381214142,-0.06556929647922516,0.26550450921058655,0.5246384143829346,-0.02688390202820301,0.2823724150657654,0.4330189824104309,-0.04526590555906296,0.2991265654563904,0.37593328952789307,-0.05867477133870125,0.31932345032691956,0.32590946555137634,-0.06823308765888214,0.22319626808166504,0.553026556968689,-0.03800702467560768,0.2188732624053955,0.4819452166557312,-0.05600397661328316,0.22416311502456665,0.4335956871509552,-0.06420247256755829,0.23583254218101501,0.3863493502140045,-0.06947076320648193,carta
0.28037071228027344,0.7491846680641174,6.04457170538808e-07,0.336614191532135,0.6916417479515076,-0.026853982359170914,0.37807023525238037,0.6099002361297607,-0.041747111827135086,0.4036238193511963,0.5408585667610168,-0.05535224825143814,0.43253305554389954,0.4816510081291199,-0.06951815634965897,0.32067370414733887,0.5080596208572388,-0.02522815205156803,0.3397727906703949,0.4191308617591858,-0.05026175081729889,0.3562939763069153,0.36760973930358887,-0.0703345239162445,0.3732726275920868,0.32249805331230164,-0.08394085615873337,0.2804586887359619,0.5058510899543762,-0.02989129163324833,0.2916158437728882,0.4072195887565613,-0.050551075488328934,0.3034864366054535,0.34194403886795044,-0.06809011101722717,0.3158428370952606,0.2846573293209076,-0.08106803148984909,0.2433193325996399,0.5259420275688171,-0.038874346762895584,0.2475176304578781,0.4305650293827057,-0.06050541251897812,0.25928831100463867,0.36832207441329956,-0.07507681846618652,0.2752673029899597,0.31218206882476807,-0.08511625975370407,0.20636466145515442,0.5651666522026062,-0.0504203736782074,0.1909964382648468,0.49379441142082214,-0.07134599983692169,0.19053778052330017,0.4445493519306183,-0.08089922368526459,0.19706735014915466,0.3967297077178955,-0.08687756210565567,carta
0.2808057963848114,0.7433041334152222,6.066935611670488e-07,0.3334791660308838,0.6810913681983948,-0.02964354306459427,0.3695777654647827,0.5943111181259155,-0.04565303400158882,0.3888338804244995,0.5217890739440918,-0.05973631888628006,0.41019177436828613,0.45721063017845154,-0.07449948042631149,0.3009752631187439,0.49771034717559814,-0.029525335878133774,0.31515151262283325,0.40563252568244934,-0.05670974403619766,0.32921192049980164,0.35191211104393005,-0.07836589217185974,0.3441547751426697,0.3044721484184265,-0.09298942238092422,0.2620600461959839,0.5017997622489929,-0.033349908888339996,0.266429603099823,0.40067505836486816,-0.055863525718450546,0.2736990451812744,0.3335192799568176,-0.07481475919485092,0.28216636180877686,0.27352604269981384,-0.088907890021801,0.2279355525970459,0.5288425087928772,-0.04164803773164749,0.22602519392967224,0.43062373995780945,-0.0654219314455986,0.23278579115867615,0.3670666813850403,-0.08174749463796616,0.2440553605556488,0.30826085805892944,-0.09302541613578796,0.19591815769672394,0.5755432844161987,-0.05260837450623512,0.17431658506393433,0.5076249837875366,-0.07608966529369354,0.17060214281082153,0.45725563168525696,-0.0875665619969368,0.17470410466194153,0.4075586795806885,-0.09486892819404602,carta
0.27470672130584717,0.7447309494018555,5.575909653998679e-07,0.33263322710990906,0.6886357069015503,-0.028632428497076035,0.3748666048049927,0.6054493188858032,-0.0426255539059639,0.39635199308395386,0.5325142741203308,-0.054919593036174774,0.41969025135040283,0.4695131182670593,-0.06742151826620102,0.3168357312679291,0.5008974075317383,-0.022414594888687134,0.33733293414115906,0.4115370512008667,-0.04667083919048309,0.3530822992324829,0.3589252829551697,-0.067044697701931,0.3672940135002136,0.31209152936935425,-0.08100134134292603,0.27693429589271545,0.4972946047782898,-0.02515304461121559,0.2888270318508148,0.39776721596717834,-0.0451873242855072,0.29995039105415344,0.3339369297027588,-0.06291233003139496,0.31007957458496094,0.2774888277053833,-0.07596395164728165,0.24040889739990234,0.5156793594360352,-0.03254642337560654,0.24477940797805786,0.4209694266319275,-0.05350001901388168,0.25466835498809814,0.3597014546394348,-0.0678306370973587,0.26798659563064575,0.3030126094818115,-0.07776761800050735,0.20410087704658508,0.5537099242210388,-0.04282546043395996,0.190263032913208,0.48337870836257935,-0.06314593553543091,0.1897428035736084,0.4333454370498657,-0.07262197136878967,0.1952522099018097,0.3835833966732025,-0.07862509787082672,carta
0.26585903763771057,0.7469537258148193,5.520499257727352e-07,0.3287521004676819,0.7000559568405151,-0.027257796376943588,0.37790101766586304,0.6236717700958252,-0.03943166509270668,0.4076375961303711,0.5539774894714355,-0.050386253744363785,0.43894755840301514,0.4968399405479431,-0.061172645539045334,0.33795446157455444,0.5105958580970764,-0.014481615275144577,0.36759817600250244,0.42777103185653687,-0.03629453480243683,0.3879842162132263,0.37969326972961426,-0.055861275643110275,0.4062274098396301,0.33634868264198303,-0.06954153627157211,0.29818257689476013,0.497166246175766,-0.016905486583709717,0.32213348150253296,0.40258002281188965,-0.0346476249396801,0.33974775671958923,0.34370800852775574,-0.0516832135617733,0.3558422029018402,0.29189300537109375,-0.06424686312675476,0.25914376974105835,0.5053704977035522,-0.02426741272211075,0.27572813630104065,0.4136444926261902,-0.04309403523802757,0.2912244200706482,0.3568604290485382,-0.05620310828089714,0.309416264295578,0.30588093400001526,-0.06529507786035538,0.21751396358013153,0.5325666069984436,-0.03463534638285637,0.21535733342170715,0.46058428287506104,-0.05260716751217842,0.2205822467803955,0.41238272190093994,-0.06040281802415848,0.23088675737380981,0.3647039234638214,-0.06527968496084213,carta
0.25426068902015686,0.7413597106933594,5.632607553707203e-07,0.32080039381980896,0.699918806552887,-0.0255891103297472,0.37458810210227966,0.6308274269104004,-0.03626790642738342,0.41008156538009644,0.5650930404663086,-0.0463980957865715,0.44582056999206543,0.5137879252433777,-0.05610445514321327,0.3462996482849121,0.510673999786377,-0.007123133633285761,0.3827762305736542,0.4315332770347595,-0.026299607008695602,0.4060773253440857,0.38613229990005493,-0.044971343129873276,0.42693647742271423,0.34561124444007874,-0.058274753391742706,0.3082644045352936,0.49313271045684814,-0.010006065480411053,0.33889245986938477,0.40156692266464233,-0.024778291583061218,0.35917407274246216,0.34414640069007874,-0.041178807616233826,0.37767091393470764,0.2945690155029297,-0.053536307066679,0.26872438192367554,0.49645134806632996,-0.018003419041633606,0.2914212644100189,0.4070093035697937,-0.03402484953403473,0.31039637327194214,0.3519349694252014,-0.04633478820323944,0.3317354619503021,0.30360323190689087,-0.055277902632951736,0.2246059775352478,0.5182603597640991,-0.02912425994873047,0.22734183073043823,0.44815927743911743,-0.04476530849933624,0.23557020723819733,0.40084585547447205,-0.0513656921684742,0.24882537126541138,0.3544257879257202,-0.05556467920541763,carta
0.2523869276046753,0.7335200309753418,5.673169880537898e-07,0.3170941472053528,0.6980640888214111,-0.027378946542739868,0.37122800946235657,0.630437970161438,-0.03836282342672348,0.40924084186553955,0.566044807434082,-0.04847920313477516,0.4482811689376831,0.517771303653717,-0.057962238788604736,0.350893497467041,0.5068284273147583,-0.0075721717439591885,0.389438658952713,0.4296846389770508,-0.026796916499733925,0.41422542929649353,0.3854726254940033,-0.04557705670595169,0.4366210401058197,0.34588125348091125,-0.058991946280002594,0.3133141100406647,0.48720821738243103,-0.009515318088233471,0.34644263982772827,0.3973718285560608,-0.024078935384750366,0.36829209327697754,0.3409782946109772,-0.040252506732940674,0.388277530670166,0.2918938994407654,-0.052472393959760666,0.2737116515636444,0.4887557029724121,-0.01680450141429901,0.298968642950058,0.4011593759059906,-0.03260645642876625,0.3193071782588959,0.34723228216171265,-0.044544365257024765,0.3417120575904846,0.2995494604110718,-0.05321181192994118,0.22905901074409485,0.5083110332489014,-0.027475209906697273,0.23427250981330872,0.4381640553474426,-0.042770348489284515,0.24368298053741455,0.3911629021167755,-0.04907067120075226,0.2578999102115631,0.34477728605270386,-0.05311785265803337,carta
0.253445029258728,0.7307853102684021,5.75189289975242e-07,0.3193475008010864,0.696811854839325,-0.027847470715641975,0.3741177022457123,0.6326404213905334,-0.039802998304367065,0.4138692021369934,0.5713472962379456,-0.05103733018040657,0.4545220732688904,0.5246151685714722,-0.06156976521015167,0.35722434520721436,0.5067896246910095,-0.008252516388893127,0.397562175989151,0.431127667427063,-0.0288626067340374,0.4238290786743164,0.3868606686592102,-0.04861685633659363,0.4475323557853699,0.34750252962112427,-0.06267982721328735,0.32013240456581116,0.48508405685424805,-0.010301339440047741,0.35527506470680237,0.3960283100605011,-0.026513291522860527,0.37918180227279663,0.33960288763046265,-0.04338949918746948,0.4008852243423462,0.2910243570804596,-0.05596153065562248,0.28030693531036377,0.4851120114326477,-0.01782582700252533,0.30718377232551575,0.3981098532676697,-0.03503666818141937,0.32965463399887085,0.3449290990829468,-0.04746753349900246,0.3538025915622711,0.2985941171646118,-0.05628029257059097,0.235530823469162,0.5030040740966797,-0.028764428570866585,0.24299058318138123,0.4338268041610718,-0.045331839472055435,0.253711074590683,0.3870173692703247,-0.052404697984457016,0.26884597539901733,0.3409736156463623,-0.05684193596243858,carta
0.25567564368247986,0.729154646396637,5.943343808212376e-07,0.32335567474365234,0.6977154612541199,-0.02901236154139042,0.37948060035705566,0.6387441754341125,-0.042311862111091614,0.4210713505744934,0.5804702043533325,-0.054849643260240555,0.46444183588027954,0.5347890853881836,-0.06673475354909897,0.3645702004432678,0.5090202689170837,-0.008618798106908798,0.406291663646698,0.435349702835083,-0.029725579544901848,0.433454304933548,0.3915342688560486,-0.0501946322619915,0.4584715962409973,0.35219019651412964,-0.06492026150226593,0.32800886034965515,0.48615148663520813,-0.010632074438035488,0.3643392324447632,0.3983970582485199,-0.027361232787370682,0.3899710774421692,0.34271886944770813,-0.04498782008886337,0.4139227271080017,0.2952200770378113,-0.058190423995256424,0.28840169310569763,0.48516950011253357,-0.018281899392604828,0.31646472215652466,0.39990171790122986,-0.035977259278297424,0.34030503034591675,0.3482677936553955,-0.04879297316074371,0.3663627803325653,0.30338168144226074,-0.05787482112646103,0.24364709854125977,0.5016669631004333,-0.02945023588836193,0.2516102194786072,0.43259966373443604,-0.046504952013492584,0.26371002197265625,0.38665902614593506,-0.05384272709488869,0.2804934084415436,0.34142446517944336,-0.05844676122069359,carta
0.25661975145339966,0.7291992902755737,6.03302680701745e-07,0.3248206675052643,0.6971213221549988,-0.029469439759850502,0.3810286521911621,0.6399666666984558,-0.04338900372385979,0.42233043909072876,0.582168698310852,-0.05658901482820511,0.46663933992385864,0.5366486310958862,-0.06910509616136551,0.3669642210006714,0.508919894695282,-0.007926443591713905,0.4090002179145813,0.43677347898483276,-0.029358817264437675,0.43659716844558716,0.39424702525138855,-0.05046083405613899,0.46238213777542114,0.3555595278739929,-0.06568829715251923,0.33090752363204956,0.485957533121109,-0.009953189641237259,0.36786949634552,0.3997042775154114,-0.026845760643482208,0.3943975865840912,0.3448387086391449,-0.044993553310632706,0.4196428060531616,0.29766303300857544,-0.05870094150304794,0.2914576232433319,0.48504650592803955,-0.01777004450559616,0.32010987401008606,0.4014962911605835,-0.035580456256866455,0.3445286750793457,0.35057902336120605,-0.04870456084609032,0.3712483048439026,0.3062313497066498,-0.058066610246896744,0.24664299190044403,0.5014203786849976,-0.02918449603021145,0.25535446405410767,0.4328800439834595,-0.04630160331726074,0.267963707447052,0.38723665475845337,-0.0537874810397625,0.2850154936313629,0.34216248989105225,-0.05855018272995949,carta
0.255117803812027,0.7299683094024658,6.157953862384602e-07,0.32441893219947815,0.6994495391845703,-0.03049534372985363,0.3817133903503418,0.6430731415748596,-0.04442689195275307,0.42366164922714233,0.584591269493103,-0.057406846433877945,0.4688209891319275,0.5398374199867249,-0.06952282041311264,0.36985060572624207,0.5112937688827515,-0.007117400877177715,0.41274794936180115,0.43952229619026184,-0.02793344482779503,0.4409562647342682,0.3976380228996277,-0.04881275072693825,0.46770334243774414,0.35953623056411743,-0.06392279267311096,0.3339996337890625,0.48729628324508667,-0.008398485369980335,0.37179237604141235,0.4010951817035675,-0.024409504607319832,0.3991940915584564,0.3470136523246765,-0.042120806872844696,0.4258269667625427,0.3008933663368225,-0.05556468293070793,0.29435279965400696,0.48534640669822693,-0.015653707087039948,0.32447341084480286,0.4026228189468384,-0.03269708901643753,0.3494040071964264,0.3526756167411804,-0.04537087306380272,0.3768169581890106,0.3092060089111328,-0.05446735769510269,0.24901632964611053,0.5004959106445312,-0.026668207719922066,0.25917989015579224,0.43202629685401917,-0.04301292449235916,0.27231675386428833,0.38718855381011963,-0.049959804862737656,0.2897813022136688,0.34257882833480835,-0.05437075346708298,carta
0.2719007432460785,0.7323876619338989,5.743937094848661e-07,0.3362281620502472,0.6883354783058167,-0.02543136104941368,0.3885124921798706,0.6233662366867065,-0.040606070309877396,0.42550140619277954,0.564634382724762,-0.05532011017203331,0.46679937839508057,0.5172269940376282,-0.07043307274580002,0.35568997263908386,0.49844011664390564,-0.01943093165755272,0.38976556062698364,0.41707199811935425,-0.045498479157686234,0.4165712594985962,0.3752116858959198,-0.06759662181138992,0.4435303807258606,0.3393792510032654,-0.08259865641593933,0.3171707093715668,0.48349064588546753,-0.025060735642910004,0.3451192080974579,0.38906174898147583,-0.04539283737540245,0.36840230226516724,0.332107275724411,-0.06334808468818665,0.39203232526779175,0.2821859121322632,-0.07688256353139877,0.27707159519195557,0.49117377400398254,-0.03538703918457031,0.29872483015060425,0.39844566583633423,-0.056343331933021545,0.32075610756874084,0.3420420289039612,-0.06990506500005722,0.3465186655521393,0.29274410009384155,-0.07961144298315048,0.23274780809879303,0.5178744196891785,-0.048472754657268524,0.23210611939430237,0.4430711269378662,-0.06825549155473709,0.24336040019989014,0.3961975574493408,-0.07632415741682053,0.26098495721817017,0.35264477133750916,-0.08141819387674332,carta
0.2752816677093506,0.7293800115585327,6.123780167399673e-07,0.33770430088043213,0.6837548017501831,-0.028816159814596176,0.38617923855781555,0.6131199598312378,-0.04514356330037117,0.4199122190475464,0.55135577917099,-0.06015342101454735,0.45601335167884827,0.5007678270339966,-0.07569048553705215,0.3393478989601135,0.4913628399372101,-0.026370609179139137,0.3688475489616394,0.40712615847587585,-0.054842449724674225,0.3923359215259552,0.35982656478881836,-0.07808107137680054,0.4163227081298828,0.3187331557273865,-0.09382501244544983,0.29937121272087097,0.4823719263076782,-0.03118230774998665,0.3195309042930603,0.382526159286499,-0.05450374633073807,0.3380706310272217,0.3203515410423279,-0.07413344830274582,0.3579912483692169,0.26414862275123596,-0.08863802999258041,0.2604811191558838,0.49859505891799927,-0.04066650941967964,0.2743259370326996,0.4035273790359497,-0.06518680602312088,0.292231947183609,0.3441925346851349,-0.0812821239233017,0.31495246291160583,0.2900804877281189,-0.09223522245883942,0.21966004371643066,0.5352708697319031,-0.052935417741537094,0.21193335950374603,0.4632571339607239,-0.0761120617389679,0.21907448768615723,0.4149004817008972,-0.08660994470119476,0.23428773880004883,0.3682406544685364,-0.09327903389930725,carta
0.2774505615234375,0.7314169406890869,6.1009404817014e-07,0.33877643942832947,0.6823456883430481,-0.02921581082046032,0.3858129382133484,0.6088568568229675,-0.046620648354291916,0.4164089858531952,0.5449066162109375,-0.06256019324064255,0.4497832953929901,0.4895482361316681,-0.07912369817495346,0.33318763971328735,0.48992088437080383,-0.029990654438734055,0.3596018850803375,0.4037524461746216,-0.06000729277729988,0.38237833976745605,0.3562523126602173,-0.08383699506521225,0.4065920412540436,0.3150620758533478,-0.09980061650276184,0.29290544986724854,0.4842100441455841,-0.03514423966407776,0.30886155366897583,0.3834550976753235,-0.059488192200660706,0.325748085975647,0.3209308981895447,-0.07940036803483963,0.34451597929000854,0.2645775079727173,-0.09411732852458954,0.25479593873023987,0.5048297643661499,-0.044803131371736526,0.26417863368988037,0.4098297357559204,-0.07032319158315659,0.28069013357162476,0.35083985328674316,-0.08646511286497116,0.3023930788040161,0.2965580224990845,-0.09742774069309235,0.21629059314727783,0.5463916063308716,-0.057176779955625534,0.2048194706439972,0.47588294744491577,-0.0813152939081192,0.2110065221786499,0.4283009469509125,-0.0919245034456253,0.22539395093917847,0.3825562298297882,-0.09855503588914871,carta
0.28074198961257935,0.731033980846405,6.14813700394734e-07,0.33987000584602356,0.6775603294372559,-0.02909950539469719,0.38382866978645325,0.6004973649978638,-0.04784015938639641,0.41304516792297363,0.5363529920578003,-0.06529099494218826,0.44369637966156006,0.4779907763004303,-0.08371273428201675,0.3238520920276642,0.4885309934616089,-0.03390034660696983,0.34568530321121216,0.39855244755744934,-0.06688924133777618,0.36837443709373474,0.3505980372428894,-0.09230341762304306,0.39391428232192993,0.309049129486084,-0.10924631357192993,0.2850838899612427,0.48829153180122375,-0.0402245819568634,0.2958993911743164,0.38792315125465393,-0.06760343909263611,0.3119437098503113,0.32552748918533325,-0.08952026069164276,0.3312349319458008,0.26822173595428467,-0.10564237833023071,0.2492910623550415,0.5143431425094604,-0.050951965153217316,0.25317370891571045,0.4198858141899109,-0.07997629791498184,0.26857301592826843,0.3607211410999298,-0.09811675548553467,0.2905469238758087,0.3052698075771332,-0.11021673679351807,0.21498894691467285,0.5607756972312927,-0.06417301297187805,0.19761931896209717,0.4938487112522125,-0.09233669191598892,0.20310929417610168,0.4477502703666687,-0.10520108044147491,0.21843980252742767,0.40337803959846497,-0.1131133884191513,carta
0.2818537652492523,0.726088285446167,6.178090075081855e-07,0.3402293026447296,0.6723803877830505,-0.02939782664179802,0.3826650381088257,0.5939059853553772,-0.04900382086634636,0.41077277064323425,0.530564546585083,-0.06733796000480652,0.4403650760650635,0.4699891209602356,-0.08703851699829102,0.3181172013282776,0.4835796058177948,-0.037038903683423996,0.338166207075119,0.39296120405197144,-0.07104431837797165,0.3601934313774109,0.34523332118988037,-0.09701243042945862,0.3852885961532593,0.30311810970306396,-0.11477792263031006,0.28094765543937683,0.48688557744026184,-0.04430485516786575,0.2895762026309967,0.38726845383644104,-0.07332448661327362,0.3049791753292084,0.3255364000797272,-0.09723588824272156,0.32396143674850464,0.26774337887763977,-0.11525242775678635,0.24700729548931122,0.5170857310295105,-0.055825214833021164,0.24811004102230072,0.42379990220069885,-0.08741216361522675,0.2637653052806854,0.36551883816719055,-0.10820459574460983,0.28625693917274475,0.31049448251724243,-0.12229760736227036,0.21504142880439758,0.5673682689666748,-0.06957456469535828,0.19586573541164398,0.5028581023216248,-0.10073141753673553,0.20106250047683716,0.4573405385017395,-0.11610561609268188,0.2163732349872589,0.4129496216773987,-0.12600764632225037,carta
0.29282253980636597,0.7214094996452332,6.189424084368511e-07,0.34736865758895874,0.6670469641685486,-0.029310747981071472,0.38395559787750244,0.5899046659469604,-0.05030157417058945,0.4110420346260071,0.5277313590049744,-0.06975537538528442,0.4402708411216736,0.46791425347328186,-0.09060404449701309,0.31674763560295105,0.4878399670124054,-0.04212423041462898,0.33568987250328064,0.3956359624862671,-0.0779992863535881,0.3576560616493225,0.34754669666290283,-0.10410810261964798,0.38278207182884216,0.30553025007247925,-0.12164907157421112,0.2821117341518402,0.49450933933258057,-0.04977839067578316,0.2871626913547516,0.39441806077957153,-0.08049511164426804,0.30311810970306396,0.33440572023391724,-0.10386498272418976,0.32239800691604614,0.2788291871547699,-0.12116605788469315,0.25168848037719727,0.5284860730171204,-0.06139710918068886,0.24917283654212952,0.43753328919410706,-0.09406537562608719,0.26548609137535095,0.38268208503723145,-0.11354541778564453,0.28745347261428833,0.32928287982940674,-0.1265774965286255,0.22502577304840088,0.5822720527648926,-0.07511240243911743,0.20545905828475952,0.5236262679100037,-0.10696812719106674,0.21080952882766724,0.4782398045063019,-0.12199342995882034,0.22542530298233032,0.431973934173584,-0.13163071870803833,carta
0.29197031259536743,0.7116398811340332,6.752345029781281e-07,0.34517183899879456,0.6567230224609375,-0.031075116246938705,0.3786456286907196,0.5803197026252747,-0.054693982005119324,0.40397313237190247,0.5184030532836914,-0.07619249075651169,0.4322561025619507,0.455476313829422,-0.09976990520954132,0.30783379077911377,0.4869946837425232,-0.051315389573574066,0.32334238290786743,0.3966183662414551,-0.08992171287536621,0.34241193532943726,0.34550940990448,-0.11734317988157272,0.36529356241226196,0.2995365262031555,-0.13633649051189423,0.27580663561820984,0.49788424372673035,-0.059546127915382385,0.2761269211769104,0.402290403842926,-0.0946372002363205,0.2927098572254181,0.34118038415908813,-0.12124123424291611,0.3139300048351288,0.2849149703979492,-0.14114658534526825,0.24928894639015198,0.5379663109779358,-0.07124599069356918,0.24096399545669556,0.4514176845550537,-0.10956194996833801,0.25874263048171997,0.39802759885787964,-0.13313427567481995,0.2833269536495209,0.3478356599807739,-0.1487901210784912,0.22847789525985718,0.5975031852722168,-0.0846230611205101,0.2039635181427002,0.5460671782493591,-0.12314888834953308,0.21123705804347992,0.5055159330368042,-0.14284837245941162,0.2298591434955597,0.46485742926597595,-0.15555916726589203,carta
0.2889779806137085,0.7060113549232483,7.295254818018293e-07,0.34293901920318604,0.6469898819923401,-0.031437840312719345,0.37242263555526733,0.5700520277023315,-0.0584973581135273,0.3983369469642639,0.5097203850746155,-0.08357169479131699,0.4246169626712799,0.4437372088432312,-0.11187312752008438,0.29839640855789185,0.48683643341064453,-0.06627939641475677,0.30969545245170593,0.3959904909133911,-0.11135592311620712,0.3261229395866394,0.33997082710266113,-0.14245674014091492,0.34698420763015747,0.2899317145347595,-0.16438786685466766,0.2679333984851837,0.5025755763053894,-0.07748311012983322,0.2600245773792267,0.40884098410606384,-0.12095317989587784,0.279957115650177,0.3468027114868164,-0.15189765393733978,0.30572521686553955,0.29124414920806885,-0.17491115629673004,0.24382315576076508,0.5477755665779114,-0.0915195420384407,0.22802576422691345,0.4639631509780884,-0.13809528946876526,0.24961432814598083,0.4096736013889313,-0.16624930500984192,0.2779009938240051,0.3603213131427765,-0.18477953970432281,0.22767820954322815,0.6098721027374268,-0.10665851086378098,0.20264054834842682,0.5616843104362488,-0.15340237319469452,0.2108052670955658,0.521682620048523,-0.17815861105918884,0.22960221767425537,0.48200249671936035,-0.19440636038780212,carta
0.2891941964626312,0.7038893699645996,7.325912747546681e-07,0.3433414101600647,0.6441280245780945,-0.032989196479320526,0.37115657329559326,0.5679303407669067,-0.06081007793545723,0.3940073847770691,0.5066338181495667,-0.08598531782627106,0.4179433584213257,0.43938255310058594,-0.11460611969232559,0.29618364572525024,0.4875718653202057,-0.07006441056728363,0.30420970916748047,0.39693671464920044,-0.1157643049955368,0.3179856836795807,0.3388132154941559,-0.1472945213317871,0.3366629183292389,0.2868528366088867,-0.16955968737602234,0.2659912109375,0.5045592784881592,-0.08051548898220062,0.2564077079296112,0.4116145670413971,-0.12475861608982086,0.27319613099098206,0.34816908836364746,-0.15674135088920593,0.2962319254875183,0.29106980562210083,-0.18069162964820862,0.24243178963661194,0.5510733723640442,-0.09354237467050552,0.227840393781662,0.4693688154220581,-0.14030104875564575,0.24563392996788025,0.41332900524139404,-0.16931965947151184,0.2698509693145752,0.36161577701568604,-0.18886461853981018,0.22670748829841614,0.6144339442253113,-0.10763149708509445,0.20144686102867126,0.5689253807067871,-0.15469786524772644,0.20738744735717773,0.5292537212371826,-0.1798861175775528,0.22252440452575684,0.4881363809108734,-0.19665241241455078,carta
0.28476130962371826,0.7088613510131836,7.198173079814296e-07,0.3401719033718109,0.6483421325683594,-0.030650265514850616,0.3690207302570343,0.5699363350868225,-0.056931670755147934,0.39221853017807007,0.5069542527198792,-0.08095548301935196,0.4157557785511017,0.4397231340408325,-0.10885996371507645,0.29619359970092773,0.48915839195251465,-0.06834553927183151,0.3041774034500122,0.3990512788295746,-0.11362477391958237,0.3164604604244232,0.33850371837615967,-0.14510804414749146,0.3322778642177582,0.2834452986717224,-0.16759949922561646,0.26587390899658203,0.5063638091087341,-0.08072644472122192,0.2580135762691498,0.41219615936279297,-0.12540142238140106,0.268209844827652,0.34357914328575134,-0.15909424424171448,0.2822081446647644,0.27912694215774536,-0.18454697728157043,0.24175052344799042,0.5548602342605591,-0.09530357271432877,0.2296673059463501,0.4733401834964752,-0.14232297241687775,0.2429547905921936,0.41444069147109985,-0.1721154898405075,0.26100215315818787,0.3569255471229553,-0.19250164926052094,0.2246628999710083,0.6215506196022034,-0.11065102368593216,0.19947665929794312,0.576381266117096,-0.15819355845451355,0.2024919092655182,0.5364606976509094,-0.18307416141033173,0.21284925937652588,0.49296897649765015,-0.19977207481861115,carta
0.2854941785335541,0.7148236036300659,6.922256261532311e-07,0.3384988009929657,0.6517090797424316,-0.030238807201385498,0.36777788400650024,0.5720709562301636,-0.056147485971450806,0.39041033387184143,0.5087519884109497,-0.0794503316283226,0.4133921265602112,0.44207796454429626,-0.10624994337558746,0.29566943645477295,0.4955320954322815,-0.0678417831659317,0.29907333850860596,0.40135860443115234,-0.1121906042098999,0.31056463718414307,0.34062063694000244,-0.14256633818149567,0.3261457681655884,0.2851415276527405,-0.16374465823173523,0.26600754261016846,0.5135752558708191,-0.08008604496717453,0.2566754221916199,0.41523560881614685,-0.12237895280122757,0.26451683044433594,0.3468259871006012,-0.15358789265155792,0.2762548625469208,0.2812994122505188,-0.1769130527973175,0.24211552739143372,0.5627589225769043,-0.09435513615608215,0.2305029332637787,0.47701334953308105,-0.13809047639369965,0.2382676899433136,0.41664770245552063,-0.16468243300914764,0.2506791949272156,0.35449063777923584,-0.18315468728542328,0.22524437308311462,0.6304479837417603,-0.10956773906946182,0.19709259271621704,0.5862565636634827,-0.1534726619720459,0.19678178429603577,0.5469499230384827,-0.17449161410331726,0.20324714481830597,0.5025195479393005,-0.18843892216682434,carta
0.28119227290153503,0.7172707319259644,7.515928359680402e-07,0.3379908800125122,0.6510986685752869,-0.03265896812081337,0.36684131622314453,0.571910560131073,-0.06446191668510437,0.39018380641937256,0.5102683305740356,-0.09293098002672195,0.4116978645324707,0.44140273332595825,-0.12584666907787323,0.2937011420726776,0.5044431090354919,-0.09135681390762329,0.29519861936569214,0.41025272011756897,-0.1438482105731964,0.30439239740371704,0.34667539596557617,-0.1793593019247055,0.31813764572143555,0.28867587447166443,-0.20472924411296844,0.2638987898826599,0.5273430347442627,-0.10591403394937515,0.24996209144592285,0.4295033812522888,-0.15994909405708313,0.25637608766555786,0.35977762937545776,-0.19900387525558472,0.26638197898864746,0.29324519634246826,-0.2285291701555252,0.2405300736427307,0.5788732767105103,-0.12102454900741577,0.22574913501739502,0.49644601345062256,-0.17426729202270508,0.23167963325977325,0.4350496530532837,-0.20729538798332214,0.23948097229003906,0.37358707189559937,-0.23076878488063812,0.22530606389045715,0.6465875506401062,-0.13645398616790771,0.19998088479042053,0.6032688021659851,-0.18746377527713776,0.19553691148757935,0.5659658908843994,-0.2131209373474121,0.1929202377796173,0.5247299075126648,-0.23129720985889435,carta
0.27600255608558655,0.7205283641815186,7.166327691265906e-07,0.3334355652332306,0.6498945951461792,-0.030361361801624298,0.3603859543800354,0.5688894987106323,-0.06182514503598213,0.38280922174453735,0.5065443515777588,-0.09064273536205292,0.4007319509983063,0.4343487024307251,-0.12408008426427841,0.28779280185699463,0.5060176849365234,-0.0912623330950737,0.28919854760169983,0.40883296728134155,-0.14509502053260803,0.29659467935562134,0.3431628942489624,-0.18277394771575928,0.30741217732429504,0.2842029333114624,-0.21000909805297852,0.2614569365978241,0.5292558670043945,-0.10816352814435959,0.24874097108840942,0.4295174479484558,-0.16484187543392181,0.2482105791568756,0.35813069343566895,-0.20862354338169098,0.2492346614599228,0.28913190960884094,-0.24208876490592957,0.24107223749160767,0.5807810425758362,-0.12496179342269897,0.2257467806339264,0.4979178011417389,-0.18092329800128937,0.22523798048496246,0.43732479214668274,-0.21846367418766022,0.22393538057804108,0.3766363263130188,-0.24554534256458282,0.2282654345035553,0.6484789252281189,-0.14148086309432983,0.20257025957107544,0.6066356301307678,-0.19344742596149445,0.1944027841091156,0.5716291069984436,-0.22021405398845673,0.18642519414424896,0.5331054925918579,-0.23995926976203918,carta
0.2727991044521332,0.7242416739463806,6.639917273787432e-07,0.33228033781051636,0.6492681503295898,-0.029851848259568214,0.35832080245018005,0.5662290453910828,-0.06139902397990227,0.37885504961013794,0.5039506554603577,-0.0901985764503479,0.3934036195278168,0.4296998381614685,-0.1239045038819313,0.28618839383125305,0.5081589818000793,-0.09711246192455292,0.28719672560691833,0.40789949893951416,-0.1508927345275879,0.29043301939964294,0.3401015102863312,-0.18810901045799255,0.29743602871894836,0.28018835186958313,-0.21602974832057953,0.2614833116531372,0.533574104309082,-0.1154206395149231,0.24756190180778503,0.43013420701026917,-0.17535805702209473,0.24371758103370667,0.3582862913608551,-0.22263431549072266,0.24123963713645935,0.2886989116668701,-0.2592226564884186,0.24309730529785156,0.5852881073951721,-0.13269320130348206,0.22786055505275726,0.49938708543777466,-0.1916721910238266,0.22182105481624603,0.4392596185207367,-0.23419718444347382,0.21380093693733215,0.3802482485771179,-0.265428751707077,0.2324434518814087,0.6527777314186096,-0.14917972683906555,0.20537520945072174,0.6127718091011047,-0.20450887084007263,0.19282503426074982,0.5785658359527588,-0.2357501983642578,0.17906048893928528,0.5412488579750061,-0.259406715631485,carta
0.26982200145721436,0.7298417091369629,6.683987976430217e-07,0.3321805000305176,0.6501549482345581,-0.02777889184653759,0.3586549460887909,0.5668420195579529,-0.06274262070655823,0.37985959649086,0.5061197280883789,-0.09456119686365128,0.3916485905647278,0.4300658106803894,-0.131981760263443,0.2877483367919922,0.5161901712417603,-0.11659631133079529,0.28689491748809814,0.4171223044395447,-0.17724090814590454,0.2900950312614441,0.3478616178035736,-0.2190566509962082,0.29666629433631897,0.28682756423950195,-0.2508508265018463,0.26233094930648804,0.5438159108161926,-0.13815566897392273,0.24726751446723938,0.4442081153392792,-0.20980292558670044,0.24239003658294678,0.37162724137306213,-0.265254408121109,0.2390047311782837,0.3004034757614136,-0.3084687888622284,0.24325229227542877,0.5954974293708801,-0.15663090348243713,0.22827105224132538,0.5175216794013977,-0.2262149155139923,0.22034190595149994,0.45452532172203064,-0.2775272727012634,0.2113785445690155,0.3938356339931488,-0.31517019867897034,0.23239772021770477,0.661561906337738,-0.17301137745380402,0.20573508739471436,0.6244078874588013,-0.23635634779930115,0.191889226436615,0.5929567217826843,-0.27367812395095825,0.17685550451278687,0.5582888722419739,-0.30270916223526,carta
0.26959261298179626,0.742047905921936,6.411196977751388e-07,0.32558688521385193,0.6550407409667969,-0.027754174545407295,0.3490573465824127,0.570263683795929,-0.06539563834667206,0.37066876888275146,0.506859540939331,-0.09931344538927078,0.38094520568847656,0.4283818006515503,-0.1392775923013687,0.2815116345882416,0.5355159640312195,-0.12902015447616577,0.2777297794818878,0.43654170632362366,-0.1907898187637329,0.27677464485168457,0.3677480220794678,-0.2319316267967224,0.28258588910102844,0.3067258596420288,-0.2634393274784088,0.259843647480011,0.5684343576431274,-0.15070967376232147,0.24045011401176453,0.47436004877090454,-0.2249007374048233,0.23421916365623474,0.40327656269073486,-0.28090599179267883,0.23208817839622498,0.3325042426586151,-0.32540181279182434,0.24556337296962738,0.6225946545600891,-0.16815999150276184,0.22521096467971802,0.5499302744865417,-0.23782861232757568,0.22020620107650757,0.4876098036766052,-0.28977805376052856,0.21662522852420807,0.4290732741355896,-0.32925283908843994,0.23977072536945343,0.6905286312103271,-0.18340322375297546,0.21208064258098602,0.6608086228370667,-0.2463461011648178,0.2011430263519287,0.630851686000824,-0.2855455279350281,0.19047674536705017,0.5970261693000793,-0.3171960711479187,carta
0.2665170729160309,0.748092532157898,6.642449079663493e-07,0.31761446595191956,0.6592291593551636,-0.02727760560810566,0.33808621764183044,0.5737873911857605,-0.06484169512987137,0.35810282826423645,0.5087705850601196,-0.09865694493055344,0.36436086893081665,0.4304283857345581,-0.13891597092151642,0.271883100271225,0.5490926504135132,-0.13044174015522003,0.26566243171691895,0.4522225558757782,-0.19249048829078674,0.26338082551956177,0.3837284445762634,-0.23406504094600677,0.26874855160713196,0.3222188353538513,-0.26589465141296387,0.25227347016334534,0.5843808650970459,-0.15253831446170807,0.22988831996917725,0.49717390537261963,-0.2260483354330063,0.22189737856388092,0.42955803871154785,-0.28049349784851074,0.21819770336151123,0.3613029718399048,-0.32392507791519165,0.24044087529182434,0.6414530277252197,-0.17044471204280853,0.21654215455055237,0.5770317912101746,-0.23923669755458832,0.21011260151863098,0.5159474015235901,-0.2896815538406372,0.20541033148765564,0.45788925886154175,-0.3285927474498749,0.23716653883457184,0.7125125527381897,-0.1862756460905075,0.2107447236776352,0.6913045644760132,-0.24864238500595093,0.20041796565055847,0.6645448803901672,-0.28711920976638794,0.1902552992105484,0.6331029534339905,-0.3185890316963196,carta
0.26450610160827637,0.7572751045227051,6.838677109044511e-07,0.3119657635688782,0.6632755994796753,-0.02782994881272316,0.32804155349731445,0.5761018991470337,-0.06546693295240402,0.3455989360809326,0.5099355578422546,-0.0993746668100357,0.3501236140727997,0.4310828447341919,-0.13983552157878876,0.2626447379589081,0.5601803660392761,-0.1309424638748169,0.2532648742198944,0.46762970089912415,-0.19354183971881866,0.24938173592090607,0.4010128974914551,-0.2356509566307068,0.2538551092147827,0.33933401107788086,-0.26801469922065735,0.24621202051639557,0.5979816317558289,-0.15271151065826416,0.22068141400814056,0.5162736177444458,-0.2268400639295578,0.2136191576719284,0.45039641857147217,-0.2818107008934021,0.21056687831878662,0.3827967047691345,-0.3258635997772217,0.23773406445980072,0.6564152836799622,-0.17032423615455627,0.20938065648078918,0.5981168150901794,-0.24007275700569153,0.20394042134284973,0.5397307276725769,-0.2910209894180298,0.2003459334373474,0.4848977327346802,-0.3303736448287964,0.23740465939044952,0.7280175089836121,-0.185969740152359,0.2123095989227295,0.7117465734481812,-0.24930588901042938,0.20392754673957825,0.6905645132064819,-0.28846055269241333,0.19457611441612244,0.6647624969482422,-0.3206195533275604,carta
0.2527746558189392,0.7678273320198059,8.352689064849983e-07,0.30123370885849,0.6632940769195557,-0.027465105056762695,0.3132287561893463,0.5738498568534851,-0.07303699105978012,0.33124351501464844,0.507361114025116,-0.11404053121805191,0.33119887113571167,0.42543625831604004,-0.1622953712940216,0.24438028037548065,0.5711114406585693,-0.159762904047966,0.23843882977962494,0.4853873550891876,-0.2368984967470169,0.2410559058189392,0.41883420944213867,-0.28927645087242126,0.2524159848690033,0.35849547386169434,-0.32851341366767883,0.23001886904239655,0.6190201044082642,-0.18617932498455048,0.21093475818634033,0.5410533547401428,-0.2805369794368744,0.21094036102294922,0.47781309485435486,-0.3468862473964691,0.21629926562309265,0.4136556386947632,-0.3987713158130646,0.22792735695838928,0.6824589371681213,-0.20637838542461395,0.21501600742340088,0.6329619884490967,-0.2921513617038727,0.2138480842113495,0.579863429069519,-0.3514227569103241,0.2146623730659485,0.5303190350532532,-0.3960571885108948,0.23720210790634155,0.7547191977500916,-0.2235083132982254,0.22442132234573364,0.7449217438697815,-0.2976146638393402,0.22173011302947998,0.7239041328430176,-0.3437642455101013,0.21750016510486603,0.6967769265174866,-0.3816010355949402,carta
0.23523373901844025,0.7823696136474609,1.0090117257277598e-06,0.2937392294406891,0.6760626435279846,-0.029600096866488457,0.31166231632232666,0.5895552635192871,-0.08148511499166489,0.33109134435653687,0.524955153465271,-0.12936094403266907,0.33992087841033936,0.4429476261138916,-0.18516726791858673,0.22769761085510254,0.5853201150894165,-0.16951057314872742,0.2346600890159607,0.5178856253623962,-0.2599101662635803,0.2592257261276245,0.4691741168498993,-0.32156163454055786,0.29251596331596375,0.4279826283454895,-0.3654005229473114,0.20944035053253174,0.6379778385162354,-0.198978453874588,0.20847125351428986,0.5771245360374451,-0.30474722385406494,0.2334412932395935,0.524168848991394,-0.37087056040763855,0.26801711320877075,0.47480446100234985,-0.42070597410202026,0.20740686357021332,0.7040511965751648,-0.22454723715782166,0.21063722670078278,0.6624969840049744,-0.3249650299549103,0.23561258614063263,0.6150633692741394,-0.3854532241821289,0.26863062381744385,0.5748462080955505,-0.42718395590782166,0.21792954206466675,0.7707457542419434,-0.2470957636833191,0.221185103058815,0.7664196491241455,-0.33232852816581726,0.24322503805160522,0.7427379488945007,-0.3817378282546997,0.2723955810070038,0.7147253751754761,-0.41966572403907776,carta
0.22652053833007812,0.791945219039917,9.933590945365722e-07,0.2919042110443115,0.688261091709137,-0.025273248553276062,0.3169410824775696,0.6020328998565674,-0.07508885860443115,0.33844658732414246,0.5420151948928833,-0.12228462845087051,0.3520810604095459,0.46054351329803467,-0.17716707289218903,0.23166051506996155,0.5868672728538513,-0.16286814212799072,0.23974832892417908,0.5159083604812622,-0.2541646361351013,0.27071765065193176,0.46904054284095764,-0.3172890841960907,0.31112635135650635,0.43263381719589233,-0.36183807253837585,0.21263405680656433,0.6387077569961548,-0.19467896223068237,0.21133901178836823,0.5711135864257812,-0.30071887373924255,0.24112966656684875,0.5219400525093079,-0.3681113123893738,0.2821798622608185,0.4784483015537262,-0.41849565505981445,0.20760521292686462,0.7043988704681396,-0.2226795256137848,0.20834194123744965,0.6609760522842407,-0.3254605233669281,0.23845607042312622,0.6144899725914001,-0.38949358463287354,0.2780388593673706,0.5777442455291748,-0.43313130736351013,0.21411041915416718,0.770457923412323,-0.24699708819389343,0.21856026351451874,0.7692040205001831,-0.3346112370491028,0.24359340965747833,0.7492333054542542,-0.3860100507736206,0.2759799063205719,0.7258422374725342,-0.42533671855926514,carta
0.2246224582195282,0.7961939573287964,1.0093554010381922e-06,0.2929005026817322,0.6952420473098755,-0.02256864123046398,0.3213503062725067,0.6153156757354736,-0.07437129318714142,0.34728747606277466,0.5578122138977051,-0.12393282353878021,0.36743563413619995,0.47748976945877075,-0.18077898025512695,0.23657408356666565,0.5892748832702637,-0.16784091293811798,0.24848969280719757,0.5142654776573181,-0.260981023311615,0.2833210527896881,0.47328436374664307,-0.32438376545906067,0.3254111707210541,0.44726788997650146,-0.368551105260849,0.2159828245639801,0.6400550603866577,-0.20134863257408142,0.21853706240653992,0.5728863477706909,-0.31047919392585754,0.2535648047924042,0.5258813500404358,-0.37796491384506226,0.2980630397796631,0.4878932237625122,-0.4280736744403839,0.20968008041381836,0.7072116136550903,-0.23014187812805176,0.21352514624595642,0.6646321415901184,-0.33425331115722656,0.24799707531929016,0.6182602643966675,-0.3975168764591217,0.29045283794403076,0.5842893719673157,-0.44047027826309204,0.21536153554916382,0.7754049301147461,-0.2546955943107605,0.22229629755020142,0.7737831473350525,-0.34076085686683655,0.24957028031349182,0.7540120482444763,-0.3898872435092926,0.28281623125076294,0.7317844033241272,-0.42782023549079895,carta
0.2245132327079773,0.796430230140686,9.94741981230618e-07,0.29520663619041443,0.6949774026870728,-0.01990898884832859,0.3247458338737488,0.6144120693206787,-0.07062171399593353,0.35149821639060974,0.5580459237098694,-0.11964955180883408,0.37456944584846497,0.477581262588501,-0.17627635598182678,0.2397400438785553,0.588060736656189,-0.166673943400383,0.25101280212402344,0.5123651623725891,-0.2598978579044342,0.287737101316452,0.4712410569190979,-0.323264479637146,0.33329346776008606,0.44559159874916077,-0.3673990070819855,0.21915245056152344,0.6381701827049255,-0.20133191347122192,0.2202010154724121,0.5692058801651001,-0.30976369976997375,0.2564161419868469,0.5235543847084045,-0.3762633204460144,0.3036300241947174,0.4889172315597534,-0.4258784353733063,0.21207064390182495,0.7047574520111084,-0.2312282919883728,0.2127256989479065,0.6602994799613953,-0.334951788187027,0.24741926789283752,0.6123256087303162,-0.3992476761341095,0.2916330099105835,0.578651487827301,-0.4433172941207886,0.21692249178886414,0.772398829460144,-0.25662481784820557,0.22119192779064178,0.770953893661499,-0.3431202173233032,0.24824991822242737,0.7523316144943237,-0.39373108744621277,0.2826089859008789,0.7321289777755737,-0.43306735157966614,carta
0.22629685699939728,0.8010505437850952,1.0098819984705187e-06,0.29729512333869934,0.6979888081550598,-0.020951585844159126,0.32692068815231323,0.6169734597206116,-0.07235335558652878,0.35427752137184143,0.559700608253479,-0.12207427620887756,0.37772080302238464,0.479157030582428,-0.17952153086662292,0.23868905007839203,0.5886203646659851,-0.1679212749004364,0.2507438659667969,0.5134487152099609,-0.2613837420940399,0.28866496682167053,0.4738428592681885,-0.32455724477767944,0.33524951338768005,0.44918233156204224,-0.3685777187347412,0.21759061515331268,0.639306902885437,-0.20247773826122284,0.22272516787052155,0.5708064436912537,-0.3113170266151428,0.2611832916736603,0.5263170599937439,-0.3780302405357361,0.3092244863510132,0.4935113191604614,-0.42765629291534424,0.21068988740444183,0.7068765759468079,-0.23240776360034943,0.21428710222244263,0.6618539690971375,-0.3359213173389435,0.25038662552833557,0.6153787970542908,-0.3997887372970581,0.29483386874198914,0.5836458802223206,-0.44345757365226746,0.21570263803005219,0.7759413719177246,-0.2580830752849579,0.22099564969539642,0.7728729248046875,-0.3447394371032715,0.24918235838413239,0.7513558268547058,-0.39590102434158325,0.2847212553024292,0.7296432256698608,-0.43543776869773865,carta
0.23460455238819122,0.8054091930389404,9.983125437429408e-07,0.3095850944519043,0.7021421194076538,-0.025711191818118095,0.34554874897003174,0.621908962726593,-0.07311077415943146,0.37635716795921326,0.5685856342315674,-0.11819741129875183,0.4003232717514038,0.49629512429237366,-0.16874758899211884,0.24522629380226135,0.5892064571380615,-0.15478481352329254,0.26666557788848877,0.5194433331489563,-0.2367035299539566,0.31311213970184326,0.4850231409072876,-0.28930240869522095,0.3640982508659363,0.4629334807395935,-0.3255579173564911,0.21849220991134644,0.6412452459335327,-0.1823003739118576,0.24119707942008972,0.5737126469612122,-0.27537405490875244,0.2956043779850006,0.5372886657714844,-0.3301668167114258,0.3488345444202423,0.5135122537612915,-0.3710762560367584,0.21078485250473022,0.7089844346046448,-0.20591118931770325,0.23699474334716797,0.6657430529594421,-0.29371190071105957,0.2911876440048218,0.6340887546539307,-0.3415473997592926,0.343273788690567,0.6123834252357483,-0.3739936947822571,0.21825826168060303,0.7847845554351807,-0.22740238904953003,0.2421325296163559,0.774836540222168,-0.30132409930229187,0.2824522852897644,0.7592770457267761,-0.3409264385700226,0.323082834482193,0.7458877563476562,-0.3708445727825165,carta
0.2267891764640808,0.7995550036430359,9.62240505941736e-07,0.3001650273799896,0.6958383917808533,0.0010849004611372948,0.3312740921974182,0.6204484701156616,-0.040612854063510895,0.361339807510376,0.5745044946670532,-0.0830734372138977,0.39044487476348877,0.5190737247467041,-0.13154567778110504,0.25372442603111267,0.5936514139175415,-0.15652154386043549,0.2807092070579529,0.519291341304779,-0.24295122921466827,0.3275173306465149,0.4820232391357422,-0.2972135543823242,0.37435612082481384,0.4609609842300415,-0.3340288996696472,0.2383822798728943,0.6532149314880371,-0.19602127373218536,0.26152274012565613,0.5827054977416992,-0.300415575504303,0.3181706964969635,0.5458698868751526,-0.35351985692977905,0.37263622879981995,0.5210548639297485,-0.39139604568481445,0.23512037098407745,0.722094714641571,-0.22829405963420868,0.25927814841270447,0.6720801591873169,-0.32639533281326294,0.3129856586456299,0.6335762739181519,-0.3739859163761139,0.36358579993247986,0.6087418794631958,-0.40345296263694763,0.2432892620563507,0.7896072268486023,-0.25431719422340393,0.2739236354827881,0.7766933441162109,-0.3328858017921448,0.31654080748558044,0.7547661662101746,-0.3716660439968109,0.35813841223716736,0.7363497018814087,-0.40041017532348633,carta
0.23034262657165527,0.7947371602058411,8.840847840474453e-07,0.28649449348449707,0.6847177147865295,0.007643268443644047,0.3126741945743561,0.6119773387908936,-0.029085516929626465,0.3387380540370941,0.5662623643875122,-0.06649082899093628,0.36781373620033264,0.5130770206451416,-0.10893715173006058,0.2552487552165985,0.595267653465271,-0.1502106636762619,0.2833431363105774,0.5202467441558838,-0.23397627472877502,0.32784271240234375,0.48026078939437866,-0.2852678894996643,0.3685610592365265,0.45609375834465027,-0.31901609897613525,0.2483408898115158,0.6560317873954773,-0.1890787035226822,0.2708345353603363,0.5839765071868896,-0.2935939431190491,0.32743164896965027,0.5435253977775574,-0.34340235590934753,0.379436194896698,0.5147145390510559,-0.3761676251888275,0.25043752789497375,0.7241194844245911,-0.21970896422863007,0.27895042300224304,0.6733678579330444,-0.3182252049446106,0.3332045376300812,0.6289361715316772,-0.36293819546699524,0.38039976358413696,0.5982576608657837,-0.3874690532684326,0.2627868056297302,0.788851261138916,-0.24282433092594147,0.29827290773391724,0.7744930982589722,-0.3197733461856842,0.34257885813713074,0.7501428723335266,-0.35481947660446167,0.3836049437522888,0.7299537658691406,-0.3788166642189026,carta
0.22648030519485474,0.7862255573272705,9.087768262361351e-07,0.27947381138801575,0.6727595329284668,0.004479688126593828,0.30669647455215454,0.6022518873214722,-0.033025313168764114,0.3333490192890167,0.5627262592315674,-0.06862583756446838,0.36280107498168945,0.5163021087646484,-0.10810987651348114,0.24599511921405792,0.5863059759140015,-0.16211232542991638,0.27337881922721863,0.5126056671142578,-0.24255196750164032,0.3185291290283203,0.46769165992736816,-0.28745919466018677,0.3613169193267822,0.440582275390625,-0.3170783519744873,0.23873992264270782,0.6495329141616821,-0.19814440608024597,0.2659871280193329,0.5756786465644836,-0.3045502305030823,0.3236011266708374,0.5304983854293823,-0.3539299964904785,0.37797343730926514,0.5003865957260132,-0.38629481196403503,0.24527102708816528,0.7177292108535767,-0.2249891459941864,0.28323304653167725,0.666883647441864,-0.32408785820007324,0.3402544856071472,0.618018627166748,-0.3712325096130371,0.3876810073852539,0.5838014483451843,-0.39782944321632385,0.2645735442638397,0.7824870347976685,-0.24419496953487396,0.30734026432037354,0.7607195973396301,-0.3215082883834839,0.3528864085674286,0.7342307567596436,-0.35992392897605896,0.39327847957611084,0.7125441431999207,-0.3870798349380493,carta
0.21312889456748962,0.7949192523956299,9.540648306938238e-07,0.23886513710021973,0.6669814586639404,-0.006485541816800833,0.2656722962856293,0.5843051075935364,-0.04941345006227493,0.2989402711391449,0.5328583717346191,-0.08894133567810059,0.33432072401046753,0.4814339280128479,-0.1314849853515625,0.22442063689231873,0.583670973777771,-0.1698947250843048,0.25777578353881836,0.5050482749938965,-0.25404852628707886,0.30253562331199646,0.4544156491756439,-0.30066901445388794,0.341946542263031,0.41900572180747986,-0.32877877354621887,0.22820675373077393,0.650969922542572,-0.19987614452838898,0.2691201865673065,0.5683378577232361,-0.2991282343864441,0.32859915494918823,0.5130040049552917,-0.3431144058704376,0.3794281482696533,0.47593873739242554,-0.37097546458244324,0.24806436896324158,0.718072772026062,-0.2222050577402115,0.29384905099868774,0.6465509533882141,-0.3131961524486542,0.3549443483352661,0.5888296961784363,-0.35420119762420654,0.40258949995040894,0.5470936298370361,-0.37613585591316223,0.28054022789001465,0.7801895141601562,-0.2386905699968338,0.3340734839439392,0.7366615533828735,-0.30519720911979675,0.3801214098930359,0.6943078637123108,-0.33587247133255005,0.41977983713150024,0.6581519246101379,-0.35698169469833374,carta
0.20813453197479248,0.8027729988098145,8.331140293194039e-07,0.2055903673171997,0.6932999491691589,-0.01045895367860794,0.23099708557128906,0.57799232006073,-0.0333237387239933,0.2643895447254181,0.4864835739135742,-0.050582367926836014,0.29373669624328613,0.4167730212211609,-0.06799671053886414,0.21067914366722107,0.6180310845375061,-0.11881978064775467,0.2673662304878235,0.50347900390625,-0.16468118131160736,0.3177028298377991,0.4348676800727844,-0.18210768699645996,0.3580872714519501,0.3938281834125519,-0.18980297446250916,0.2317555695772171,0.6797969937324524,-0.13045813143253326,0.2935805320739746,0.5591763854026794,-0.18609222769737244,0.3519892394542694,0.483309805393219,-0.201778843998909,0.3939336836338043,0.43986886739730835,-0.2088562399148941,0.26672548055648804,0.7372157573699951,-0.13634911179542542,0.33184513449668884,0.625873327255249,-0.18369311094284058,0.38830918073654175,0.5509302020072937,-0.19802306592464447,0.42384469509124756,0.49941039085388184,-0.20262321829795837,0.3069054186344147,0.7842392325401306,-0.13939955830574036,0.37357011437416077,0.7016396522521973,-0.1740751564502716,0.41181322932243347,0.6473355293273926,-0.18559715151786804,0.435977578163147,0.6070771217346191,-0.19079628586769104,carta
0.21362510323524475,0.8029256463050842,7.3949257739514e-07,0.2097504436969757,0.6903777122497559,-0.006692758295685053,0.2363164722919464,0.5798729658126831,-0.02619211934506893,0.2675045132637024,0.4858444333076477,-0.03938582167029381,0.27905964851379395,0.4103926718235016,-0.05271068215370178,0.21407267451286316,0.6096494197845459,-0.11324235796928406,0.2691768705844879,0.4925398528575897,-0.1561284363269806,0.31396135687828064,0.4200804829597473,-0.17074833810329437,0.3499588966369629,0.37449750304222107,-0.17552217841148376,0.2417263686656952,0.6671554446220398,-0.12235307693481445,0.3025791347026825,0.5433756113052368,-0.17508335411548615,0.35479968786239624,0.46244680881500244,-0.18841731548309326,0.39255380630493164,0.41330188512802124,-0.19328685104846954,0.2808797061443329,0.7184812426567078,-0.12493640929460526,0.34741535782814026,0.6013147234916687,-0.17012238502502441,0.3931935429573059,0.522478461265564,-0.18252338469028473,0.42323392629623413,0.4674977660179138,-0.1848188191652298,0.3225112855434418,0.7623324990272522,-0.12381778657436371,0.3854067325592041,0.6739325523376465,-0.1544996201992035,0.4177788197994232,0.6191153526306152,-0.16287189722061157,0.4382936358451843,0.5778111219406128,-0.16529710590839386,carta
0.21972033381462097,0.7974398136138916,7.197364197963907e-07,0.21159574389457703,0.6876484155654907,-0.006965260487049818,0.23558929562568665,0.5715529322624207,-0.023536590859293938,0.2628493010997772,0.4772524833679199,-0.03574378415942192,0.2631542682647705,0.405520498752594,-0.04832868278026581,0.22275617718696594,0.5887326002120972,-0.0869370773434639,0.27836114168167114,0.468492329120636,-0.11999205499887466,0.3195123076438904,0.40084588527679443,-0.13025639951229095,0.3523036539554596,0.3554098606109619,-0.13303709030151367,0.25050702691078186,0.6431145668029785,-0.09586291760206223,0.3163810968399048,0.5131803750991821,-0.13343101739883423,0.36486467719078064,0.43596935272216797,-0.14248357713222504,0.40014588832855225,0.38580119609832764,-0.14532092213630676,0.28906381130218506,0.6945624351501465,-0.09983741492033005,0.3560769557952881,0.5741045475006104,-0.13005897402763367,0.39836615324020386,0.499737411737442,-0.13599629700183868,0.42598915100097656,0.4464041292667389,-0.13612347841262817,0.3299916386604309,0.7407262325286865,-0.10172926634550095,0.3912757635116577,0.6469465494155884,-0.12185399979352951,0.421732634305954,0.5924238562583923,-0.12503618001937866,0.44174349308013916,0.5503407120704651,-0.12441347539424896,carta
0.23238012194633484,0.782731831073761,6.026065193509567e-07,0.21247300505638123,0.6740472316741943,-0.00414015119895339,0.23008668422698975,0.5666760802268982,-0.019484106451272964,0.25595682859420776,0.47648191452026367,-0.030451811850070953,0.25341159105300903,0.4059274196624756,-0.041347015649080276,0.23335431516170502,0.5763139128684998,-0.07970316708087921,0.2892710864543915,0.44713664054870605,-0.10847996175289154,0.3291531205177307,0.38579678535461426,-0.11387918889522552,0.3595936596393585,0.34647229313850403,-0.11276955157518387,0.27019935846328735,0.6244120597839355,-0.08694202452898026,0.3352258503437042,0.48702913522720337,-0.11678138375282288,0.37617477774620056,0.4170689582824707,-0.11836307495832443,0.40333130955696106,0.3729436993598938,-0.11634183675050735,0.3110285997390747,0.6707874536514282,-0.08931304514408112,0.3750208616256714,0.543557345867157,-0.1104009822010994,0.40881848335266113,0.4766671061515808,-0.10722190886735916,0.42895209789276123,0.428352415561676,-0.10237415134906769,0.3492094874382019,0.7147782444953918,-0.08997240662574768,0.40579187870025635,0.6213705539703369,-0.10254483669996262,0.4311007261276245,0.5689672827720642,-0.0996238961815834,0.44594746828079224,0.5272695422172546,-0.09502510726451874,carta
0.23908793926239014,0.7769298553466797,4.5543382043433667e-07,0.2088412046432495,0.6713159680366516,-0.005827049724757671,0.21742844581604004,0.5674112439155579,-0.018001198768615723,0.24051052331924438,0.47774720191955566,-0.025278396904468536,0.24889418482780457,0.4079776406288147,-0.032374341040849686,0.2493753284215927,0.5781042575836182,-0.06901998072862625,0.29959815740585327,0.4440171420574188,-0.09145040065050125,0.3328086733818054,0.38463807106018066,-0.09296957403421402,0.3577740490436554,0.3480660021305084,-0.08944092690944672,0.29436713457107544,0.6188796162605286,-0.07125215977430344,0.35055166482925415,0.47895750403404236,-0.0919734314084053,0.38270601630210876,0.4128724932670593,-0.0893610268831253,0.40299323201179504,0.37224623560905457,-0.08516795188188553,0.33516591787338257,0.6590718030929565,-0.06935981661081314,0.38757386803627014,0.5290132761001587,-0.08284176886081696,0.41364604234695435,0.46586769819259644,-0.07805076241493225,0.4276350438594818,0.42273277044296265,-0.07309691607952118,0.3678359389305115,0.6979172825813293,-0.06612323969602585,0.4145510196685791,0.6116164922714233,-0.07508990913629532,0.434891015291214,0.5592656135559082,-0.07243665307760239,0.44558441638946533,0.5154655575752258,-0.06821435689926147,carta
0.2452544867992401,0.7777948379516602,3.1863768867879116e-07,0.21346145868301392,0.6740081906318665,-0.0026910912711173296,0.21906882524490356,0.5708214044570923,-0.011364859528839588,0.24286285042762756,0.48001083731651306,-0.015843108296394348,0.2539252042770386,0.4070490002632141,-0.01934148371219635,0.26722952723503113,0.5683212280273438,-0.05428417772054672,0.31426018476486206,0.43657323718070984,-0.06886528432369232,0.34158509969711304,0.38137659430503845,-0.06543532758951187,0.36181432008743286,0.34700852632522583,-0.058439355343580246,0.3148108422756195,0.6061595678329468,-0.05420519411563873,0.3674364686012268,0.470337450504303,-0.06475134938955307,0.39370444416999817,0.41190552711486816,-0.055391620844602585,0.40898627042770386,0.38013219833374023,-0.04619862139225006,0.3531683385372162,0.6452488899230957,-0.050553157925605774,0.4011152386665344,0.5229992270469666,-0.05576082319021225,0.4221228361129761,0.46747294068336487,-0.04621388763189316,0.43113580346107483,0.4324932396411896,-0.03789566457271576,0.38125938177108765,0.6842266321182251,-0.045617785304784775,0.42360636591911316,0.6068981289863586,-0.04569534957408905,0.4407100975513458,0.5598775744438171,-0.03780495002865791,0.44739729166030884,0.5203946232795715,-0.02981635555624962,carta
0.2626197636127472,0.7792699933052063,2.3863839260229724e-07,0.23287083208560944,0.6752336621284485,-0.006282566115260124,0.23533666133880615,0.5749458074569702,-0.016000693663954735,0.2593623101711273,0.4876852035522461,-0.02148400992155075,0.2678983509540558,0.4167516827583313,-0.024654436856508255,0.3027178943157196,0.5700638294219971,-0.04389464110136032,0.3451724052429199,0.44168776273727417,-0.05250551551580429,0.3659892678260803,0.38885968923568726,-0.04710862413048744,0.38209643959999084,0.35176223516464233,-0.039279863238334656,0.34745433926582336,0.6058553457260132,-0.03997766599059105,0.39636534452438354,0.4723360240459442,-0.045642510056495667,0.41706582903862,0.41936343908309937,-0.033535197377204895,0.4301135540008545,0.3907776474952698,-0.02209979109466076,0.3804610073566437,0.6425682306289673,-0.03331098333001137,0.42466384172439575,0.5226010084152222,-0.03468237817287445,0.43666544556617737,0.47412481904029846,-0.0205756314098835,0.43787437677383423,0.44753095507621765,-0.007993028499186039,0.4041236639022827,0.6776236891746521,-0.026177603751420975,0.4447498917579651,0.597054660320282,-0.021176481619477272,0.4534359872341156,0.553905725479126,-0.008534383028745651,0.4513753056526184,0.5230827927589417,0.003396927146241069,carta
0.2754719853401184,0.7804763317108154,8.880379454012655e-08,0.241523876786232,0.6759594678878784,0.0024281491059809923,0.24540063738822937,0.5736369490623474,0.0010789206717163324,0.2728005349636078,0.48589804768562317,0.0033678789623081684,0.27746260166168213,0.41827771067619324,0.007923411205410957,0.3260050117969513,0.5595064759254456,-0.02641131915152073,0.37137067317962646,0.43957895040512085,-0.025293104350566864,0.3901246190071106,0.39134228229522705,-0.01399902068078518,0.4027906656265259,0.3577955663204193,-0.001974540762603283,0.37191805243492126,0.5970906615257263,-0.02139877714216709,0.42147576808929443,0.4700506031513214,-0.01902959682047367,0.43333789706230164,0.42236554622650146,-0.0005083731957711279,0.43775755167007446,0.40092402696609497,0.016724329441785812,0.4019209146499634,0.637821614742279,-0.013025973923504353,0.44601285457611084,0.5237612724304199,-0.008887112140655518,0.4510725736618042,0.4744608402252197,0.009039752185344696,0.4463909864425659,0.45098885893821716,0.02562585473060608,0.42113950848579407,0.6751700043678284,-0.00308903562836349,0.461290180683136,0.5930766463279724,0.00980748888105154,0.46344852447509766,0.5524823069572449,0.028324436396360397,0.4570644795894623,0.5315131545066833,0.044761523604393005,carta
0.28121569752693176,0.7877568006515503,7.83591644903936e-08,0.24702143669128418,0.6834489703178406,0.002787126461043954,0.25031551718711853,0.5801255106925964,0.0010855987202376127,0.2764895558357239,0.49015992879867554,0.0019190206658095121,0.27842217683792114,0.4222204089164734,0.005237661302089691,0.3381563127040863,0.5602589249610901,-0.017276685684919357,0.3822554647922516,0.4435631036758423,-0.015503290109336376,0.40145307779312134,0.3956899642944336,-0.005774610675871372,0.4148485064506531,0.36291635036468506,0.004802473820745945,0.3819033205509186,0.5978813767433167,-0.013647476211190224,0.4280746579170227,0.47475767135620117,-0.009206178598105907,0.4397149682044983,0.4265834391117096,0.008647425100207329,0.44504067301750183,0.40287405252456665,0.0247991681098938,0.4097787141799927,0.6384356021881104,-0.007555438205599785,0.4505477845668793,0.5288618803024292,-0.002941453829407692,0.4556921124458313,0.4780143201351166,0.014150337316095829,0.45122459530830383,0.45189303159713745,0.029807500541210175,0.42757976055145264,0.6754800081253052,-0.0001636724773561582,0.46724212169647217,0.5940414667129517,0.012400929816067219,0.4687844514846802,0.5538122653961182,0.030867639929056168,0.4609804153442383,0.5332958698272705,0.04719316586852074,carta
0.2844635844230652,0.7865729331970215,7.405763824408496e-08,0.2521774172782898,0.6840300559997559,0.0014964452711865306,0.257187157869339,0.5828860998153687,-0.0015640259953215718,0.28294020891189575,0.49340152740478516,-0.002126134466379881,0.2845378518104553,0.42354103922843933,-0.00033158904989250004,0.3411656618118286,0.5619189143180847,-0.019419632852077484,0.3851187229156494,0.44782835245132446,-0.019528448581695557,0.40479427576065063,0.399526983499527,-0.010857918299734592,0.418700248003006,0.36613568663597107,-0.0008209651568904519,0.3846395015716553,0.5996464490890503,-0.01590072549879551,0.43104854226112366,0.47935351729393005,-0.012705343775451183,0.4421537518501282,0.4331061840057373,0.005233327858150005,0.4470965564250946,0.4105722904205322,0.021710185334086418,0.4126966893672943,0.6405577659606934,-0.01009700633585453,0.45475125312805176,0.5328283905982971,-0.006958456709980965,0.4593425989151001,0.48405465483665466,0.011129927821457386,0.45485445857048035,0.4600822329521179,0.027931930497288704,0.4309573471546173,0.6776203513145447,-0.0031287139281630516,0.4704681634902954,0.5960820317268372,0.008286122232675552,0.470961332321167,0.557671844959259,0.02738763391971588,0.46257081627845764,0.5392498970031738,0.04455672204494476,carta
0.27857720851898193,0.7802671790122986,9.390810618015166e-08,0.2468942552804947,0.6766057014465332,0.0008027608273550868,0.25247371196746826,0.5764120221138,-0.0025027403607964516,0.2793829143047333,0.4888921082019806,-0.002905665198341012,0.28276148438453674,0.4205523729324341,-0.0011797412298619747,0.3333646357059479,0.5612691044807434,-0.024079198017716408,0.38052797317504883,0.4466180205345154,-0.02516557089984417,0.4018075466156006,0.3987097442150116,-0.0171500276774168,0.4166903793811798,0.3656494617462158,-0.007957983762025833,0.3773830235004425,0.5990588068962097,-0.0210848618298769,0.42797717452049255,0.47941023111343384,-0.01806219480931759,0.44241970777511597,0.4326738119125366,-0.0017634857213124633,0.4484800100326538,0.411123663187027,0.01259250845760107,0.40604233741760254,0.6399372816085815,-0.015635069459676743,0.45252925157546997,0.5327147245407104,-0.011729100719094276,0.46099135279655457,0.48560380935668945,0.004362189676612616,0.45808830857276917,0.462216854095459,0.018440859392285347,0.4245331287384033,0.6785123348236084,-0.009203865192830563,0.4671690762042999,0.6035911440849304,0.000959190190769732,0.4729304909706116,0.5646771788597107,0.01697937585413456,0.4681122899055481,0.5412899851799011,0.031262557953596115,carta
0.2520967125892639,0.7782316207885742,3.5599225611804286e-07,0.22761106491088867,0.668533980846405,-0.005685244686901569,0.23427653312683105,0.5668467283248901,-0.01724269613623619,0.25937286019325256,0.47942471504211426,-0.02586178481578827,0.26368820667266846,0.41082775592803955,-0.032990384846925735,0.2904528081417084,0.5681950449943542,-0.04458659142255783,0.3477301001548767,0.45269057154655457,-0.058780599385499954,0.3784397840499878,0.4000077247619629,-0.05809323117136955,0.40151798725128174,0.367268443107605,-0.05383022502064705,0.33533668518066406,0.6122968196868896,-0.04617168754339218,0.397009015083313,0.4859883189201355,-0.057151440531015396,0.42842528223991394,0.4296520948410034,-0.05120738223195076,0.4487439692020416,0.40060991048812866,-0.045011505484580994,0.37078455090522766,0.6555438041687012,-0.04555296152830124,0.43014129996299744,0.5450261831283569,-0.052624721080064774,0.4527915120124817,0.4935835301876068,-0.04504788666963577,0.4622587263584137,0.46222934126853943,-0.03801414743065834,0.3977767825126648,0.697266161441803,-0.04436793923377991,0.4499640166759491,0.627940833568573,-0.0467713326215744,0.4703357219696045,0.5832740664482117,-0.04021373763680458,0.4783972501754761,0.545534610748291,-0.03314461559057236,carta
0.2310108244419098,0.7803824543952942,5.539193921322294e-07,0.21814343333244324,0.674131453037262,-0.0009520671446807683,0.23180043697357178,0.5633813142776489,-0.01437591016292572,0.25351476669311523,0.4755249619483948,-0.024942852556705475,0.25977596640586853,0.41302499175071716,-0.03540733456611633,0.2499743103981018,0.5736364126205444,-0.06861792504787445,0.3155425190925598,0.45155274868011475,-0.09348271787166595,0.35647860169410706,0.39980971813201904,-0.09669593721628189,0.3857610523700714,0.36824485659599304,-0.0943736806511879,0.2821212112903595,0.622080385684967,-0.07650338113307953,0.36225274205207825,0.49304860830307007,-0.1000487357378006,0.40705618262290955,0.43648701906204224,-0.09753680229187012,0.43407413363456726,0.4045361876487732,-0.09302981197834015,0.3168277144432068,0.6723403930664062,-0.08019433170557022,0.39529651403427124,0.5555302500724792,-0.09578283876180649,0.43306028842926025,0.5026276707649231,-0.08952945470809937,0.4535922408103943,0.467207670211792,-0.08310478180646896,0.3503623604774475,0.7234551310539246,-0.08239074796438217,0.4194263219833374,0.6439892053604126,-0.0918535366654396,0.4500109553337097,0.5972187519073486,-0.08784396946430206,0.46654456853866577,0.5581773519515991,-0.08274555951356888,carta
0.22011250257492065,0.7877756357192993,7.595111242153507e-07,0.22545967996120453,0.6709935665130615,0.009222464635968208,0.24838855862617493,0.5709273815155029,-0.0058858986012637615,0.2819715440273285,0.4951607286930084,-0.02213870920240879,0.3101665675640106,0.4423636198043823,-0.0384800024330616,0.23257705569267273,0.5427499413490295,-0.07168877124786377,0.29711946845054626,0.42984211444854736,-0.10904490202665329,0.3486398756504059,0.38819408416748047,-0.12347172200679779,0.38766342401504517,0.36412060260772705,-0.12967263162136078,0.2457025945186615,0.6009277105331421,-0.09305205196142197,0.3243458569049835,0.4823869466781616,-0.1346575766801834,0.38675934076309204,0.43245017528533936,-0.1442098468542099,0.43108150362968445,0.4069737493991852,-0.14682374894618988,0.27254799008369446,0.6644613742828369,-0.10979671031236649,0.3480496406555176,0.5545257925987244,-0.1439467966556549,0.40480664372444153,0.5040845274925232,-0.14604386687278748,0.44240009784698486,0.47128212451934814,-0.1431640237569809,0.3061538636684418,0.726534903049469,-0.12397591024637222,0.37699365615844727,0.6584298610687256,-0.14824101328849792,0.419545978307724,0.6168490052223206,-0.1496865153312683,0.451584130525589,0.5836367011070251,-0.14677131175994873,carta
0.21247351169586182,0.8006695508956909,6.972286428208463e-07,0.22605454921722412,0.6863049268722534,0.016380660235881805,0.247573584318161,0.5929023027420044,0.0023933544289320707,0.28051459789276123,0.5299229025840759,-0.015625188127160072,0.3175767660140991,0.4883580803871155,-0.03492393717169762,0.23022329807281494,0.5454176664352417,-0.06489676237106323,0.2897273600101471,0.4307999312877655,-0.10353216528892517,0.34015706181526184,0.39006155729293823,-0.1203744113445282,0.3792201280593872,0.3662051558494568,-0.1298837959766388,0.23369616270065308,0.5931049585342407,-0.09275448322296143,0.30984586477279663,0.47474348545074463,-0.1365034431219101,0.37554025650024414,0.43440234661102295,-0.149502694606781,0.424508661031723,0.4104369282722473,-0.1560080647468567,0.2512064576148987,0.6515088081359863,-0.11606061458587646,0.32397472858428955,0.5431913733482361,-0.1536378711462021,0.3844372034072876,0.5008527040481567,-0.16129973530769348,0.42869770526885986,0.4722420871257782,-0.16387829184532166,0.27861487865448,0.7142906188964844,-0.13627038896083832,0.34632664918899536,0.6551687717437744,-0.16495656967163086,0.39259546995162964,0.6193758845329285,-0.1717313826084137,0.4304368495941162,0.5880243182182312,-0.17424148321151733,carta
0.2222517728805542,0.8138407468795776,6.352690320454712e-07,0.2968243658542633,0.7050091624259949,0.009459484368562698,0.32256409525871277,0.6140357255935669,-0.004469023551791906,0.3437937796115875,0.5545752048492432,-0.02421152964234352,0.3681405782699585,0.5050095319747925,-0.04667963832616806,0.23188850283622742,0.5319848656654358,-0.04637082666158676,0.28279876708984375,0.4303975999355316,-0.09114603698253632,0.3393994867801666,0.39840444922447205,-0.12133315950632095,0.3892037272453308,0.38680046796798706,-0.1413308084011078,0.22079487144947052,0.568086564540863,-0.0748046487569809,0.29291072487831116,0.4618341624736786,-0.12060097604990005,0.35961729288101196,0.43766218423843384,-0.14576470851898193,0.41099682450294495,0.4294223189353943,-0.16299137473106384,0.22420655190944672,0.6255938410758972,-0.10180496424436569,0.2952195107936859,0.5371175408363342,-0.14446797966957092,0.3570668399333954,0.5088516473770142,-0.16262689232826233,0.4042682945728302,0.4933861494064331,-0.17359745502471924,0.2392989695072174,0.6925371289253235,-0.12695924937725067,0.29249143600463867,0.640089213848114,-0.16385425627231598,0.33683162927627563,0.6076374053955078,-0.1791968196630478,0.3758898079395294,0.5836229920387268,-0.1889224797487259,carta
0.23305054008960724,0.816600501537323,5.379558842832921e-07,0.31279250979423523,0.7141556143760681,0.003070427570492029,0.34726837277412415,0.6127496361732483,-0.011409980244934559,0.37550416588783264,0.545495331287384,-0.032461002469062805,0.4029226005077362,0.4852312505245209,-0.05747435614466667,0.26189425587654114,0.5258194208145142,-0.02986694499850273,0.2888275384902954,0.4420320391654968,-0.07218130677938461,0.33724445104599,0.4089202880859375,-0.10581327974796295,0.38381829857826233,0.3883872628211975,-0.1295466423034668,0.23495452105998993,0.5505491495132446,-0.057827796787023544,0.27701762318611145,0.4521724283695221,-0.10212185233831406,0.3424837589263916,0.430031418800354,-0.13478966057300568,0.39518120884895325,0.4228970408439636,-0.1572388857603073,0.21969887614250183,0.5985100269317627,-0.08608388155698776,0.25745388865470886,0.5088545083999634,-0.1293305605649948,0.32037830352783203,0.4801269471645355,-0.15379752218723297,0.3715568482875824,0.46571171283721924,-0.16920903325080872,0.2167554497718811,0.6630877256393433,-0.11348439753055573,0.24727420508861542,0.599280059337616,-0.151186004281044,0.29328998923301697,0.5718387961387634,-0.1685677021741867,0.3366661071777344,0.5557443499565125,-0.18005481362342834,carta
0.2517567276954651,0.8079185485839844,5.299174290485098e-07,0.32061293721199036,0.7254338264465332,-0.00465377839282155,0.3547897934913635,0.6313534379005432,-0.025365013629198074,0.3838351368904114,0.5677677392959595,-0.05280579999089241,0.4165802001953125,0.504291832447052,-0.08513219654560089,0.2835211157798767,0.5438663959503174,-0.04584616795182228,0.2968866229057312,0.4437938928604126,-0.09568069130182266,0.33732107281684875,0.40712061524391174,-0.1336781531572342,0.3800381124019623,0.3870689272880554,-0.15977968275547028,0.25432395935058594,0.5640217065811157,-0.07409597188234329,0.27232298254966736,0.4490632116794586,-0.1273277848958969,0.3267193138599396,0.41897618770599365,-0.16740918159484863,0.3751492500305176,0.4104573726654053,-0.1949995905160904,0.228470116853714,0.6018716096878052,-0.10328245908021927,0.2398930788040161,0.49981963634490967,-0.15273018181324005,0.29758182168006897,0.4677835702896118,-0.18452778458595276,0.3494982123374939,0.4567285180091858,-0.20489081740379333,0.2089889943599701,0.6545693874359131,-0.1320393681526184,0.2142500877380371,0.5779269933700562,-0.17464493215084076,0.2534449100494385,0.5449542999267578,-0.19867545366287231,0.2955262362957001,0.5297623872756958,-0.21556521952152252,carta
0.26552125811576843,0.9752411842346191,7.923045473035017e-07,0.32193079590797424,0.8824173808097839,-0.025204315781593323,0.34311139583587646,0.7899813652038574,-0.06374991685152054,0.3651980757713318,0.7272635698318481,-0.10310535877943039,0.3912046551704407,0.6682564616203308,-0.14972257614135742,0.25830700993537903,0.7478894591331482,-0.12154507637023926,0.2948992848396301,0.6782564520835876,-0.1984812319278717,0.3424496352672577,0.6602709889411926,-0.2509974539279938,0.39501258730888367,0.6515986919403076,-0.28579801321029663,0.22920554876327515,0.7962992191314697,-0.1466788351535797,0.26508310437202454,0.7164007425308228,-0.23125576972961426,0.32242152094841003,0.695604681968689,-0.2852688431739807,0.3762941062450409,0.6870976090431213,-0.3230392634868622,0.2132323980331421,0.8587877154350281,-0.1710309237241745,0.23864638805389404,0.7979457974433899,-0.2532939612865448,0.29338040947914124,0.7758038640022278,-0.3037090599536896,0.3447580337524414,0.767044186592102,-0.33527693152427673,0.20807918906211853,0.9316931366920471,-0.1937614232301712,0.22358573973178864,0.9002193212509155,-0.2611275613307953,0.2627274692058563,0.8805763125419617,-0.3002575933933258,0.30628228187561035,0.8703995943069458,-0.32871395349502563,carta
0.2608488202095032,0.9746294617652893,8.565988309783279e-07,0.3177664577960968,0.8796833157539368,-0.0233787689357996,0.3399859666824341,0.7900218367576599,-0.06355704367160797,0.36086541414260864,0.7308277487754822,-0.10486551374197006,0.3848342001438141,0.6721557378768921,-0.153757244348526,0.25767824053764343,0.7419641017913818,-0.12857747077941895,0.2962435483932495,0.6721450090408325,-0.21047769486904144,0.3432488441467285,0.6540341973304749,-0.2663538157939911,0.3954164981842041,0.6480693221092224,-0.3031652271747589,0.2274521142244339,0.7896015644073486,-0.15656223893165588,0.2642151117324829,0.7134809494018555,-0.2471669465303421,0.3215389549732208,0.6893357634544373,-0.3051990270614624,0.37689781188964844,0.6800293922424316,-0.3457029163837433,0.2109428495168686,0.8534737825393677,-0.18315179646015167,0.2396370768547058,0.7961591482162476,-0.27194032073020935,0.2951279878616333,0.773072361946106,-0.3258090615272522,0.347383052110672,0.7637878656387329,-0.3592050075531006,0.20548787713050842,0.9277748465538025,-0.20750859379768372,0.22132986783981323,0.897899866104126,-0.28014305233955383,0.2614324688911438,0.8790338039398193,-0.3211239278316498,0.30556583404541016,0.8697559237480164,-0.35051342844963074,carta
0.25951749086380005,0.9482727646827698,8.034399456846586e-07,0.32044461369514465,0.8565845489501953,-0.021741606295108795,0.3492247462272644,0.7653627991676331,-0.058265320956707,0.3769584000110626,0.7056960463523865,-0.09651405364274979,0.4025682806968689,0.6460227966308594,-0.14166700839996338,0.25582635402679443,0.710633397102356,-0.10784799605607986,0.2982816696166992,0.6387616395950317,-0.17893385887145996,0.34806573390960693,0.6171228885650635,-0.22874999046325684,0.39891794323921204,0.6147561073303223,-0.26112672686576843,0.22760947048664093,0.7592905163764954,-0.1331227868795395,0.26932576298713684,0.6764950156211853,-0.20969726145267487,0.3316362798213959,0.6537720561027527,-0.2594406306743622,0.3859058618545532,0.6505916118621826,-0.2936619818210602,0.21372130513191223,0.8234550952911377,-0.15764935314655304,0.2417011708021164,0.7501410245895386,-0.23137862980365753,0.3013365864753723,0.7286024689674377,-0.2735898792743683,0.3529071509838104,0.7256919145584106,-0.299250990152359,0.210504412651062,0.8962774276733398,-0.18087802827358246,0.22885778546333313,0.8506771326065063,-0.24090997874736786,0.2707067131996155,0.8296864032745361,-0.27176061272621155,0.31373608112335205,0.8235451579093933,-0.2932164967060089,carta
0.2502414882183075,0.936235249042511,7.72650253111351e-07,0.32296863198280334,0.8407078385353088,-0.017740391194820404,0.35418087244033813,0.7498906850814819,-0.056645043194293976,0.3817291557788849,0.6924968957901001,-0.09838590770959854,0.40814316272735596,0.6296626925468445,-0.14810168743133545,0.26929280161857605,0.6890064477920532,-0.12173439562320709,0.30886614322662354,0.6206594705581665,-0.19976820051670074,0.3581942915916443,0.5994850993156433,-0.25475597381591797,0.40920352935791016,0.598196804523468,-0.2917901873588562,0.2404746115207672,0.7346911430358887,-0.1532314568758011,0.2775173485279083,0.6578088402748108,-0.240961492061615,0.33674168586730957,0.6372179985046387,-0.29937881231307983,0.3897075653076172,0.636974036693573,-0.3406215310096741,0.22395993769168854,0.7972092032432556,-0.18281027674674988,0.25086379051208496,0.7326517701148987,-0.266297847032547,0.30731654167175293,0.708717405796051,-0.3186894953250885,0.35739290714263916,0.7050682306289673,-0.35223546624183655,0.2174532115459442,0.8704076409339905,-0.2101435363292694,0.23379652202129364,0.8283225893974304,-0.27838200330734253,0.27520692348480225,0.8058127760887146,-0.31751763820648193,0.3198045790195465,0.7998367547988892,-0.34639471769332886,carta
0.2486712634563446,0.9221804738044739,6.798878757763305e-07,0.32713809609413147,0.8219295740127563,-0.00097213702974841,0.35897061228752136,0.7301697134971619,-0.032998595386743546,0.3825439214706421,0.6724525690078735,-0.07044293731451035,0.4086136519908905,0.6091474294662476,-0.11636943370103836,0.28360816836357117,0.6769371032714844,-0.1174994483590126,0.31294792890548706,0.6057578325271606,-0.1963224709033966,0.36093229055404663,0.5835893154144287,-0.24989184737205505,0.40968844294548035,0.5843774676322937,-0.2857249677181244,0.255810022354126,0.7208701372146606,-0.15727654099464417,0.2877187132835388,0.6443562507629395,-0.24513229727745056,0.3473561406135559,0.623782753944397,-0.29930350184440613,0.40081849694252014,0.6239258050918579,-0.33812597393989563,0.2379843294620514,0.780349850654602,-0.19400067627429962,0.26077914237976074,0.7129189968109131,-0.2779664695262909,0.31676536798477173,0.6872790455818176,-0.3279011845588684,0.36725205183029175,0.6817730665206909,-0.36033377051353455,0.2284262776374817,0.8489698171615601,-0.22703967988491058,0.2450915426015854,0.8034056425094604,-0.29676398634910583,0.2871115505695343,0.7778028249740601,-0.33621150255203247,0.3326554298400879,0.7715541124343872,-0.3657572865486145,carta
0.2605091631412506,0.9077134132385254,6.925793059053831e-07,0.3395915627479553,0.8043522834777832,0.006903913803398609,0.3704255521297455,0.7205124497413635,-0.021546978503465652,0.3914814591407776,0.666781485080719,-0.0570145882666111,0.41683509945869446,0.6086302995681763,-0.10020746290683746,0.29801076650619507,0.6601422429084778,-0.1023569330573082,0.3343949317932129,0.5904033184051514,-0.17779718339443207,0.3844302296638489,0.568909764289856,-0.22975122928619385,0.4337609112262726,0.5665329694747925,-0.2647145390510559,0.2719266414642334,0.7020547986030579,-0.14466682076454163,0.30857932567596436,0.6280234456062317,-0.2300778329372406,0.370797336101532,0.6099647879600525,-0.28105828166007996,0.42566242814064026,0.6095188856124878,-0.31675398349761963,0.2561575770378113,0.7611249089241028,-0.18382510542869568,0.2829758822917938,0.6931496858596802,-0.26599743962287903,0.3407980501651764,0.670038104057312,-0.31144022941589355,0.39224475622177124,0.663597583770752,-0.3398011028766632,0.24922654032707214,0.8301180005073547,-0.21885424852371216,0.2685592472553253,0.7859525680541992,-0.28630831837654114,0.3115173578262329,0.763179361820221,-0.3217031955718994,0.3565490245819092,0.7580099701881409,-0.34742626547813416,carta
0.25956061482429504,0.9039902091026306,6.34985326541937e-07,0.34834980964660645,0.8099201321601868,0.01179057452827692,0.3831300437450409,0.731644868850708,-0.016096487641334534,0.4053013026714325,0.6820917129516602,-0.0525454618036747,0.43648773431777954,0.630299985408783,-0.09715324640274048,0.31570348143577576,0.6560121774673462,-0.09953221678733826,0.3577909767627716,0.5880016088485718,-0.17622658610343933,0.4079652726650238,0.5681003928184509,-0.2284642904996872,0.4555056691169739,0.5709441900253296,-0.26367291808128357,0.28818732500076294,0.6953243017196655,-0.14636443555355072,0.3300260901451111,0.622001051902771,-0.23574897646903992,0.39061012864112854,0.6061728596687317,-0.2884034812450409,0.44404181838035583,0.6083782911300659,-0.3248607814311981,0.27010244131088257,0.7526952624320984,-0.19009725749492645,0.30110377073287964,0.6881173253059387,-0.2762775719165802,0.3593977987766266,0.6678512692451477,-0.3238232135772705,0.41100797057151794,0.6629076600074768,-0.3533395826816559,0.26171693205833435,0.819549024105072,-0.2291184663772583,0.2819000780582428,0.7790424227714539,-0.2997739315032959,0.3249044120311737,0.7601126432418823,-0.3368346095085144,0.37044838070869446,0.7571879625320435,-0.3638811707496643,carta
0.2603941857814789,0.9047471880912781,6.461223165388219e-07,0.34613990783691406,0.8068446516990662,0.008199010975658894,0.3797357678413391,0.7254499793052673,-0.02021089754998684,0.4020429253578186,0.6738158464431763,-0.056486278772354126,0.43359026312828064,0.6196117997169495,-0.1002371683716774,0.3073247969150543,0.6564348936080933,-0.0996181070804596,0.34858229756355286,0.5873936414718628,-0.175375297665596,0.39923596382141113,0.5688985586166382,-0.22655940055847168,0.44716623425483704,0.5709995031356812,-0.26103097200393677,0.2803402245044708,0.696053683757782,-0.14395351707935333,0.323337584733963,0.6222561597824097,-0.23137781023979187,0.3843975067138672,0.6080757975578308,-0.2826246917247772,0.4373075067996979,0.6108885407447815,-0.3184294104576111,0.26419535279273987,0.7533804774284363,-0.18558835983276367,0.29699328541755676,0.690304160118103,-0.269329309463501,0.35515978932380676,0.6724832057952881,-0.3145122528076172,0.4057287275791168,0.6690049171447754,-0.3427188992500305,0.2574407160282135,0.819744348526001,-0.22321227192878723,0.2804081439971924,0.7791166305541992,-0.2915887236595154,0.3236713707447052,0.7602905631065369,-0.32735979557037354,0.36836767196655273,0.7558296918869019,-0.3535977303981781,carta
0.2563663125038147,0.8997434973716736,6.74867408179125e-07,0.34142357110977173,0.796494722366333,0.008497982285916805,0.3744809031486511,0.7148738503456116,-0.021082298830151558,0.395834743976593,0.6653530597686768,-0.057993143796920776,0.42399466037750244,0.6154182553291321,-0.10231567919254303,0.3039770722389221,0.6491184830665588,-0.10668313503265381,0.3397192358970642,0.5732134580612183,-0.1852084845304489,0.3934937119483948,0.559613823890686,-0.23869052529335022,0.4439547657966614,0.5708615183830261,-0.27403491735458374,0.2762518525123596,0.693169355392456,-0.15114964544773102,0.3141900897026062,0.6131559610366821,-0.2408115267753601,0.38006436824798584,0.6024678349494934,-0.29354870319366455,0.43574321269989014,0.6116564869880676,-0.3299497365951538,0.25896403193473816,0.7536392211914062,-0.19213297963142395,0.2863190174102783,0.68253093957901,-0.2758587598800659,0.34772297739982605,0.6628351807594299,-0.3225862383842468,0.40035054087638855,0.6615385413169861,-0.3520403802394867,0.25093117356300354,0.8226413130760193,-0.2289324849843979,0.27001985907554626,0.7768457531929016,-0.29718437790870667,0.3143458068370819,0.7547755837440491,-0.3340047299861908,0.35967913269996643,0.7512220740318298,-0.36121413111686707,carta
0.2596285343170166,0.9100490212440491,7.658721301595506e-07,0.33437901735305786,0.8133126497268677,-0.011554509401321411,0.36594849824905396,0.7242926955223083,-0.041609831154346466,0.3899596333503723,0.6669831275939941,-0.07588816434144974,0.4144729971885681,0.6063881516456604,-0.116242915391922,0.28564947843551636,0.6552330255508423,-0.09148472547531128,0.32115933299064636,0.5766189694404602,-0.1628490686416626,0.3746749460697174,0.5593658089637756,-0.21492592990398407,0.4276478886604309,0.5638975501060486,-0.24921563267707825,0.2561172842979431,0.6951558589935303,-0.12197127193212509,0.2934652864933014,0.6118180155754089,-0.199095219373703,0.3604089021682739,0.5986256003379822,-0.25018683075904846,0.41724860668182373,0.6028812527656555,-0.28494003415107727,0.23848956823349,0.7546240091323853,-0.15192070603370667,0.2666747272014618,0.684256374835968,-0.22427362203598022,0.32892322540283203,0.6638109683990479,-0.2668304145336151,0.3817686438560486,0.6597997546195984,-0.2930489182472229,0.22888988256454468,0.8272455334663391,-0.18060515820980072,0.24858053028583527,0.7810582518577576,-0.23991164565086365,0.2939125895500183,0.7604045271873474,-0.27161842584609985,0.33949199318885803,0.7566167116165161,-0.29385361075401306,carta
0.2536335587501526,0.9015690088272095,6.798874778723984e-07,0.3090463876724243,0.8090764284133911,-0.02194158360362053,0.3378661274909973,0.7110521197319031,-0.05226859450340271,0.36293384432792664,0.6429007053375244,-0.08448462188243866,0.380454957485199,0.577094554901123,-0.12091727554798126,0.24431103467941284,0.64873868227005,-0.07865840196609497,0.273860365152359,0.567157506942749,-0.14112688601016998,0.32423141598701477,0.548611044883728,-0.1862850785255432,0.37526050209999084,0.5500937700271606,-0.21447017788887024,0.21082597970962524,0.6893711686134338,-0.09942257404327393,0.24341177940368652,0.5993093252182007,-0.1642395704984665,0.30606016516685486,0.5824490189552307,-0.2051333636045456,0.3597332835197449,0.5862685441970825,-0.23111507296562195,0.19132857024669647,0.7482719421386719,-0.12140802294015884,0.21661382913589478,0.6743772029876709,-0.1802375316619873,0.2778860926628113,0.6567673683166504,-0.2084299772977829,0.3298470079898834,0.6531989574432373,-0.22406794130802155,0.18293260037899017,0.8185230493545532,-0.14405079185962677,0.20059308409690857,0.7721071243286133,-0.19146354496479034,0.24148885905742645,0.7534221410751343,-0.211998850107193,0.28261932730674744,0.7452601790428162,-0.22451357543468475,carta
0.23646357655525208,0.8767375946044922,7.496632292713912e-07,0.2951180040836334,0.7904699444770813,-0.025338012725114822,0.31869858503341675,0.6958463788032532,-0.06314229220151901,0.3398849070072174,0.6303461790084839,-0.10214655101299286,0.35987240076065063,0.553869366645813,-0.14817525446414948,0.23009051382541656,0.6413417458534241,-0.10549334436655045,0.2543644905090332,0.56553053855896,-0.18057657778263092,0.2942616045475006,0.5351419448852539,-0.2358686625957489,0.34238308668136597,0.5229103565216064,-0.2729502022266388,0.19752603769302368,0.6810204982757568,-0.13085660338401794,0.21736076474189758,0.5862240791320801,-0.21113768219947815,0.2708945572376251,0.5600175857543945,-0.2666016221046448,0.3234347999095917,0.5527037382125854,-0.304755836725235,0.1766032874584198,0.73826003074646,-0.1565614640712738,0.1908765286207199,0.6580638885498047,-0.23373697698116302,0.24413442611694336,0.6272780895233154,-0.28170284628868103,0.2931098937988281,0.6133586764335632,-0.3116266429424286,0.16732171177864075,0.809221625328064,-0.18116456270217896,0.1802324801683426,0.7577239274978638,-0.24640123546123505,0.21767596900463104,0.7311972975730896,-0.28310906887054443,0.25712069869041443,0.7171672582626343,-0.3089808225631714,carta
0.2340323030948639,0.8729966282844543,7.497718570448342e-07,0.29050248861312866,0.7853063344955444,-0.026724644005298615,0.3153059184551239,0.6892657279968262,-0.06325379759073257,0.3318358063697815,0.6254163980484009,-0.10085881501436234,0.35198894143104553,0.549598217010498,-0.14416171610355377,0.22502028942108154,0.6361308097839355,-0.09667352586984634,0.245549276471138,0.558351457118988,-0.16887696087360382,0.286578893661499,0.5281687378883362,-0.22163482010364532,0.33403414487838745,0.5171929597854614,-0.25639066100120544,0.1922728717327118,0.6762158870697021,-0.11990811675786972,0.20326220989227295,0.5782642364501953,-0.19614596664905548,0.2574155628681183,0.5529420375823975,-0.2476452738046646,0.30980509519577026,0.5464063882827759,-0.28232574462890625,0.17177742719650269,0.7319580912590027,-0.14427748322486877,0.18290357291698456,0.6499074697494507,-0.2175777554512024,0.23909814655780792,0.6218622326850891,-0.25997307896614075,0.2885702848434448,0.6094431281089783,-0.2854153513908386,0.16316713392734528,0.8003870248794556,-0.16821390390396118,0.17462345957756042,0.7454845905303955,-0.22937481105327606,0.2131926417350769,0.7216689586639404,-0.2614586353302002,0.25099804997444153,0.7098456025123596,-0.28333550691604614,carta
0.2344137579202652,0.8732190728187561,7.063179054966895e-07,0.28631189465522766,0.7907298803329468,-0.029477009549736977,0.3082452118396759,0.6915972828865051,-0.06341230869293213,0.3249683678150177,0.6233343482017517,-0.09756883978843689,0.345895379781723,0.5487697124481201,-0.13713578879833221,0.21969392895698547,0.6420392394065857,-0.08842232823371887,0.23683126270771027,0.5563148856163025,-0.1531502604484558,0.2769220173358917,0.5249112844467163,-0.20027944445610046,0.3238232135772705,0.5112890005111694,-0.23127947747707367,0.18764302134513855,0.6801962852478027,-0.10713422298431396,0.19477501511573792,0.5751155018806458,-0.17560449242591858,0.24990639090538025,0.5488014221191406,-0.22287994623184204,0.3021469712257385,0.5413351655006409,-0.2541458308696747,0.16788217425346375,0.7357346415519714,-0.12707200646400452,0.17010706663131714,0.6469101905822754,-0.19207529723644257,0.22628141939640045,0.6163872480392456,-0.22962352633476257,0.27556097507476807,0.602652370929718,-0.2520662546157837,0.15927869081497192,0.8043718934059143,-0.14717556536197662,0.1616925448179245,0.746249794960022,-0.20187999308109283,0.19879572093486786,0.7176870703697205,-0.2298629730939865,0.23656639456748962,0.7021763920783997,-0.24864062666893005,carta
0.23657353222370148,0.8720716238021851,6.438382342821569e-07,0.28704047203063965,0.7874425053596497,-0.028595203533768654,0.3064345121383667,0.68813556432724,-0.06169016659259796,0.32292014360427856,0.6194062232971191,-0.09529608488082886,0.34428057074546814,0.5459389686584473,-0.13408635556697845,0.22210951149463654,0.6409369707107544,-0.08444897830486298,0.235787495970726,0.5510004758834839,-0.14699086546897888,0.27556556463241577,0.5203979015350342,-0.19242197275161743,0.3223431706428528,0.5064786672592163,-0.2222507745027542,0.1907784640789032,0.6793656945228577,-0.1028711348772049,0.1922122687101364,0.5702647566795349,-0.17093868553638458,0.24762919545173645,0.5484359860420227,-0.21677885949611664,0.2998947501182556,0.5450003147125244,-0.2458750307559967,0.17109106481075287,0.7344072461128235,-0.12252386659383774,0.16537368297576904,0.6413872838020325,-0.18569353222846985,0.2221721112728119,0.6123095154762268,-0.2209913432598114,0.2729359269142151,0.6006410717964172,-0.24113313853740692,0.16201439499855042,0.8016809821128845,-0.14249880611896515,0.159068763256073,0.7444642186164856,-0.1950501799583435,0.1954142302274704,0.715583324432373,-0.22152383625507355,0.2332591563463211,0.6995365023612976,-0.23889581859111786,carta
0.2384381890296936,0.8705134391784668,6.649783585999103e-07,0.29172489047050476,0.7839342355728149,-0.026406537741422653,0.3131311535835266,0.6882789731025696,-0.06177264824509621,0.33345526456832886,0.6205331087112427,-0.09848161041736603,0.3551942706108093,0.5460503101348877,-0.14093434810638428,0.22654148936271667,0.6338853240013123,-0.09105182439088821,0.24654868245124817,0.5502174496650696,-0.15956994891166687,0.28718283772468567,0.5200098156929016,-0.20978271961212158,0.3354266583919525,0.5072948932647705,-0.2431783676147461,0.19430682063102722,0.6727686524391174,-0.11327316612005234,0.20713669061660767,0.5701525211334229,-0.18771417438983917,0.26195722818374634,0.5481335520744324,-0.23798435926437378,0.3139835000038147,0.5438297986984253,-0.2708814740180969,0.17399610579013824,0.7286167144775391,-0.13659466803073883,0.1814866065979004,0.6416122317314148,-0.2068052738904953,0.23761335015296936,0.6134198307991028,-0.2474401593208313,0.2878604829311371,0.600651204586029,-0.2713165283203125,0.16556143760681152,0.7971932888031006,-0.15965573489665985,0.17240196466445923,0.7431438565254211,-0.2187221497297287,0.2090512216091156,0.7161505222320557,-0.2501057982444763,0.24695490300655365,0.7004985809326172,-0.271161824464798,carta
0.6876781582832336,0.8485905528068542,2.949508939309453e-07,0.6172831058502197,0.7981206178665161,-0.0247268658131361,0.5655877590179443,0.7204509973526001,-0.03875309228897095,0.5271229147911072,0.6551162004470825,-0.052334241569042206,0.49187442660331726,0.6020169258117676,-0.06608117371797562,0.615795373916626,0.6127597093582153,-0.017160020768642426,0.588125467300415,0.517493486404419,-0.041815098375082016,0.5689631700515747,0.4632352590560913,-0.06268329173326492,0.5526988506317139,0.4138759970664978,-0.07846032828092575,0.6549724340438843,0.6026919484138489,-0.02440585382282734,0.6354780197143555,0.49436327815055847,-0.04825069010257721,0.6186707019805908,0.4293084144592285,-0.07033895701169968,0.6025713682174683,0.37268126010894775,-0.08648890256881714,0.6935703158378601,0.6148748993873596,-0.036136094480752945,0.6876540184020996,0.5096786022186279,-0.06246078759431839,0.6749760508537292,0.4477273225784302,-0.08119797706604004,0.6601578593254089,0.3920804262161255,-0.09387778490781784,0.7326334118843079,0.6446784138679504,-0.049949564039707184,0.7431966662406921,0.5685217380523682,-0.07426993548870087,0.7443072199821472,0.5161784291267395,-0.08673755824565887,0.7410781979560852,0.46639183163642883,-0.09516629576683044,carta
0.6915060877799988,0.8465997576713562,2.976682651478768e-07,0.6203168034553528,0.7994228601455688,-0.025873646140098572,0.5680911540985107,0.7240743637084961,-0.040934447199106216,0.5307970643043518,0.6591039299964905,-0.05528400465846062,0.4964359998703003,0.6043638586997986,-0.06992409378290176,0.6150060296058655,0.613840639591217,-0.021097343415021896,0.5868555903434753,0.518803060054779,-0.046919211745262146,0.5667418837547302,0.4653170704841614,-0.06845586746931076,0.5489749908447266,0.4164010286331177,-0.08481453359127045,0.6551250219345093,0.6030765771865845,-0.028343496844172478,0.633938729763031,0.4955771565437317,-0.05343961343169212,0.6162524819374084,0.43099427223205566,-0.07651219516992569,0.5991631746292114,0.37413501739501953,-0.09357661008834839,0.6946197748184204,0.6150912642478943,-0.039952997118234634,0.6864856481552124,0.5110821723937988,-0.06741718202829361,0.672803521156311,0.450217068195343,-0.08706991374492645,0.6569976210594177,0.39492082595825195,-0.10062091797590256,0.7351357340812683,0.644777774810791,-0.05363930016756058,0.7440434694290161,0.5691363215446472,-0.07953568547964096,0.7443209886550903,0.5173661112785339,-0.09314960986375809,0.7403192520141602,0.4676438570022583,-0.1024438813328743,carta
0.6939229369163513,0.8485395908355713,2.9867348416701134e-07,0.6227201819419861,0.8031076788902283,-0.026124686002731323,0.5689516067504883,0.7296322584152222,-0.042265865951776505,0.5298617482185364,0.6658549308776855,-0.05767129361629486,0.49330106377601624,0.6125823855400085,-0.07347004115581512,0.6149960160255432,0.6186368465423584,-0.023116979748010635,0.5853188037872314,0.5248978734016418,-0.049692101776599884,0.5637258887290955,0.47303104400634766,-0.07172173261642456,0.5442044138908386,0.42512741684913635,-0.08849713206291199,0.6549550890922546,0.6078025102615356,-0.030697882175445557,0.6328533887863159,0.5011755228042603,-0.05667692795395851,0.6140881776809692,0.4370853900909424,-0.08004756271839142,0.5960270762443542,0.380336731672287,-0.09733694791793823,0.6949898600578308,0.6196311116218567,-0.04256230220198631,0.684922993183136,0.5167155265808105,-0.07051873952150345,0.6704092621803284,0.45611268281936646,-0.09002726525068283,0.6541345119476318,0.40041184425354004,-0.10357838869094849,0.7366612553596497,0.6488747596740723,-0.05651380866765976,0.7441221475601196,0.5729400515556335,-0.08267180621623993,0.7436484694480896,0.5217774510383606,-0.09615036845207214,0.7391649484634399,0.4724189043045044,-0.10543334484100342,carta
0.6947047710418701,0.845425546169281,2.9915631216681504e-07,0.6228861808776855,0.8013378381729126,-0.02591177634894848,0.5693693161010742,0.7283586263656616,-0.042255502194166183,0.5300694704055786,0.6650991439819336,-0.057942189276218414,0.49278199672698975,0.6128886938095093,-0.07430046796798706,0.6154852509498596,0.6168796420097351,-0.02458767779171467,0.5849859118461609,0.5233834981918335,-0.051955901086330414,0.5628505349159241,0.47094300389289856,-0.07443440705537796,0.5427940487861633,0.4230726957321167,-0.09151845425367355,0.6557566523551941,0.6058579087257385,-0.032727744430303574,0.633355438709259,0.4993326663970947,-0.05977713689208031,0.6138412356376648,0.4352697730064392,-0.08397885411977768,0.5948047041893005,0.3788520097732544,-0.10184132307767868,0.6959294676780701,0.6176754832267761,-0.045028574764728546,0.6861173510551453,0.5145881175994873,-0.07415725290775299,0.6707836985588074,0.4536513388156891,-0.09469828009605408,0.6536147594451904,0.39787042140960693,-0.10892532020807266,0.7372782230377197,0.6472033858299255,-0.05926816165447235,0.7453158497810364,0.5711960792541504,-0.08646316081285477,0.745207667350769,0.5196552872657776,-0.10067211091518402,0.7409375905990601,0.47006240487098694,-0.11050593107938766,carta
0.6938685774803162,0.8513381481170654,3.071776291108108e-07,0.6225247383117676,0.8043417930603027,-0.02609078399837017,0.5689458847045898,0.7301644682884216,-0.04403190687298775,0.5279005765914917,0.6681036353111267,-0.06128863990306854,0.48801085352897644,0.6166197657585144,-0.07948452979326248,0.6158918738365173,0.6194028854370117,-0.028583358973264694,0.5858697891235352,0.5246813297271729,-0.05826272442936897,0.56351637840271,0.47191935777664185,-0.08199657499790192,0.542553722858429,0.42432940006256104,-0.09987017512321472,0.6570909023284912,0.6108548641204834,-0.03787602484226227,0.634635329246521,0.5044379234313965,-0.06788931041955948,0.6140497326850891,0.4399624764919281,-0.09377089887857437,0.5933206081390381,0.38324251770973206,-0.11255865544080734,0.6973456144332886,0.6256698966026306,-0.05116783827543259,0.6883528828620911,0.522325873374939,-0.08346609026193619,0.6722251176834106,0.4607090651988983,-0.10554398596286774,0.6536563038825989,0.40397974848747253,-0.1204204261302948,0.737960696220398,0.6581448912620544,-0.06611267477273941,0.7450385093688965,0.582809329032898,-0.096354179084301,0.744343638420105,0.5310154557228088,-0.11181378364562988,0.7393832206726074,0.4809514582157135,-0.12219807505607605,carta
0.6886869668960571,0.8557966947555542,2.6982962708643754e-07,0.6196848750114441,0.8064982891082764,-0.02260809950530529,0.5663726329803467,0.7256942987442017,-0.039269961416721344,0.5248827934265137,0.6635239124298096,-0.05546562746167183,0.48341912031173706,0.6161093711853027,-0.07278335839509964,0.6146968007087708,0.6156648993492126,-0.028522340580821037,0.5863687992095947,0.5207207798957825,-0.05772598832845688,0.5648981332778931,0.4701496958732605,-0.0810745507478714,0.5434041619300842,0.42487818002700806,-0.09855971485376358,0.6543894410133362,0.6117804050445557,-0.03906737267971039,0.634440541267395,0.5064507126808167,-0.06830379366874695,0.6134580373764038,0.4443257749080658,-0.09276621788740158,0.5905925631523132,0.3891538679599762,-0.11029895395040512,0.6940793991088867,0.6326164603233337,-0.053030602633953094,0.6874815225601196,0.5302714109420776,-0.08399953693151474,0.6716288328170776,0.46919840574264526,-0.10402897000312805,0.6519458889961243,0.41252851486206055,-0.11745668947696686,0.7336171865463257,0.6718801856040955,-0.06832647323608398,0.7422397136688232,0.5980016589164734,-0.09722184389829636,0.7412354946136475,0.5463461875915527,-0.11078465729951859,0.7349873185157776,0.49603912234306335,-0.11962110549211502,carta
0.6832859516143799,0.8574811220169067,2.723549528127478e-07,0.6139644384384155,0.8079400062561035,-0.022511892020702362,0.5605687499046326,0.7240175008773804,-0.03918001800775528,0.5177122354507446,0.6604942679405212,-0.05532633513212204,0.47520387172698975,0.6151337623596191,-0.07278963178396225,0.6130377054214478,0.6162760853767395,-0.03073773719370365,0.5847270488739014,0.5215725302696228,-0.06065888702869415,0.563206672668457,0.46971404552459717,-0.08438894897699356,0.5407431721687317,0.4240010976791382,-0.10221738368272781,0.6513286232948303,0.6149504780769348,-0.04174613580107689,0.6317830085754395,0.509331464767456,-0.07205144315958023,0.6110089421272278,0.4473555088043213,-0.09630970656871796,0.5881324410438538,0.39300718903541565,-0.11345331370830536,0.689636766910553,0.6386678814888,-0.05609534680843353,0.6835591197013855,0.5369539260864258,-0.08833751082420349,0.6674129962921143,0.47519129514694214,-0.10881374776363373,0.6475247740745544,0.41806674003601074,-0.12229997664690018,0.7272332310676575,0.6811056733131409,-0.0716840922832489,0.7373667359352112,0.6085966229438782,-0.10190577805042267,0.7375178337097168,0.5581355094909668,-0.11602570116519928,0.7322035431861877,0.5092535614967346,-0.1251007616519928,carta
0.680316686630249,0.8598402142524719,2.5075809162444784e-07,0.6099209785461426,0.8087172508239746,-0.02254483662545681,0.5580174326896667,0.7222808003425598,-0.04050289839506149,0.5174126029014587,0.655805230140686,-0.05789543688297272,0.47492724657058716,0.6080706119537354,-0.07719892263412476,0.6152876615524292,0.6153712272644043,-0.03815099224448204,0.5888677835464478,0.5186832547187805,-0.07142899185419083,0.5672385096549988,0.4656479060649872,-0.09744128584861755,0.5432382822036743,0.420645534992218,-0.11693303287029266,0.6524969339370728,0.6187742948532104,-0.050647102296352386,0.6356282830238342,0.5137932300567627,-0.08508101850748062,0.614501416683197,0.4526958763599396,-0.11177203804254532,0.5903586149215698,0.39878350496292114,-0.13070879876613617,0.6884875297546387,0.6477810144424438,-0.06618913263082504,0.6860935091972351,0.5482600331306458,-0.10251836478710175,0.6703769564628601,0.4864983558654785,-0.1262344866991043,0.6506836414337158,0.42934751510620117,-0.14200295507907867,0.7229639887809753,0.6955545544624329,-0.08263128250837326,0.7338569760322571,0.6275423169136047,-0.11759702116250992,0.7350494265556335,0.5789213180541992,-0.13515225052833557,0.7313153743743896,0.5309967398643494,-0.1466364711523056,carta
0.6820670962333679,0.8632863759994507,2.4474366000504233e-07,0.6113475561141968,0.8109198808670044,-0.02352088689804077,0.5590037107467651,0.7242844104766846,-0.04275205358862877,0.5187090635299683,0.6576610207557678,-0.06139473244547844,0.4764246344566345,0.6082079410552979,-0.08205197006464005,0.6168320178985596,0.6179415583610535,-0.041670192033052444,0.591771125793457,0.5200638175010681,-0.07720379531383514,0.5697104334831238,0.4663127660751343,-0.1048552617430687,0.5449453592300415,0.4209216833114624,-0.1254798024892807,0.6543602347373962,0.6220616102218628,-0.05467065051198006,0.6389139890670776,0.5175364017486572,-0.09187470376491547,0.6176251769065857,0.4559081196784973,-0.1204199567437172,0.592933177947998,0.4008740186691284,-0.14071093499660492,0.6902453899383545,0.6513794660568237,-0.07075189799070358,0.6889368891716003,0.5526009798049927,-0.10948649793863297,0.6729523539543152,0.49081486463546753,-0.13482332229614258,0.6529050469398499,0.4337844252586365,-0.1516607403755188,0.724738597869873,0.6993822455406189,-0.08772651106119156,0.7345091104507446,0.6313043236732483,-0.12452922761440277,0.7352505326271057,0.5829980373382568,-0.14335419237613678,0.7315425276756287,0.5356168150901794,-0.15582886338233948,carta
0.681842029094696,0.8627028465270996,2.4151486854862014e-07,0.6119000911712646,0.8107137680053711,-0.023349305614829063,0.5598801970481873,0.7226323485374451,-0.043424542993307114,0.520038366317749,0.6549787521362305,-0.06285620480775833,0.4774252772331238,0.6056363582611084,-0.08468246459960938,0.6178282499313354,0.6178093552589417,-0.04747037962079048,0.5940554738044739,0.517767071723938,-0.08483383059501648,0.5723186135292053,0.46327418088912964,-0.11323640495538712,0.5470906496047974,0.4178321957588196,-0.13435083627700806,0.6550858020782471,0.6231667995452881,-0.061440806835889816,0.6404403448104858,0.5174223184585571,-0.10088513791561127,0.6189898252487183,0.4555665850639343,-0.13026823103427887,0.593587338924408,0.4005358815193176,-0.15120019018650055,0.6906782984733582,0.6539137959480286,-0.078127421438694,0.6903124451637268,0.5548908710479736,-0.11878564953804016,0.6747261881828308,0.493344783782959,-0.14511027932167053,0.6547559499740601,0.4365037977695465,-0.16269509494304657,0.7247057557106018,0.7035259008407593,-0.09551241248846054,0.7350103855133057,0.6350082755088806,-0.13404341042041779,0.7360711097717285,0.5864787697792053,-0.15391859412193298,0.7328699827194214,0.5389531254768372,-0.1672479659318924,carta
0.6819183230400085,0.8640719652175903,2.4575371071478003e-07,0.6122444272041321,0.811261773109436,-0.024593273177742958,0.5605437755584717,0.7234129309654236,-0.045587070286273956,0.520334005355835,0.654970645904541,-0.06565378606319427,0.47745203971862793,0.604913592338562,-0.08790358155965805,0.6183907985687256,0.6187989711761475,-0.049130357801914215,0.5965464115142822,0.5180509686470032,-0.08713913708925247,0.574649453163147,0.46446168422698975,-0.11579740792512894,0.5490168929100037,0.4194965660572052,-0.13695719838142395,0.6554511785507202,0.6247219443321228,-0.06245049461722374,0.641796886920929,0.5183933973312378,-0.10209142416715622,0.6203771829605103,0.45673617720603943,-0.13133201003074646,0.5950072407722473,0.40144678950309753,-0.1521434485912323,0.6909894943237305,0.6561567187309265,-0.0785483792424202,0.6918144822120667,0.5569262504577637,-0.11913799494504929,0.6766123175621033,0.49580061435699463,-0.14527305960655212,0.6564335823059082,0.43883898854255676,-0.16278265416622162,0.7252442240715027,0.7068062424659729,-0.0954328328371048,0.73673415184021,0.6394197344779968,-0.13389131426811218,0.7377305626869202,0.5917046070098877,-0.15373875200748444,0.7338708639144897,0.5445784330368042,-0.16702383756637573,carta
0.6823309659957886,0.8668341636657715,2.2109243502654863e-07,0.6121478080749512,0.8131001591682434,-0.024821123108267784,0.5614418387413025,0.7250179052352905,-0.04800236597657204,0.521264910697937,0.6571656465530396,-0.07043647021055222,0.4776163399219513,0.6049840450286865,-0.09556550532579422,0.6219553351402283,0.6219625473022461,-0.056065794080495834,0.6007211804389954,0.520901083946228,-0.09748762845993042,0.5772672891616821,0.46867942810058594,-0.12841442227363586,0.5498697757720947,0.4257034659385681,-0.15122243762016296,0.6586158275604248,0.6305942535400391,-0.071034274995327,0.6443819403648376,0.5240330696105957,-0.11491052806377411,0.6205143928527832,0.4640856981277466,-0.14697639644145966,0.5931417346000671,0.409695029258728,-0.16995663940906525,0.6931614279747009,0.6639142632484436,-0.08851562440395355,0.6944757103919983,0.5647681951522827,-0.1327570080757141,0.6783487200737,0.5040510296821594,-0.16187064349651337,0.6575115323066711,0.44713249802589417,-0.18171106278896332,0.726244330406189,0.7162439227104187,-0.106535404920578,0.738420307636261,0.6503443717956543,-0.14842550456523895,0.7389812469482422,0.6031785011291504,-0.17120353877544403,0.7347087860107422,0.5560194849967957,-0.18694551289081573,carta
0.6775789856910706,0.8676867485046387,2.462901704802789e-07,0.608650803565979,0.8060030937194824,-0.02373553439974785,0.5599808096885681,0.7192617058753967,-0.045628152787685394,0.5208050608634949,0.6519404649734497,-0.06671123206615448,0.4800194501876831,0.5994572639465332,-0.08955231308937073,0.6214851140975952,0.6222686171531677,-0.047494158148765564,0.601777970790863,0.5225218534469604,-0.0855204313993454,0.5809413194656372,0.4679606556892395,-0.11460570245981216,0.5566040277481079,0.4218425750732422,-0.1360080987215042,0.6549819707870483,0.6331440210342407,-0.061095066368579865,0.6420133113861084,0.5298389792442322,-0.10132423043251038,0.6179554462432861,0.46987879276275635,-0.12962526082992554,0.5909767150878906,0.41593390703201294,-0.1491936594247818,0.687123715877533,0.6687506437301636,-0.07736518979072571,0.6909054517745972,0.5707170963287354,-0.11731628328561783,0.6747655868530273,0.5111123323440552,-0.14066269993782043,0.6542551517486572,0.4550269842147827,-0.1559123396873474,0.7177027463912964,0.723599910736084,-0.09454172849655151,0.7296955585479736,0.6608710289001465,-0.13201381266117096,0.7292384505271912,0.6151247024536133,-0.1497645080089569,0.7246739268302917,0.5683813691139221,-0.16108988225460052,carta
0.6767129302024841,0.863583505153656,2.525391096241947e-07,0.608691394329071,0.7996622323989868,-0.02393437549471855,0.5622037649154663,0.7112049460411072,-0.04671575501561165,0.5244656801223755,0.6415138840675354,-0.0685948058962822,0.48499950766563416,0.5844447612762451,-0.09241463989019394,0.6267381906509399,0.6178668141365051,-0.05079125240445137,0.6076608896255493,0.5179929137229919,-0.08946925401687622,0.587441623210907,0.4625086486339569,-0.11886245012283325,0.5632913112640381,0.4147864580154419,-0.140787273645401,0.6598944067955017,0.6312224268913269,-0.06506170332431793,0.6468127965927124,0.5280569791793823,-0.10663869976997375,0.621407687664032,0.46741965413093567,-0.13541735708713531,0.5933527946472168,0.41400548815727234,-0.15536417067050934,0.6909283995628357,0.6700036525726318,-0.08174803853034973,0.6968677043914795,0.5719810724258423,-0.12303358316421509,0.6804951429367065,0.5115702748298645,-0.1466454267501831,0.6595388054847717,0.45523059368133545,-0.16205014288425446,0.7196486592292786,0.7281348705291748,-0.09922081977128983,0.7316551208496094,0.6662663817405701,-0.1386839747428894,0.7306357622146606,0.6208879947662354,-0.15719656646251678,0.7250637412071228,0.5748745203018188,-0.16884571313858032,carta
0.6804203987121582,0.8606554865837097,2.2184694614679756e-07,0.6129763126373291,0.7903884649276733,-0.02160368487238884,0.5681062936782837,0.6981620788574219,-0.04451647400856018,0.5341405868530273,0.6281557083129883,-0.06725800782442093,0.4997617304325104,0.565822958946228,-0.09202273935079575,0.6336932182312012,0.6124787330627441,-0.054082486778497696,0.6160284280776978,0.508654773235321,-0.09533234685659409,0.5960354804992676,0.448486864566803,-0.12613749504089355,0.5715832710266113,0.39872559905052185,-0.1486516147851944,0.6658495664596558,0.628808319568634,-0.07055431604385376,0.6545981168746948,0.5258430242538452,-0.1155368760228157,0.6273869872093201,0.4634357988834381,-0.14546939730644226,0.5969222784042358,0.4102156162261963,-0.1661360114812851,0.6947560906410217,0.6688235402107239,-0.08914056420326233,0.7028014063835144,0.5745965242385864,-0.1328275352716446,0.6843093633651733,0.5148626565933228,-0.1567254513502121,0.6606888175010681,0.4620845317840576,-0.17218001186847687,0.7198681235313416,0.7273871898651123,-0.1083955317735672,0.7300405502319336,0.6651285290718079,-0.14860093593597412,0.7261639833450317,0.6197975277900696,-0.16683845221996307,0.7172520160675049,0.5770024657249451,-0.17839233577251434,carta
0.6822959184646606,0.8531886339187622,2.342427194435004e-07,0.6170806884765625,0.7820177674293518,-0.019157888367772102,0.5741029977798462,0.6910783052444458,-0.042681459337472916,0.5422153472900391,0.6218180656433105,-0.06594400107860565,0.5126569867134094,0.5560132265090942,-0.09156627207994461,0.6413332223892212,0.6111969947814941,-0.06104050204157829,0.6236143708229065,0.5078126192092896,-0.10390425473451614,0.6029307246208191,0.4463728964328766,-0.13499198853969574,0.5790395140647888,0.3963974714279175,-0.15778784453868866,0.6711395382881165,0.6306477785110474,-0.0798669308423996,0.6659612655639648,0.5273824334144592,-0.12581679224967957,0.6382189989089966,0.4653552770614624,-0.15456576645374298,0.6073265671730042,0.4162883460521698,-0.1745431274175644,0.6966190338134766,0.6756203770637512,-0.10014640539884567,0.7096190452575684,0.5809304714202881,-0.14466369152069092,0.6879417896270752,0.5231378078460693,-0.16781461238861084,0.6619486808776855,0.47394609451293945,-0.18311239778995514,0.7169734835624695,0.7398372888565063,-0.12074551731348038,0.7275166511535645,0.6826703548431396,-0.16295136511325836,0.7199534177780151,0.6386270523071289,-0.181867778301239,0.7084252834320068,0.5971772074699402,-0.19398820400238037,carta
0.6851879358291626,0.8378156423568726,2.618860435177339e-07,0.6190811991691589,0.7675111889839172,-0.020022550597786903,0.5775555968284607,0.6788787245750427,-0.04776761680841446,0.5461158752441406,0.6125818490982056,-0.07491693645715714,0.5184497237205505,0.5436621904373169,-0.10531454533338547,0.6449602842330933,0.6063790321350098,-0.07855744659900665,0.6290671229362488,0.5042973160743713,-0.1270606815814972,0.6093406081199646,0.4440922737121582,-0.16191987693309784,0.5854775905609131,0.3947873115539551,-0.18779157102108002,0.6739034652709961,0.6296930313110352,-0.09997845441102982,0.6718958020210266,0.52862149477005,-0.15209604799747467,0.6433393359184265,0.46827375888824463,-0.18454226851463318,0.6102363467216492,0.41976410150527954,-0.20822925865650177,0.6979258060455322,0.6770661473274231,-0.12188155949115753,0.7117380499839783,0.5854947566986084,-0.16997045278549194,0.6900215148925781,0.5278626680374146,-0.1959613710641861,0.6629920601844788,0.4794747829437256,-0.2147802710533142,0.7161831855773926,0.7430564761161804,-0.14393211901187897,0.7278329133987427,0.6894335746765137,-0.18928535282611847,0.7200407981872559,0.645543098449707,-0.21111519634723663,0.7083719968795776,0.6051118969917297,-0.2266208380460739,carta
0.6866288185119629,0.8319641947746277,2.897710658089636e-07,0.6194430589675903,0.7580982446670532,-0.021923832595348358,0.579564094543457,0.6701537370681763,-0.05388426035642624,0.5487478971481323,0.6045671701431274,-0.08530133217573166,0.5232844352722168,0.5339327454566956,-0.1207604855298996,0.6525169610977173,0.6039345264434814,-0.09106969833374023,0.634098470211029,0.5060715675354004,-0.14630329608917236,0.6138072609901428,0.4446471333503723,-0.18698298931121826,0.5896217226982117,0.3943319618701935,-0.21734075248241425,0.6794631481170654,0.6316168904304504,-0.11475685238838196,0.6746649742126465,0.5326724052429199,-0.1746150702238083,0.6436300873756409,0.4706268310546875,-0.21238435804843903,0.6080240607261658,0.4222303032875061,-0.2405584305524826,0.7015708684921265,0.6818508505821228,-0.13856682181358337,0.7123519778251648,0.592771053314209,-0.1934838593006134,0.6883115768432617,0.5353361964225769,-0.22330065071582794,0.658492386341095,0.4895690083503723,-0.2451295703649521,0.7162288427352905,0.7499781250953674,-0.16241414844989777,0.7286158204078674,0.7001225352287292,-0.2142048180103302,0.7186945080757141,0.656299352645874,-0.2398834228515625,0.7034552097320557,0.6167908906936646,-0.25846603512763977,carta
0.6922926902770996,0.8339145183563232,3.0462163636002515e-07,0.6233505606651306,0.7518630027770996,-0.01764494553208351,0.5844331383705139,0.6627575159072876,-0.056455083191394806,0.5536496639251709,0.5997514724731445,-0.09575587511062622,0.5296913385391235,0.5256141424179077,-0.14129741489887238,0.6622475385665894,0.607527494430542,-0.11857150495052338,0.6427711844444275,0.5152865052223206,-0.18652090430259705,0.6205463409423828,0.4516422748565674,-0.23603545129299164,0.5941857695579529,0.4007764756679535,-0.2736276686191559,0.689870297908783,0.6422929763793945,-0.15159998834133148,0.6819131970405579,0.5429592728614807,-0.22768917679786682,0.6488175392150879,0.48010820150375366,-0.2779206931591034,0.6119402050971985,0.4306618571281433,-0.31691625714302063,0.7109736800193787,0.6948869824409485,-0.18254557251930237,0.7206308245658875,0.6106793880462646,-0.2536308169364929,0.6918395161628723,0.5530571937561035,-0.2978992462158203,0.6571667194366455,0.510663628578186,-0.33061957359313965,0.7215773463249207,0.7621519565582275,-0.21162447333335876,0.7297565937042236,0.7183371186256409,-0.27615228295326233,0.7141165137290955,0.6757668256759644,-0.31241363286972046,0.6937609314918518,0.6405964493751526,-0.3404769003391266,carta
0.695314347743988,0.8416556119918823,2.5229584821317985e-07,0.6253948211669922,0.7536171078681946,-0.014460782520473003,0.5879371166229248,0.6619505882263184,-0.05307347699999809,0.5576490759849548,0.5966939330101013,-0.09326160699129105,0.5359827280044556,0.5176675915718079,-0.13965177536010742,0.6653494238853455,0.6107664704322815,-0.11841922253370285,0.646666944026947,0.5119056701660156,-0.1880953013896942,0.6207169890403748,0.4455823600292206,-0.23787155747413635,0.5906803011894226,0.3947676122188568,-0.2756311595439911,0.6935865879058838,0.6477543711662292,-0.15460382401943207,0.6877601146697998,0.5444382429122925,-0.2339727133512497,0.6509139537811279,0.4819785952568054,-0.285161554813385,0.6104393601417542,0.4352492094039917,-0.32444003224372864,0.7133968472480774,0.7018471360206604,-0.18860678374767303,0.7240701913833618,0.6171607971191406,-0.26282998919487,0.6931333541870117,0.559139609336853,-0.3088604807853699,0.6569031476974487,0.5172257423400879,-0.34247779846191406,0.7207818627357483,0.7693008780479431,-0.22035852074623108,0.7270751595497131,0.7278362512588501,-0.2880334258079529,0.7080864906311035,0.6862279772758484,-0.3264715075492859,0.6844713687896729,0.6533498764038086,-0.3559512794017792,carta
0.6982025504112244,0.8496551513671875,1.790457986317051e-07,0.6291395425796509,0.74889075756073,-0.005855685565620661,0.5955663323402405,0.6531442999839783,-0.04048485681414604,0.5671408772468567,0.5865709781646729,-0.07806180417537689,0.548820436000824,0.5062575340270996,-0.12146126478910446,0.6764853000640869,0.6143686771392822,-0.11056395620107651,0.6623108983039856,0.5116302967071533,-0.18014401197433472,0.6344955563545227,0.4439640939235687,-0.22883066534996033,0.5995919108390808,0.39452433586120605,-0.2647946774959564,0.7005889415740967,0.6528698801994324,-0.14946813881397247,0.698361873626709,0.5432404279708862,-0.22905296087265015,0.6563108563423157,0.4791921377182007,-0.2773495614528656,0.6102434396743774,0.4342712461948395,-0.31301334500312805,0.7155076265335083,0.7095190286636353,-0.18584389984607697,0.7214578986167908,0.6199917197227478,-0.26245856285095215,0.6829405426979065,0.5590226054191589,-0.3087417781352997,0.6412605047225952,0.5173607468605042,-0.3405868411064148,0.7178646922111511,0.7785583734512329,-0.21875633299350739,0.7238139510154724,0.7388145923614502,-0.2880324423313141,0.7011436820030212,0.6992470622062683,-0.3268686830997467,0.6740544438362122,0.6700416803359985,-0.35584819316864014,carta
0.7010220885276794,0.8528140783309937,9.91581288189991e-08,0.6377333402633667,0.742652177810669,-0.007208359893411398,0.6067546606063843,0.6429550051689148,-0.04209020733833313,0.5795853734016418,0.5745720267295837,-0.07912836968898773,0.5619297027587891,0.49521780014038086,-0.12121111154556274,0.6982388496398926,0.6149021983146667,-0.11183588206768036,0.6813824772834778,0.5109132528305054,-0.18243931233882904,0.6500500440597534,0.44065171480178833,-0.2304600179195404,0.6125119924545288,0.3906807005405426,-0.2650408148765564,0.7176357507705688,0.6568540334701538,-0.14856132864952087,0.7067899107933044,0.5432080626487732,-0.22709530591964722,0.6614332795143127,0.4792806804180145,-0.27152836322784424,0.6129323244094849,0.43515676259994507,-0.30377253890037537,0.7263635396957397,0.7145196199417114,-0.18319445848464966,0.7196524143218994,0.6271305680274963,-0.25790169835090637,0.6806017756462097,0.5673942565917969,-0.29904139041900635,0.6389685869216919,0.5239795446395874,-0.32683759927749634,0.720073401927948,0.7848972678184509,-0.21485108137130737,0.7156380414962769,0.7475731372833252,-0.2820012867450714,0.6899310350418091,0.7108244895935059,-0.3180322051048279,0.660431981086731,0.6791095733642578,-0.34466540813446045,carta
0.7106606960296631,0.8685725927352905,-6.851330880408568e-08,0.6474862694740295,0.7480040192604065,-0.0061166551895439625,0.6211521029472351,0.6374765038490295,-0.030875734984874725,0.5963425040245056,0.5590431690216064,-0.05715479701757431,0.5767475366592407,0.4841141998767853,-0.08567798137664795,0.7224571704864502,0.6138858199119568,-0.08014227449893951,0.7010471820831299,0.5032855272293091,-0.13463939726352692,0.6664684414863586,0.4377119541168213,-0.16920527815818787,0.6260213255882263,0.39098554849624634,-0.19284261763095856,0.7329065799713135,0.6577878594398499,-0.10846040397882462,0.70586758852005,0.5432297587394714,-0.16494178771972656,0.6592920422554016,0.48076725006103516,-0.19244757294654846,0.6136786937713623,0.4388766586780548,-0.21228942275047302,0.7307964563369751,0.7209793329238892,-0.1363082379102707,0.7101454734802246,0.6294629573822021,-0.19002504646778107,0.6724546551704407,0.5703056454658508,-0.21401068568229675,0.6354103088378906,0.5209898948669434,-0.2299656867980957,0.7126059532165527,0.7960741519927979,-0.16263490915298462,0.6940964460372925,0.753784716129303,-0.21340125799179077,0.6657755374908447,0.7143837809562683,-0.23742195963859558,0.6370375156402588,0.6751997470855713,-0.25393012166023254,carta
0.7210906744003296,0.8740379810333252,-1.235708282365522e-07,0.6610825657844543,0.7504037022590637,-0.003073677886277437,0.6378688216209412,0.6353753209114075,-0.028181716799736023,0.613917887210846,0.5553491115570068,-0.05416533723473549,0.592971682548523,0.48463505506515503,-0.08261043578386307,0.7415156960487366,0.6230644583702087,-0.09079383313655853,0.7165645360946655,0.5004537105560303,-0.14627929031848907,0.6818512678146362,0.43207812309265137,-0.17977257072925568,0.6418961882591248,0.38540413975715637,-0.20175741612911224,0.7469121813774109,0.6685281991958618,-0.11903080344200134,0.7152796387672424,0.5451892614364624,-0.17481771111488342,0.6671791076660156,0.48075807094573975,-0.20001208782196045,0.6213832497596741,0.43909746408462524,-0.2191336452960968,0.7373267412185669,0.731928825378418,-0.14545166492462158,0.7147188782691956,0.6287680268287659,-0.19845806062221527,0.6758044362068176,0.5654008984565735,-0.22342044115066528,0.6385740637779236,0.5154520273208618,-0.2407877892255783,0.711012601852417,0.8046610951423645,-0.16944514214992523,0.6894600987434387,0.7540669441223145,-0.21947820484638214,0.6600256562232971,0.7080499529838562,-0.24467864632606506,0.6302593350410461,0.6655688285827637,-0.2627796232700348,carta
0.7245291471481323,0.8783705234527588,-1.2120123926706583e-07,0.6679890155792236,0.7519783973693848,-5.151244840817526e-05,0.6449392437934875,0.6389436721801758,-0.025923268869519234,0.6176735758781433,0.5603533983230591,-0.05295835807919502,0.5875464677810669,0.49276596307754517,-0.0831131860613823,0.7457734942436218,0.632228434085846,-0.09610993415117264,0.722104549407959,0.5032368898391724,-0.15386416018009186,0.6869144439697266,0.43207621574401855,-0.1887335628271103,0.6471114754676819,0.38524875044822693,-0.21121098101139069,0.7493749260902405,0.6782389879226685,-0.1258261501789093,0.7195211052894592,0.5483468770980835,-0.1832699030637741,0.6686291098594666,0.48341721296310425,-0.20831423997879028,0.621466338634491,0.4433172941207886,-0.22745229303836823,0.7376063466072083,0.740409255027771,-0.15302658081054688,0.7153725624084473,0.6295905113220215,-0.2061184197664261,0.6731440424919128,0.5638513565063477,-0.2320292443037033,0.6338030099868774,0.5153180956840515,-0.2506749927997589,0.7097117304801941,0.8104099035263062,-0.17734885215759277,0.6856764554977417,0.7567455768585205,-0.2269650548696518,0.6541047096252441,0.7123205065727234,-0.2526744306087494,0.6228787302970886,0.6732077598571777,-0.27176058292388916,carta
0.7291076183319092,0.8868895769119263,-9.434879899572479e-08,0.68376624584198,0.7569531202316284,0.006385482847690582,0.6609928011894226,0.6491567492485046,-0.01808854378759861,0.6358146071434021,0.5758866667747498,-0.043351221829652786,0.605197548866272,0.5149082541465759,-0.0719621479511261,0.751490592956543,0.6319082975387573,-0.10350045561790466,0.725679874420166,0.5055621862411499,-0.16256576776504517,0.6888939142227173,0.4324144124984741,-0.19660347700119019,0.6493643522262573,0.3849683701992035,-0.21854208409786224,0.7487002015113831,0.6829657554626465,-0.13395105302333832,0.71560138463974,0.5567188858985901,-0.19808249175548553,0.6663997769355774,0.4829972982406616,-0.22683273255825043,0.6210700273513794,0.43423399329185486,-0.24843928217887878,0.7306613922119141,0.7451778054237366,-0.1598053276538849,0.694097101688385,0.6384110450744629,-0.2186080813407898,0.6516258716583252,0.566672682762146,-0.24723917245864868,0.6156147718429565,0.5150213837623596,-0.26703783869743347,0.7004327774047852,0.810454249382019,-0.18117742240428925,0.6617832779884338,0.7462409138679504,-0.23709163069725037,0.6263748407363892,0.7003211379051208,-0.2658030092716217,0.5951259136199951,0.6608227491378784,-0.28607869148254395,carta
0.730704665184021,0.8886018395423889,-1.0978608599998552e-07,0.6874266266822815,0.7567301988601685,0.01007683202624321,0.666145384311676,0.6522339582443237,-0.012775101698935032,0.6453126668930054,0.5811338424682617,-0.03651561588048935,0.6197360754013062,0.5195324420928955,-0.0633530542254448,0.7557253241539001,0.6305567026138306,-0.10483777523040771,0.7329049110412598,0.5045331716537476,-0.16481907665729523,0.697284996509552,0.42978960275650024,-0.1991533637046814,0.6580457091331482,0.3809971809387207,-0.22110922634601593,0.751899242401123,0.6824401617050171,-0.13626348972320557,0.7212743759155273,0.555639386177063,-0.2032267451286316,0.6714961528778076,0.48027700185775757,-0.23249033093452454,0.6252380609512329,0.4315922260284424,-0.2540189027786255,0.732961893081665,0.7454293966293335,-0.1623513102531433,0.698672354221344,0.6371824145317078,-0.22373399138450623,0.6551920771598816,0.5645713210105896,-0.25251930952072144,0.6184223294258118,0.5142994523048401,-0.2716970145702362,0.7020154595375061,0.8105466365814209,-0.18332800269126892,0.6639993786811829,0.7444072961807251,-0.2419818639755249,0.6277770400047302,0.6975629329681396,-0.27164411544799805,0.5952851176261902,0.6573213338851929,-0.291891485452652,carta
0.7349172830581665,0.8930883407592773,-6.643367100878095e-08,0.6847118139266968,0.7581509351730347,0.007466222625225782,0.6666051149368286,0.6519460082054138,-0.01642065867781639,0.649718165397644,0.5801491141319275,-0.04074280336499214,0.6281092166900635,0.5162278413772583,-0.06813497841358185,0.7594919204711914,0.6313067674636841,-0.10941076278686523,0.7376968860626221,0.5049363970756531,-0.17035268247127533,0.7012594938278198,0.42970865964889526,-0.2047143578529358,0.6602505445480347,0.38067135214805603,-0.22701716423034668,0.7563490867614746,0.6840354204177856,-0.14098457992076874,0.7237341403961182,0.5543776750564575,-0.21063651144504547,0.6747722029685974,0.4797401428222656,-0.24178975820541382,0.6281948685646057,0.43081796169281006,-0.26461824774742126,0.7387968897819519,0.7479856610298157,-0.16726823151111603,0.7053349614143372,0.6397619843482971,-0.23110856115818024,0.6642091870307922,0.5656956434249878,-0.26183533668518066,0.6271862387657166,0.5132756233215332,-0.2822798788547516,0.7083398699760437,0.814612865447998,-0.1886271983385086,0.6737451553344727,0.7484927773475647,-0.24834565818309784,0.6386783123016357,0.7010741233825684,-0.2791799306869507,0.605400562286377,0.660161554813385,-0.30067211389541626,carta
0.7256722450256348,0.8844648003578186,-1.2585219621996657e-07,0.6770448088645935,0.7512455582618713,0.000933792267460376,0.6615675687789917,0.6429044008255005,-0.026181865483522415,0.6455305814743042,0.5686197876930237,-0.05384289100766182,0.6272143125534058,0.4999501705169678,-0.08471470326185226,0.7583663463592529,0.6325214505195618,-0.10614176839590073,0.7354875802993774,0.49969714879989624,-0.16660043597221375,0.7022272348403931,0.42529207468032837,-0.20304636657238007,0.6628053188323975,0.374630331993103,-0.22696895897388458,0.757851243019104,0.6797671914100647,-0.13593405485153198,0.7265692353248596,0.5444024205207825,-0.19754645228385925,0.6788737177848816,0.47110068798065186,-0.22671626508235931,0.6325041651725769,0.42056602239608765,-0.24999016523361206,0.7421658039093018,0.7383378148078918,-0.16220276057720184,0.7143477201461792,0.6222956776618958,-0.21837855875492096,0.6746417880058289,0.5548007488250732,-0.2482663244009018,0.6361026763916016,0.5067903399467468,-0.27060213685035706,0.7123573422431946,0.8030363321304321,-0.18516476452350616,0.6831174492835999,0.7425686717033386,-0.23956410586833954,0.6505807638168335,0.6939184665679932,-0.27041739225387573,0.6181126832962036,0.6506157517433167,-0.2935943305492401,carta
0.7204528450965881,0.8688680529594421,-2.3613504041009037e-08,0.6616633534431458,0.7361739873886108,-0.004542726557701826,0.6409479975700378,0.6244317889213562,-0.03815936669707298,0.6202009916305542,0.5487407445907593,-0.07420018315315247,0.6045400500297546,0.4678992033004761,-0.11428386718034744,0.7414464950561523,0.6067677736282349,-0.10841769725084305,0.7287527918815613,0.48835068941116333,-0.17762471735477448,0.6982195973396301,0.4186766743659973,-0.22284157574176788,0.660507082939148,0.36911740899086,-0.25378626585006714,0.7484602332115173,0.6521748900413513,-0.14325664937496185,0.7303856015205383,0.5258087515830994,-0.21688701212406158,0.6884350180625916,0.4568476676940918,-0.2581011652946472,0.6478778123855591,0.40737172961235046,-0.2894851863384247,0.7425423264503479,0.7112013101577759,-0.17577894032001495,0.7267254590988159,0.6113411784172058,-0.24458058178424835,0.6923470497131348,0.5440481901168823,-0.2839667797088623,0.6592485308647156,0.49198511242866516,-0.31185516715049744,0.7215216159820557,0.7806376218795776,-0.20525826513767242,0.7016672492027283,0.7316275835037231,-0.26642906665802,0.6749898791313171,0.6841815114021301,-0.30159109830856323,0.649017333984375,0.6408738493919373,-0.3286326229572296,carta
0.710934042930603,0.8518381118774414,1.1897289908802122e-07,0.6525031924247742,0.7276871204376221,-0.003919931594282389,0.6268714070320129,0.6222327947616577,-0.035584695637226105,0.6044013500213623,0.5482588410377502,-0.07018337398767471,0.5884765982627869,0.4701622724533081,-0.1093863919377327,0.725463330745697,0.5998471975326538,-0.09856437146663666,0.7162290811538696,0.4967079162597656,-0.1682698130607605,0.6904065012931824,0.4243285655975342,-0.21649432182312012,0.6558408737182617,0.37199389934539795,-0.2501908242702484,0.7388376593589783,0.6418964862823486,-0.1356029063463211,0.7333181500434875,0.522943377494812,-0.21396459639072418,0.6932247877120972,0.44923508167266846,-0.2585935592651367,0.6494778394699097,0.3985827565193176,-0.28939586877822876,0.741560697555542,0.700451672077179,-0.17098866403102875,0.7383620142936707,0.6076986193656921,-0.2469174861907959,0.7024343609809875,0.5395904779434204,-0.2878662347793579,0.6641786098480225,0.4898907244205475,-0.31322181224823,0.7287186980247498,0.7691422700881958,-0.20307524502277374,0.7238715887069702,0.7249206304550171,-0.26981666684150696,0.7005592584609985,0.6809423565864563,-0.3041306138038635,0.6741427779197693,0.6424997448921204,-0.3280932605266571,carta
0.7084227800369263,0.8401252627372742,1.9448550858669478e-07,0.640473484992981,0.7417431473731995,-0.009953482076525688,0.6086816787719727,0.6433878540992737,-0.04485379531979561,0.5816018581390381,0.5760965347290039,-0.0829736664891243,0.5650652050971985,0.4952378273010254,-0.12716062366962433,0.690447211265564,0.5945178270339966,-0.10458166152238846,0.6813742518424988,0.4928899109363556,-0.17270073294639587,0.6600281000137329,0.4264723062515259,-0.22233521938323975,0.6305387616157532,0.3772142827510834,-0.2592281997203827,0.7155561447143555,0.6329209804534912,-0.14248986542224884,0.7199051976203918,0.5222891569137573,-0.21941430866718292,0.6852667331695557,0.45480090379714966,-0.27003273367881775,0.6435915231704712,0.40502995252609253,-0.3081890344619751,0.7313340306282043,0.6869322657585144,-0.17898623645305634,0.7451262474060059,0.6004220843315125,-0.2516585886478424,0.716737687587738,0.5360031127929688,-0.29842349886894226,0.6814019083976746,0.49022531509399414,-0.3317360281944275,0.7340123653411865,0.7535567283630371,-0.21307943761348724,0.7403098344802856,0.7011434435844421,-0.27794593572616577,0.7226166725158691,0.6540532112121582,-0.3153199553489685,0.7002147436141968,0.618831992149353,-0.34409061074256897,carta
0.7065497040748596,0.8333390951156616,2.1372278524722788e-07,0.6338003873825073,0.7453392744064331,-0.007144445087760687,0.5998268723487854,0.6529697179794312,-0.04137163609266281,0.5724549889564514,0.5893145799636841,-0.07875634729862213,0.5516687035560608,0.5107111930847168,-0.12320887297391891,0.6760430335998535,0.5877104997634888,-0.1089196726679802,0.6619986295700073,0.4885704517364502,-0.17439435422420502,0.6401666402816772,0.4238298535346985,-0.22215548157691956,0.6125836372375488,0.3733493387699127,-0.2589711844921112,0.7051500082015991,0.6239583492279053,-0.14843109250068665,0.7061359882354736,0.517227292060852,-0.22343233227729797,0.6734732389450073,0.448025107383728,-0.2742655873298645,0.6347838640213013,0.39394813776016235,-0.3144046366214752,0.7267122268676758,0.6780380010604858,-0.18559876084327698,0.7400798797607422,0.5821728706359863,-0.25504299998283386,0.7124021649360657,0.5116139650344849,-0.30298495292663574,0.6795850992202759,0.4599025845527649,-0.3397764563560486,0.7378760576248169,0.7440317869186401,-0.22009606659412384,0.7499520182609558,0.6861338019371033,-0.28602129220962524,0.7343028783798218,0.6330470442771912,-0.32720160484313965,0.7143657803535461,0.5912848114967346,-0.35987168550491333,carta
0.7064833045005798,0.8399410247802734,1.8292135450792557e-07,0.6306060552597046,0.757123589515686,-0.00805710069835186,0.5919257402420044,0.661712646484375,-0.04084601625800133,0.5617934465408325,0.596459150314331,-0.07661519199609756,0.538970410823822,0.5183384418487549,-0.11906158179044724,0.6700776815414429,0.5904885530471802,-0.10313348472118378,0.6540877223014832,0.4857022166252136,-0.16540509462356567,0.6289563775062561,0.42191189527511597,-0.21047024428844452,0.5983927249908447,0.37253525853157043,-0.2455669790506363,0.7024586200714111,0.6239202618598938,-0.14135423302650452,0.7024781703948975,0.5104430913925171,-0.21296326816082,0.6676479578018188,0.4420657753944397,-0.26129642128944397,0.6275354623794556,0.3876969814300537,-0.299309641122818,0.7265722751617432,0.6763850450515747,-0.17784149944782257,0.7385010123252869,0.5701103210449219,-0.24508988857269287,0.7065478563308716,0.49807727336883545,-0.29106080532073975,0.6707162261009216,0.4441881775856018,-0.32636404037475586,0.7403088212013245,0.7423969507217407,-0.21188142895698547,0.7534087300300598,0.6787356734275818,-0.2773069143295288,0.73740553855896,0.6253139972686768,-0.3176781237125397,0.7165453433990479,0.5829930901527405,-0.3493838906288147,carta
0.24086810648441315,0.59649258852005,4.7633650979150843e-07,0.22018826007843018,0.4924025237560272,0.014060226269066334,0.2413661777973175,0.4046808183193207,0.012399889528751373,0.29707691073417664,0.364494651556015,0.009132987819612026,0.34339869022369385,0.36718037724494934,0.0052552600391209126,0.25205546617507935,0.3528013825416565,-0.026058385148644447,0.2984018325805664,0.22940754890441895,-0.031340841203927994,0.32565048336982727,0.16527119278907776,-0.02800738625228405,0.34568551182746887,0.12014439702033997,-0.02269214205443859,0.30044716596603394,0.3777567446231842,-0.035488273948431015,0.3490416407585144,0.2537970542907715,-0.034013401716947556,0.375883013010025,0.18740029633045197,-0.030755510553717613,0.39529308676719666,0.14492657780647278,-0.02798992395401001,0.34561777114868164,0.41508135199546814,-0.03926214575767517,0.3677675724029541,0.35951530933380127,-0.03141843527555466,0.3508225381374359,0.3761409521102905,-0.021618718281388283,0.332977831363678,0.40109696984291077,-0.013846473768353462,0.3783856928348541,0.4554469585418701,-0.04182332754135132,0.37720048427581787,0.4114224314689636,-0.02502286247909069,0.3594787120819092,0.4236205518245697,-0.0060922857373952866,0.3489651679992676,0.4477992653846741,0.008655118755996227,forbice
0.23895418643951416,0.6080126762390137,4.733372804821556e-07,0.21951879560947418,0.5012761950492859,0.01428358256816864,0.2424047738313675,0.41148465871810913,0.012941034510731697,0.29983073472976685,0.3710039258003235,0.00994453951716423,0.34579479694366455,0.37202751636505127,0.006163144484162331,0.25362586975097656,0.36020922660827637,-0.025220368057489395,0.3021079897880554,0.23572063446044922,-0.029801977798342705,0.32991841435432434,0.17165321111679077,-0.025963280349969864,0.3503609895706177,0.12566158175468445,-0.020339449867606163,0.3023037016391754,0.3878175914287567,-0.034905701875686646,0.35222411155700684,0.26078635454177856,-0.03347303345799446,0.37951040267944336,0.1925658881664276,-0.03029831126332283,0.39969125390052795,0.147707998752594,-0.027562355622649193,0.3474818468093872,0.42677345871925354,-0.03886183723807335,0.3717106282711029,0.36147260665893555,-0.03234854340553284,0.3539620041847229,0.3784142732620239,-0.022442171350121498,0.3357735872268677,0.4040932357311249,-0.014164982363581657,0.38041502237319946,0.46876654028892517,-0.0413484089076519,0.3813270330429077,0.41450923681259155,-0.02544059045612812,0.3628658950328827,0.42737719416618347,-0.005619593430310488,0.3524959683418274,0.4527832269668579,0.009948560036718845,forbice
0.2378597855567932,0.6091036200523376,4.7268324010474316e-07,0.21920549869537354,0.4996330738067627,0.016444703564047813,0.24084073305130005,0.4127163589000702,0.015115185640752316,0.2955680787563324,0.37223944067955017,0.011364408768713474,0.33913835883140564,0.3710220754146576,0.006823152303695679,0.25010767579078674,0.3604116439819336,-0.02455332688987255,0.299044132232666,0.2333400398492813,-0.03098347969353199,0.3276546597480774,0.1685362607240677,-0.0280385073274374,0.34894511103630066,0.1229623556137085,-0.022494714707136154,0.29840970039367676,0.38706475496292114,-0.03566117584705353,0.3486993908882141,0.25818920135498047,-0.035759374499320984,0.3769952654838562,0.19076484441757202,-0.03263063356280327,0.3976619243621826,0.14807605743408203,-0.029480937868356705,0.3441754877567291,0.4259723722934723,-0.04091709107160568,0.3704349994659424,0.361175000667572,-0.0346282459795475,0.3534480929374695,0.37809479236602783,-0.023713599890470505,0.3354127109050751,0.40312743186950684,-0.014543826691806316,0.37743496894836426,0.46874547004699707,-0.04465397447347641,0.3809550404548645,0.4152028560638428,-0.027959495782852173,0.3633255362510681,0.42804253101348877,-0.006963355932384729,0.3523588180541992,0.45305782556533813,0.009653625078499317,forbice
0.24047568440437317,0.6136149764060974,4.6206491788325366e-07,0.21945111453533173,0.5055961012840271,0.013768640346825123,0.2417699098587036,0.4140046536922455,0.013204709626734257,0.2985725998878479,0.3740547001361847,0.011307276785373688,0.34348979592323303,0.3755010962486267,0.008602597750723362,0.256607323884964,0.36485353112220764,-0.02615365758538246,0.3044961094856262,0.23750852048397064,-0.030242402106523514,0.33283817768096924,0.17304712533950806,-0.025505635887384415,0.35417190194129944,0.12765565514564514,-0.019087698310613632,0.3057774305343628,0.3936631679534912,-0.03496282920241356,0.3545977771282196,0.2631719708442688,-0.03299322351813316,0.3813231885433197,0.19423647224903107,-0.02895812876522541,0.40189123153686523,0.1503368616104126,-0.02551873028278351,0.3506348133087158,0.4341295063495636,-0.038086049258708954,0.3741292953491211,0.3647553026676178,-0.032184116542339325,0.3548896908760071,0.3796198070049286,-0.023256268352270126,0.33631306886672974,0.4059225022792816,-0.015354128554463387,0.38292551040649414,0.4769139587879181,-0.03956184536218643,0.3821728229522705,0.4193723201751709,-0.024970151484012604,0.3621949255466461,0.43041229248046875,-0.006457610055804253,0.3513507843017578,0.4554187059402466,0.008404770866036415,forbice
0.24285823106765747,0.6213945150375366,4.4229909690329805e-07,0.22172608971595764,0.5135120153427124,0.015473938547074795,0.24338260293006897,0.4217613637447357,0.015284673310816288,0.30014485120773315,0.378253698348999,0.013654098846018314,0.34477782249450684,0.37762710452079773,0.011098346672952175,0.26085200905799866,0.3734216094017029,-0.027594570070505142,0.30711787939071655,0.2416696548461914,-0.03208058327436447,0.3352716863155365,0.1748843938112259,-0.02722700871527195,0.3560316562652588,0.12729454040527344,-0.020633582025766373,0.30943411588668823,0.40197956562042236,-0.036745648831129074,0.35806646943092346,0.26817935705184937,-0.036403365433216095,0.3848671615123749,0.1969890296459198,-0.03207462653517723,0.4054132103919983,0.15126189589500427,-0.028033602982759476,0.3541467487812042,0.44199708104133606,-0.03971455246210098,0.3769741356372833,0.36951982975006104,-0.03383847698569298,0.35704755783081055,0.38394370675086975,-0.022977296262979507,0.3382527232170105,0.41007477045059204,-0.013575630262494087,0.3858095109462738,0.4843941628932953,-0.04089890047907829,0.385296106338501,0.421894907951355,-0.02559339627623558,0.36404749751091003,0.431969553232193,-0.005561089143157005,0.35274240374565125,0.4568323493003845,0.010478357784450054,forbice
0.2442379593849182,0.6268314123153687,4.641624684609269e-07,0.2243538200855255,0.5206020474433899,0.015363437123596668,0.24584302306175232,0.4297742247581482,0.014024777337908745,0.30149149894714355,0.3838241398334503,0.010919918306171894,0.34626784920692444,0.3827870786190033,0.006704641971737146,0.2615925371646881,0.3800364136695862,-0.030712753534317017,0.31177282333374023,0.24828512966632843,-0.038980573415756226,0.34175190329551697,0.1798570454120636,-0.03675728663802147,0.36426180601119995,0.1313014030456543,-0.03164101764559746,0.3095945417881012,0.4093615412712097,-0.04099374637007713,0.36191028356552124,0.2751404047012329,-0.04376288875937462,0.39167332649230957,0.2030457705259323,-0.04054013639688492,0.4135936200618744,0.1568584442138672,-0.0368996299803257,0.3544999063014984,0.4503477215766907,-0.045042552053928375,0.3813055753707886,0.3763982653617859,-0.040831852704286575,0.36211010813713074,0.39069032669067383,-0.02844856306910515,0.342937171459198,0.4161299467086792,-0.017634674906730652,0.3859197795391083,0.4945882558822632,-0.04750072583556175,0.38985782861709595,0.43026190996170044,-0.032548993825912476,0.3696326017379761,0.43998852372169495,-0.010954310186207294,0.3581916093826294,0.4650220572948456,0.00643970025703311,forbice
0.23540934920310974,0.631507933139801,5.33609920694289e-07,0.2243725210428238,0.5205591320991516,0.022179771214723587,0.25157514214515686,0.43414872884750366,0.01975485123693943,0.3090590834617615,0.3888290226459503,0.013038432225584984,0.35619810223579407,0.3804640769958496,0.005412402097135782,0.2502102851867676,0.3810293674468994,-0.02693942002952099,0.3077361285686493,0.24843904376029968,-0.03992368280887604,0.34089499711990356,0.17996995151042938,-0.040958043187856674,0.3664022386074066,0.13111037015914917,-0.03744274377822876,0.29605746269226074,0.40994593501091003,-0.04342077672481537,0.3562551438808441,0.27519547939300537,-0.05183593928813934,0.3913912773132324,0.20394909381866455,-0.05138110741972923,0.41542738676071167,0.15714162588119507,-0.049121297895908356,0.34248682856559753,0.45056411623954773,-0.05319816246628761,0.3814278244972229,0.37720993161201477,-0.0511765219271183,0.3645962178707123,0.39858171343803406,-0.03482583165168762,0.34496167302131653,0.4242323637008667,-0.020946651697158813,0.3766113519668579,0.49623560905456543,-0.06131865456700325,0.39351698756217957,0.433470755815506,-0.04442397505044937,0.3748992681503296,0.4483901560306549,-0.017822854220867157,0.361738920211792,0.474996954202652,0.0030421502888202667,forbice
0.22793611884117126,0.633104681968689,5.810108518744528e-07,0.21754208207130432,0.5214568972587585,0.020313959568738937,0.24656474590301514,0.4341139495372772,0.015042451210319996,0.30764147639274597,0.3917684257030487,0.005208291113376617,0.3564547002315521,0.3886420428752899,-0.005795968230813742,0.24009135365486145,0.38193660974502563,-0.03219611570239067,0.2998334765434265,0.247505784034729,-0.04813636466860771,0.33411404490470886,0.17801153659820557,-0.051538947969675064,0.36041173338890076,0.1277419924736023,-0.04988953098654747,0.2856937646865845,0.4128606617450714,-0.050102561712265015,0.34912025928497314,0.2758249342441559,-0.06126523017883301,0.38574203848838806,0.20164045691490173,-0.06208900734782219,0.4109339416027069,0.15076979994773865,-0.06103261560201645,0.3328588604927063,0.4550711214542389,-0.06145475059747696,0.37697550654411316,0.3758857846260071,-0.06247911602258682,0.3609316647052765,0.3993861675262451,-0.0453353077173233,0.34069889783859253,0.4262511730194092,-0.030698344111442566,0.36868906021118164,0.5021786689758301,-0.07144239544868469,0.3909403085708618,0.43449854850769043,-0.05733326077461243,0.3726501166820526,0.45014771819114685,-0.030457904562354088,0.3588484525680542,0.47705093026161194,-0.009374079294502735,forbice
0.22560016810894012,0.6319371461868286,6.190860517563124e-07,0.21650555729866028,0.5219229459762573,0.017972148954868317,0.247993603348732,0.4328627288341522,0.011503471992909908,0.3097182810306549,0.3888905942440033,0.0003491512325126678,0.35946643352508545,0.38279062509536743,-0.011647696606814861,0.23619459569454193,0.37865322828292847,-0.03170519694685936,0.2967372238636017,0.24792057275772095,-0.04899188503623009,0.33123475313186646,0.179263174533844,-0.05399583652615547,0.357014536857605,0.12833532691001892,-0.053862739354372025,0.2790486514568329,0.4095700979232788,-0.0501268096268177,0.345474511384964,0.2764025926589966,-0.06279449164867401,0.3840065598487854,0.20443491637706757,-0.06491318345069885,0.4103924036026001,0.15168052911758423,-0.06529172509908676,0.3247952163219452,0.45129528641700745,-0.06274194270372391,0.3765258491039276,0.37423792481422424,-0.06677272915840149,0.3623535931110382,0.40421372652053833,-0.04945821687579155,0.3419468104839325,0.4325045943260193,-0.034518007189035416,0.3612562417984009,0.4984069764614105,-0.07430274784564972,0.3897637128829956,0.43171459436416626,-0.06288494169712067,0.3724357485771179,0.4518536925315857,-0.03644251450896263,0.357875794172287,0.4793562889099121,-0.015862930566072464,forbice
0.2221396118402481,0.6298900842666626,6.863828048153664e-07,0.21531438827514648,0.5200012922286987,0.0151943638920784,0.2498270571231842,0.43093717098236084,0.0066833640448749065,0.3112848699092865,0.3919883370399475,-0.006763568613678217,0.36114609241485596,0.3885326683521271,-0.020805971696972847,0.23462799191474915,0.3735235631465912,-0.031091339886188507,0.2955790162086487,0.249596506357193,-0.05006915703415871,0.3314790725708008,0.18447311222553253,-0.05757121741771698,0.3582420349121094,0.13571080565452576,-0.0595308393239975,0.2742062211036682,0.40662625432014465,-0.04993585869669914,0.34378042817115784,0.28028228878974915,-0.06432127207517624,0.3842397630214691,0.20890626311302185,-0.06890805065631866,0.41220560669898987,0.15440815687179565,-0.07157321274280548,0.31724682450294495,0.44931864738464355,-0.06375420093536377,0.37579208612442017,0.37583568692207336,-0.0700085461139679,0.36250144243240356,0.4077661335468292,-0.053446196019649506,0.34108322858810425,0.4360401928424835,-0.038973987102508545,0.3538762032985687,0.496721088886261,-0.07694468647241592,0.388938307762146,0.43083593249320984,-0.06763752549886703,0.37322720885276794,0.4539986848831177,-0.041737623512744904,0.3578660488128662,0.48150649666786194,-0.02165265753865242,forbice
0.22100567817687988,0.6289503574371338,6.861329779894731e-07,0.21495231986045837,0.5176972150802612,0.016851510852575302,0.24887791275978088,0.4300312101840973,0.00888752844184637,0.3093021810054779,0.3935343325138092,-0.004516009707003832,0.35944151878356934,0.39105039834976196,-0.01860642060637474,0.23503118753433228,0.3720156252384186,-0.028859324753284454,0.2972319424152374,0.25011885166168213,-0.047303371131420135,0.3333788216114044,0.1857261061668396,-0.054924219846725464,0.36032599210739136,0.13689666986465454,-0.05721692740917206,0.2743934392929077,0.40440914034843445,-0.048404812812805176,0.34476423263549805,0.2800118923187256,-0.06193675845861435,0.3851795196533203,0.20937316119670868,-0.06677471846342087,0.4128820300102234,0.1548677682876587,-0.07000646740198135,0.3170340061187744,0.44676879048347473,-0.06282628327608109,0.37691164016723633,0.3746519088745117,-0.06765655428171158,0.3640384376049042,0.40793555974960327,-0.05071661248803139,0.3425082266330719,0.4367673099040985,-0.03648875281214714,0.35336926579475403,0.494208961725235,-0.07661736756563187,0.38878336548805237,0.43020233511924744,-0.06649207323789597,0.3732907474040985,0.45374929904937744,-0.040471430867910385,0.3575032651424408,0.48099485039711,-0.02047903649508953,forbice
0.2225525677204132,0.6275327205657959,6.813804702687776e-07,0.2167627364397049,0.516575813293457,0.017996184527873993,0.24995049834251404,0.43006497621536255,0.010299094021320343,0.30936336517333984,0.39247646927833557,-0.0030614794231951237,0.3595115542411804,0.3890515863895416,-0.017146816477179527,0.23647776246070862,0.3704855442047119,-0.02789381705224514,0.29848286509513855,0.2498386949300766,-0.046361882239580154,0.33442065119743347,0.1857641190290451,-0.05401673540472984,0.361197829246521,0.1372864544391632,-0.05627916380763054,0.27524998784065247,0.40188711881637573,-0.047814320772886276,0.34551799297332764,0.27904316782951355,-0.06132309138774872,0.38628920912742615,0.2093832939863205,-0.0659673810005188,0.4139726758003235,0.15631729364395142,-0.06897807866334915,0.31759676337242126,0.4435940980911255,-0.06250957399606705,0.3776213526725769,0.3746299743652344,-0.06644080579280853,0.3654099702835083,0.4078788161277771,-0.04883943498134613,0.34412819147109985,0.4363548755645752,-0.034350086003541946,0.3538497984409332,0.49102139472961426,-0.07657064497470856,0.3896937370300293,0.4298189878463745,-0.06527809798717499,0.3744678497314453,0.454050749540329,-0.03862307593226433,0.35863372683525085,0.48159870505332947,-0.018280666321516037,forbice
0.22278138995170593,0.6280778050422668,6.581461775567732e-07,0.21586064994335175,0.518256425857544,0.019844332709908485,0.24603277444839478,0.4315309524536133,0.013214584439992905,0.3023054599761963,0.393222451210022,0.0006817628163844347,0.351282000541687,0.3901247978210449,-0.01262697484344244,0.23442620038986206,0.3715815544128418,-0.026438450440764427,0.2930242717266083,0.25047701597213745,-0.04410724341869354,0.3266444206237793,0.18568702042102814,-0.05089294910430908,0.3518657088279724,0.13737094402313232,-0.05253654345870018,0.27338480949401855,0.4015664756298065,-0.04685117304325104,0.34130316972732544,0.27648377418518066,-0.06050039827823639,0.3802470266819,0.20571111142635345,-0.06504743546247482,0.40686410665512085,0.15241438150405884,-0.06763362139463425,0.31616243720054626,0.4422740936279297,-0.061709560453891754,0.3767440915107727,0.3723531663417816,-0.0653170719742775,0.3649815320968628,0.4050171673297882,-0.04725722223520279,0.34407517313957214,0.4333568811416626,-0.03226904943585396,0.35266435146331787,0.4895685613155365,-0.07573273777961731,0.3888660669326782,0.4279710054397583,-0.0637679472565651,0.3739711344242096,0.4519442319869995,-0.036613427102565765,0.35825100541114807,0.4790775775909424,-0.015777530148625374,forbice
0.225380539894104,0.6283581256866455,6.476778935393668e-07,0.21657854318618774,0.5184658765792847,0.018229246139526367,0.24515610933303833,0.43155038356781006,0.011935427784919739,0.30163857340812683,0.39361706376075745,3.267761712777428e-05,0.3505762815475464,0.39261412620544434,-0.012657033279538155,0.23514513671398163,0.37338578701019287,-0.026062609627842903,0.2916482090950012,0.25008755922317505,-0.04349416121840477,0.3244219422340393,0.18429788947105408,-0.04998993128538132,0.34921011328697205,0.13542407751083374,-0.0512978732585907,0.27584370970726013,0.40162214636802673,-0.04563261941075325,0.33910417556762695,0.2723501920700073,-0.05900242552161217,0.3763543367385864,0.20075364410877228,-0.06373410671949387,0.40236896276474,0.14767032861709595,-0.06607867777347565,0.3203379809856415,0.4420253336429596,-0.059888605028390884,0.37761959433555603,0.3718314468860626,-0.06496096402406693,0.3653843402862549,0.4038645029067993,-0.04922439530491829,0.3443848490715027,0.43253204226493835,-0.03517492488026619,0.35730963945388794,0.48918095231056213,-0.07325465232133865,0.3896802067756653,0.4300893247127533,-0.06313693523406982,0.3748457431793213,0.4532249867916107,-0.037898220121860504,0.35961592197418213,0.47953149676322937,-0.017958039417862892,forbice
0.22533228993415833,0.6276071667671204,6.299255232988799e-07,0.2175273895263672,0.5176523327827454,0.01939968392252922,0.2474176287651062,0.43072083592414856,0.013642444275319576,0.3058376908302307,0.3915352523326874,0.0021265035029500723,0.354523628950119,0.3884701132774353,-0.010169816203415394,0.23469413816928864,0.3722003996372223,-0.025541042909026146,0.2912982702255249,0.24696700274944305,-0.04262885823845863,0.3238111436367035,0.18063393235206604,-0.048566319048404694,0.34808555245399475,0.13101696968078613,-0.04945337772369385,0.2753729820251465,0.4002494513988495,-0.04568210244178772,0.33764564990997314,0.26936662197113037,-0.05899697542190552,0.37434840202331543,0.19745181500911713,-0.06325916945934296,0.39988285303115845,0.14396974444389343,-0.06514333188533783,0.32007718086242676,0.4405667185783386,-0.06040453910827637,0.3763468861579895,0.36968928575515747,-0.06550531089305878,0.36367368698120117,0.40241241455078125,-0.0495227612555027,0.3425047695636749,0.4313224256038666,-0.03517559543251991,0.3573416471481323,0.487705796957016,-0.07412780076265335,0.3887335956096649,0.4282156825065613,-0.06360804289579391,0.37360167503356934,0.4509737193584442,-0.03818925470113754,0.35860925912857056,0.4773324131965637,-0.018138857558369637,forbice
0.2272454798221588,0.6258057355880737,6.121027809058432e-07,0.21929645538330078,0.5169878602027893,0.01939932256937027,0.24843266606330872,0.42971935868263245,0.01386436726897955,0.30769598484039307,0.3898938298225403,0.002584346802905202,0.3572334051132202,0.3858835697174072,-0.009144381619989872,0.23502115905284882,0.3711282014846802,-0.024142540991306305,0.2905005216598511,0.24504294991493225,-0.039883073419332504,0.32097887992858887,0.17889723181724548,-0.04393145442008972,0.3436121642589569,0.12887424230575562,-0.043554265052080154,0.27568402886390686,0.39774155616760254,-0.04483015835285187,0.33421847224235535,0.26271939277648926,-0.059702031314373016,0.3680087924003601,0.18869134783744812,-0.06411868333816528,0.39212900400161743,0.13379734754562378,-0.06519510596990585,0.32058897614479065,0.43790584802627563,-0.060045674443244934,0.3760629892349243,0.3679800033569336,-0.06787368655204773,0.36250048875808716,0.4024052023887634,-0.05192919820547104,0.34147271513938904,0.43166133761405945,-0.03634621575474739,0.35856038331985474,0.48585349321365356,-0.07399960607290268,0.38956472277641296,0.4248230457305908,-0.06465016305446625,0.37381938099861145,0.44901031255722046,-0.038434263318777084,0.35902079939842224,0.47585225105285645,-0.017266511917114258,forbice
0.22697745263576508,0.6208517551422119,6.162571253298665e-07,0.2171899974346161,0.5162937045097351,0.01996745355427265,0.24112987518310547,0.4274964928627014,0.013194691389799118,0.29175350069999695,0.3896505832672119,0.000272369128651917,0.3390711545944214,0.3877113163471222,-0.013130761682987213,0.22939136624336243,0.36943355202674866,-0.02715701051056385,0.2768869996070862,0.24566642940044403,-0.04532485455274582,0.30348601937294006,0.18115080893039703,-0.05005635693669319,0.32412368059158325,0.13347241282463074,-0.050207071006298065,0.26671040058135986,0.3944399952888489,-0.05003109201788902,0.3200094997882843,0.2524082660675049,-0.07055753469467163,0.3499119281768799,0.1748034805059433,-0.07648326456546783,0.37196171283721924,0.11652028560638428,-0.07747329771518707,0.3105570077896118,0.43378451466560364,-0.0671481043100357,0.3722264766693115,0.35853180289268494,-0.07880580425262451,0.36050087213516235,0.39575982093811035,-0.06018013879656792,0.3405623733997345,0.42580941319465637,-0.04166470840573311,0.34994980692863464,0.48264768719673157,-0.08295176178216934,0.3844928741455078,0.41833609342575073,-0.07527751475572586,0.3703627586364746,0.44587188959121704,-0.046764083206653595,0.356465220451355,0.4730054438114166,-0.02340981923043728,forbice
0.22751711308956146,0.6210600137710571,6.225600372999907e-07,0.21616815030574799,0.5146757364273071,0.01728414185345173,0.2401965856552124,0.425192266702652,0.009287440218031406,0.29382723569869995,0.38783133029937744,-0.004464989993721247,0.34180858731269836,0.3849634528160095,-0.018559139221906662,0.22602960467338562,0.37124767899513245,-0.03009740635752678,0.2682063579559326,0.24656924605369568,-0.0501946322619915,0.2894338071346283,0.17784304916858673,-0.05649140849709511,0.305125892162323,0.12511831521987915,-0.05797816812992096,0.26307597756385803,0.3931954503059387,-0.05284154415130615,0.31178563833236694,0.24648499488830566,-0.07625746726989746,0.3389905095100403,0.16493254899978638,-0.0839509591460228,0.3596358299255371,0.10205948352813721,-0.08581719547510147,0.3073320984840393,0.4299544394016266,-0.06995248049497604,0.36835724115371704,0.3532660901546478,-0.08412224054336548,0.3570660948753357,0.3899494409561157,-0.0656898096203804,0.33690765500068665,0.4196214973926544,-0.046637389808893204,0.3471470773220062,0.47671228647232056,-0.08609815686941147,0.3807038962841034,0.4096638560295105,-0.07919857650995255,0.3676148056983948,0.43799808621406555,-0.049920957535505295,0.3540210425853729,0.4661073684692383,-0.02591012977063656,forbice
0.22796505689620972,0.6219152212142944,6.357078063956578e-07,0.2166702300310135,0.5142667293548584,0.02014932967722416,0.23907610774040222,0.4263768196105957,0.011985739693045616,0.2900032103061676,0.38662075996398926,-0.0024079354479908943,0.33731764554977417,0.3804517388343811,-0.01677471026778221,0.2259063720703125,0.3696898818016052,-0.030167002230882645,0.26810142397880554,0.24688194692134857,-0.05129226669669151,0.28894808888435364,0.1775740385055542,-0.05809231847524643,0.3049025535583496,0.12476199865341187,-0.060109011828899384,0.26122888922691345,0.3918752670288086,-0.0544031485915184,0.31065991520881653,0.24615272879600525,-0.08190036565065384,0.33874037861824036,0.16425007581710815,-0.09141668677330017,0.3606259524822235,0.10239854454994202,-0.09424473345279694,0.3042142689228058,0.429720401763916,-0.0722101554274559,0.3687429130077362,0.35327330231666565,-0.08688945323228836,0.35815081000328064,0.38961634039878845,-0.06537418067455292,0.3383370041847229,0.41868841648101807,-0.04419886693358421,0.34358951449394226,0.47835665941238403,-0.08895464986562729,0.38102662563323975,0.4096886217594147,-0.08088091015815735,0.3693208694458008,0.4385836720466614,-0.04906915873289108,0.35542309284210205,0.4666706919670105,-0.023212077096104622,forbice
0.2254759520292282,0.6190935373306274,7.721387760284415e-07,0.2153499871492386,0.5114015340805054,0.018633738160133362,0.24303025007247925,0.4224346876144409,0.007762777153402567,0.2988673746585846,0.3848630487918854,-0.009971041232347488,0.3497600555419922,0.38033196330070496,-0.027244102209806442,0.22240126132965088,0.36330562829971313,-0.03094879537820816,0.27151015400886536,0.24036414921283722,-0.05301082134246826,0.2964789867401123,0.17233707010746002,-0.060333169996738434,0.3153931498527527,0.1197248101234436,-0.06325539946556091,0.25565099716186523,0.3875570595264435,-0.05773121118545532,0.3100304901599884,0.24390912055969238,-0.08864063024520874,0.3403688073158264,0.1620955467224121,-0.0998888611793518,0.3631858229637146,0.0986204445362091,-0.10393716394901276,0.2959092855453491,0.42748045921325684,-0.07851854711771011,0.37043142318725586,0.3529375195503235,-0.09698052704334259,0.3610101044178009,0.3980255424976349,-0.0739239975810051,0.3393179178237915,0.4292745590209961,-0.05134978145360947,0.33499252796173096,0.4779517650604248,-0.09855419397354126,0.38216450810432434,0.41170936822891235,-0.09396448731422424,0.37130314111709595,0.44653239846229553,-0.06154395639896393,0.35366037487983704,0.4755008816719055,-0.03514837101101875,forbice
0.22128187119960785,0.6247508525848389,8.397045121455449e-07,0.2119278609752655,0.5149022936820984,0.022674446925520897,0.23616990447044373,0.42590105533599854,0.011802242137491703,0.28781986236572266,0.38258785009384155,-0.006793172564357519,0.337581992149353,0.37049028277397156,-0.024268215522170067,0.21455979347229004,0.3624228537082672,-0.03024027682840824,0.2659471929073334,0.23940959572792053,-0.05382319912314415,0.29326680302619934,0.17045220732688904,-0.06246255338191986,0.31427305936813354,0.11714416742324829,-0.06709972769021988,0.2461077868938446,0.38711684942245483,-0.059872545301914215,0.3028400242328644,0.24202418327331543,-0.0960366427898407,0.335712194442749,0.16016900539398193,-0.11162600666284561,0.36027488112449646,0.09814274311065674,-0.11923114210367203,0.2844710946083069,0.42842453718185425,-0.08254501968622208,0.3671054244041443,0.3509203791618347,-0.10132522135972977,0.35978469252586365,0.3972872197628021,-0.0761142373085022,0.3372424244880676,0.42672860622406006,-0.05306966230273247,0.32330596446990967,0.4792463183403015,-0.10440538078546524,0.37830621004104614,0.4147133529186249,-0.10020679235458374,0.3696097731590271,0.45063209533691406,-0.06789243221282959,0.3485319912433624,0.4763217568397522,-0.04186268523335457,forbice
0.2149164080619812,0.6341046690940857,9.108525773626752e-07,0.20543143153190613,0.5189468264579773,0.02678494155406952,0.22905127704143524,0.4257354736328125,0.01618606224656105,0.2800397276878357,0.38206544518470764,-0.0033213242422789335,0.3274274468421936,0.3671828806400299,-0.020950978621840477,0.20764952898025513,0.3579878807067871,-0.02917538210749626,0.2642919421195984,0.23353323340415955,-0.053042471408843994,0.29335081577301025,0.1641303151845932,-0.06240229681134224,0.3150777816772461,0.10907956957817078,-0.06868989020586014,0.23638322949409485,0.38447993993759155,-0.06125019118189812,0.2957988977432251,0.24075132608413696,-0.10238910466432571,0.3286137282848358,0.15734857320785522,-0.12253232300281525,0.35302913188934326,0.09310731291770935,-0.1341467946767807,0.27166828513145447,0.42727556824684143,-0.08530078828334808,0.36537814140319824,0.3476809561252594,-0.10516384989023209,0.3592206537723541,0.398310124874115,-0.07922959327697754,0.33358293771743774,0.4286193549633026,-0.05676915869116783,0.3096030056476593,0.47778889536857605,-0.10847368091344833,0.3759181499481201,0.4215417802333832,-0.1066277027130127,0.3664824366569519,0.45902615785598755,-0.07677799463272095,0.3386768102645874,0.48201143741607666,-0.052752163261175156,forbice
0.21450242400169373,0.6379686594009399,9.304449690716865e-07,0.20708781480789185,0.5245031118392944,0.029741210862994194,0.22838963568210602,0.42970794439315796,0.020898623391985893,0.27424687147140503,0.3814648985862732,0.002405124483630061,0.31827524304389954,0.3619190454483032,-0.013376365415751934,0.20737847685813904,0.35567355155944824,-0.024258969351649284,0.26606884598731995,0.2344866842031479,-0.049348410218954086,0.2967025637626648,0.16422417759895325,-0.06058211252093315,0.31943029165267944,0.10952484607696533,-0.06826025992631912,0.2325652539730072,0.3847849369049072,-0.057249631732702255,0.2937576472759247,0.2427377998828888,-0.10290724784135818,0.32834017276763916,0.15946674346923828,-0.12717187404632568,0.353924959897995,0.09551507234573364,-0.14116594195365906,0.2647250294685364,0.42750757932662964,-0.08193932473659515,0.36350685358047485,0.3483436107635498,-0.10475840419530869,0.35971349477767944,0.4012736678123474,-0.07977710664272308,0.33479541540145874,0.4314720928668976,-0.05714603513479233,0.3016090393066406,0.47530344128608704,-0.10538387298583984,0.37475189566612244,0.4218267798423767,-0.10386045277118683,0.36523759365081787,0.461063951253891,-0.07412089407444,0.3347807228565216,0.48427578806877136,-0.04984796792268753,forbice
0.20834675431251526,0.6411269307136536,1.0024181165135815e-06,0.21024230122566223,0.5293936133384705,0.031486909836530685,0.23992708325386047,0.43591544032096863,0.02111859992146492,0.29081660509109497,0.3928215801715851,-0.0006782807176932693,0.335953950881958,0.3766746520996094,-0.019342897459864616,0.20925675332546234,0.3549560010433197,-0.01710905134677887,0.267170786857605,0.2355366200208664,-0.044988963752985,0.30038678646087646,0.16339723765850067,-0.058477409183979034,0.3267497420310974,0.10854098200798035,-0.06794817745685577,0.2271331399679184,0.3787574768066406,-0.053730446845293045,0.28529536724090576,0.24069233238697052,-0.10776185244321823,0.32322922348976135,0.15829698741436005,-0.13469071686267853,0.3539353609085083,0.09462618827819824,-0.14834557473659515,0.25350287556648254,0.41857001185417175,-0.08264904469251633,0.35851049423217773,0.35338670015335083,-0.11188279092311859,0.3542214035987854,0.40728694200515747,-0.08642449229955673,0.3275768756866455,0.434269517660141,-0.061718061566352844,0.2881595194339752,0.4665949046611786,-0.1107054129242897,0.3699586093425751,0.4271067678928375,-0.11199972033500671,0.35882508754730225,0.4687243103981018,-0.08178690075874329,0.3261720836162567,0.49057537317276,-0.0566260851919651,forbice
0.20887881517410278,0.6512364745140076,1.014360236695211e-06,0.2147582471370697,0.5395431518554688,0.0318952314555645,0.24422070384025574,0.4432518184185028,0.021074257791042328,0.2922390103340149,0.3956039547920227,-0.0012281780363991857,0.33462077379226685,0.37816792726516724,-0.0197104811668396,0.21388238668441772,0.36032867431640625,-0.01813729666173458,0.2725846767425537,0.24563002586364746,-0.04674818366765976,0.30459362268447876,0.1731228530406952,-0.06087098270654678,0.33011022210121155,0.11910149455070496,-0.07140672951936722,0.22910290956497192,0.3874429166316986,-0.05576745420694351,0.29117968678474426,0.2537834048271179,-0.11452990770339966,0.33063119649887085,0.16988839209079742,-0.14425541460514069,0.3630567789077759,0.10508549213409424,-0.15984930098056793,0.2527965009212494,0.4293650984764099,-0.08532952517271042,0.3612285852432251,0.36281776428222656,-0.11646263301372528,0.3583095371723175,0.4170265197753906,-0.08930908888578415,0.33321666717529297,0.44283032417297363,-0.0635640025138855,0.28585872054100037,0.4785516560077667,-0.11412002146244049,0.3711279034614563,0.4376688599586487,-0.11543037742376328,0.3611588478088379,0.4795694053173065,-0.08423428982496262,0.32910895347595215,0.5013370513916016,-0.05871066078543663,forbice
0.2102348804473877,0.6559232473373413,1.0402428642919404e-06,0.22556211054325104,0.5482381582260132,0.03437924012541771,0.2604755461215973,0.45732173323631287,0.021393897011876106,0.3119024336338043,0.41213101148605347,-0.003548939246684313,0.3562135398387909,0.39984002709388733,-0.024991493672132492,0.22292259335517883,0.367879718542099,-0.018417373299598694,0.2916214168071747,0.26188385486602783,-0.04682624340057373,0.3290467858314514,0.2004919946193695,-0.060333553701639175,0.3565915822982788,0.15490657091140747,-0.06974992156028748,0.23604822158813477,0.3949972093105316,-0.058067452162504196,0.3060508966445923,0.2646539509296417,-0.11632233113050461,0.3490282893180847,0.18040724098682404,-0.14488938450813293,0.38330861926078796,0.11500585079193115,-0.15963934361934662,0.2566347122192383,0.4386611878871918,-0.08925534039735794,0.3671921193599701,0.3807026147842407,-0.11925824731588364,0.3645401895046234,0.4332980513572693,-0.09156198054552078,0.34039902687072754,0.4579283893108368,-0.06577873229980469,0.28700345754623413,0.4903969466686249,-0.11926814168691635,0.37258943915367126,0.4539608061313629,-0.11777443438768387,0.3634423017501831,0.4941486418247223,-0.08435433357954025,0.33395248651504517,0.5143269300460815,-0.05788293480873108,forbice
0.21154339611530304,0.6591665744781494,1.0944306723104091e-06,0.23422372341156006,0.5569098591804504,0.032451823353767395,0.27383044362068176,0.46960127353668213,0.018456732854247093,0.32795295119285583,0.4264594614505768,-0.007285171188414097,0.37137407064437866,0.4177461862564087,-0.029193367809057236,0.23052677512168884,0.3747459948062897,-0.01813921146094799,0.29756906628608704,0.2689017653465271,-0.04696927219629288,0.33612963557243347,0.2051381766796112,-0.06137567386031151,0.3659028112888336,0.15859243273735046,-0.07173424959182739,0.23947855830192566,0.39975106716156006,-0.05742602422833443,0.3098847568035126,0.27176550030708313,-0.11728928238153458,0.3565683960914612,0.18845134973526,-0.1478104442358017,0.3946956396102905,0.12555831670761108,-0.16382481157779694,0.25653260946273804,0.44280776381492615,-0.08840738236904144,0.3692513406276703,0.38995230197906494,-0.11912255734205246,0.3689824938774109,0.44236698746681213,-0.09180937707424164,0.3474046587944031,0.4668956696987152,-0.06629733741283417,0.28511080145835876,0.4941096901893616,-0.11854458600282669,0.3715885579586029,0.4633713960647583,-0.11755478382110596,0.36399638652801514,0.5031013488769531,-0.08461391180753708,0.33569562435150146,0.5213102698326111,-0.058632586151361465,forbice
0.2108333259820938,0.6688920855522156,1.1247656175328302e-06,0.24975816905498505,0.579037070274353,0.0219452865421772,0.2917834222316742,0.49379366636276245,0.005771982949227095,0.34287843108177185,0.4460635781288147,-0.021015973761677742,0.3823818564414978,0.4381468594074249,-0.04423536732792854,0.23870086669921875,0.3897233009338379,-0.01717131771147251,0.303600937128067,0.29397743940353394,-0.04837543144822121,0.3442327082157135,0.233262836933136,-0.06587035208940506,0.3747199773788452,0.1890205442905426,-0.07819417119026184,0.2413589358329773,0.4079522490501404,-0.05228811129927635,0.3187200725078583,0.2909177541732788,-0.11020651459693909,0.370236873626709,0.2106311321258545,-0.1411270797252655,0.4112570285797119,0.14852187037467957,-0.15791413187980652,0.25140878558158875,0.4482387602329254,-0.08146621286869049,0.37025707960128784,0.40864622592926025,-0.11531699448823929,0.369828999042511,0.46300575137138367,-0.09331390261650085,0.34872761368751526,0.48685750365257263,-0.07102738320827484,0.2740655541419983,0.49975448846817017,-0.11060938984155655,0.36332446336746216,0.4804430603981018,-0.11519454419612885,0.35769978165626526,0.5215933322906494,-0.08751562237739563,0.3320082426071167,0.5377249717712402,-0.06512043625116348,forbice
0.2088046371936798,0.6766592860221863,1.1733613973774482e-06,0.259071409702301,0.5923094749450684,0.014613313600420952,0.30231142044067383,0.5099562406539917,-0.004595036152750254,0.3480921685695648,0.45837098360061646,-0.03375941514968872,0.38665303587913513,0.4495154917240143,-0.05989787355065346,0.2427661120891571,0.3951476812362671,-0.02023753896355629,0.3093070089817047,0.3027843236923218,-0.0544731430709362,0.3522903025150299,0.23959116637706757,-0.07534272223711014,0.38487282395362854,0.19277748465538025,-0.09004679322242737,0.24246256053447723,0.4132147431373596,-0.053105276077985764,0.3236214816570282,0.30054181814193726,-0.10976368933916092,0.3761410415172577,0.22162212431430817,-0.1409873366355896,0.4170368015766144,0.15888425707817078,-0.15872105956077576,0.24886304140090942,0.4544749855995178,-0.08142101764678955,0.3696979284286499,0.4212675392627716,-0.11724146455526352,0.3669496774673462,0.4777299165725708,-0.0980387032032013,0.3436385691165924,0.5015073418617249,-0.07790062576532364,0.2679486870765686,0.5070852041244507,-0.11035270988941193,0.35841017961502075,0.4932592511177063,-0.11917401850223541,0.3531629145145416,0.5357967615127563,-0.09485584497451782,0.32742124795913696,0.5511166453361511,-0.07476087659597397,forbice
0.21251776814460754,0.6834546327590942,1.1852633861053619e-06,0.2836175858974457,0.6063510179519653,0.00787333957850933,0.3232358992099762,0.5243321061134338,-0.012039555236697197,0.3568159341812134,0.4647691547870636,-0.04128241539001465,0.38952872157096863,0.4486981928348541,-0.06740087270736694,0.2553909122943878,0.3902057111263275,-0.019085397943854332,0.32047080993652344,0.3049057424068451,-0.056138426065444946,0.3651055693626404,0.2398945689201355,-0.08155849575996399,0.39870017766952515,0.19042286276817322,-0.10013192147016525,0.2460205852985382,0.4096698760986328,-0.04987819865345955,0.3269343376159668,0.30738651752471924,-0.11039930582046509,0.3816242516040802,0.23456482589244843,-0.14544335007667542,0.423577219247818,0.17410022020339966,-0.1652940809726715,0.24609477818012238,0.45236146450042725,-0.0773414671421051,0.3667534589767456,0.4333597719669342,-0.1188645288348198,0.3579361140727997,0.49313563108444214,-0.1030467301607132,0.32833874225616455,0.5150757431983948,-0.0841888040304184,0.25992903113365173,0.506000280380249,-0.10608384013175964,0.3521747887134552,0.5025526285171509,-0.12145823985338211,0.3460725247859955,0.5479946136474609,-0.1005455031991005,0.31786924600601196,0.5626034736633301,-0.08188720792531967,forbice
0.2128988802433014,0.6882764101028442,1.1796294074883917e-06,0.29207727313041687,0.6109359860420227,0.005515505559742451,0.33065465092658997,0.5281191468238831,-0.014887837693095207,0.36175423860549927,0.46839773654937744,-0.04436752200126648,0.3952906131744385,0.45201972126960754,-0.0705631896853447,0.2605041265487671,0.3948933482170105,-0.021022122353315353,0.3256986439228058,0.30914223194122314,-0.06002909317612648,0.3708786070346832,0.24263831973075867,-0.08754222095012665,0.40482455492019653,0.1909187138080597,-0.10786101222038269,0.24728330969810486,0.4139564633369446,-0.051418643444776535,0.3265025019645691,0.31269320845603943,-0.11350417882204056,0.3822760581970215,0.24198463559150696,-0.14953207969665527,0.4244920015335083,0.18289268016815186,-0.16987375915050507,0.24470289051532745,0.4567500054836273,-0.07882150262594223,0.3647829294204712,0.43786412477493286,-0.12251816689968109,0.35813093185424805,0.5011569857597351,-0.10640944540500641,0.32866787910461426,0.5255833268165588,-0.0869361087679863,0.2565206289291382,0.5098283886909485,-0.10787037014961243,0.34898412227630615,0.5061193108558655,-0.12602658569812775,0.34444427490234375,0.5538132190704346,-0.10522102564573288,0.3152197301387787,0.5703778862953186,-0.08611029386520386,forbice
0.21663504838943481,0.6883267164230347,1.1688281347232987e-06,0.3026067912578583,0.610442042350769,-0.0017968342872336507,0.3453725278377533,0.5295471549034119,-0.02603663131594658,0.3741268217563629,0.4712722599506378,-0.05914703756570816,0.38332465291023254,0.4592195451259613,-0.08926768600940704,0.28850099444389343,0.40282660722732544,-0.024579374119639397,0.35490918159484863,0.31505268812179565,-0.06702842563390732,0.39831751585006714,0.25207269191741943,-0.09570873528718948,0.4295998215675354,0.20035424828529358,-0.11556952446699142,0.2605515420436859,0.4144740104675293,-0.05308757349848747,0.33443161845207214,0.31125694513320923,-0.11115027964115143,0.38883838057518005,0.2449418604373932,-0.1429874449968338,0.4308009147644043,0.189092755317688,-0.16043366491794586,0.24256077408790588,0.45168742537498474,-0.08071918785572052,0.35793453454971313,0.4458385705947876,-0.12488408386707306,0.3565470576286316,0.5125792026519775,-0.11078213155269623,0.3335516154766083,0.5439538359642029,-0.0924336314201355,0.24246704578399658,0.5027308464050293,-0.11114804446697235,0.3399196267127991,0.513459324836731,-0.13281767070293427,0.33833351731300354,0.5631577372550964,-0.11578352749347687,0.3104667663574219,0.5818002820014954,-0.09906643629074097,forbice
0.22050637006759644,0.6806541681289673,1.1383081073290668e-06,0.30266931653022766,0.6134108304977417,-0.005095235072076321,0.3531028926372528,0.5346433520317078,-0.028085073456168175,0.3832111954689026,0.4730212092399597,-0.05912714824080467,0.37794753909111023,0.45947423577308655,-0.08675003796815872,0.3031805157661438,0.40428030490875244,-0.023975349962711334,0.36827829480171204,0.32170024514198303,-0.06581978499889374,0.41131481528282166,0.262648344039917,-0.09345119446516037,0.4418201148509979,0.21436995267868042,-0.11235496401786804,0.26721224188804626,0.41131681203842163,-0.0512281134724617,0.33743375539779663,0.3083762228488922,-0.10840841382741928,0.38987475633621216,0.24370427429676056,-0.13894934952259064,0.42959368228912354,0.18811604380607605,-0.1549186408519745,0.240699902176857,0.4446086287498474,-0.07849045097827911,0.35296764969825745,0.4423317611217499,-0.12438119947910309,0.35243579745292664,0.512226939201355,-0.11131801456212997,0.33043965697288513,0.5435539484024048,-0.09243658185005188,0.23443078994750977,0.4943438470363617,-0.10880362242460251,0.333256334066391,0.5095131993293762,-0.13306204974651337,0.3337908685207367,0.5588125586509705,-0.11809105426073074,0.3070363700389862,0.5748238563537598,-0.1019902154803276,forbice
0.2186463177204132,0.6815522909164429,1.1228847824895638e-06,0.30061325430870056,0.6192582845687866,-0.0037515212316066027,0.3538876175880432,0.5381954908370972,-0.025852689519524574,0.3851145803928375,0.47542083263397217,-0.05680128186941147,0.3736083507537842,0.4629071354866028,-0.0838608592748642,0.3092569410800934,0.40570756793022156,-0.021748054772615433,0.3734014630317688,0.3233395218849182,-0.06409131735563278,0.4157596230506897,0.26761314272880554,-0.09228828549385071,0.4457877576351166,0.2198541909456253,-0.11242193728685379,0.2681830823421478,0.4108160734176636,-0.05127231404185295,0.33576464653015137,0.30782419443130493,-0.11204111576080322,0.38856130838394165,0.24482287466526031,-0.14481592178344727,0.4288102388381958,0.188497394323349,-0.16228795051574707,0.23685288429260254,0.4430764317512512,-0.0806998610496521,0.345808744430542,0.4388037919998169,-0.12986545264720917,0.3453325629234314,0.5151998996734619,-0.11521393060684204,0.3214304447174072,0.5471204519271851,-0.09496073424816132,0.22649598121643066,0.49149736762046814,-0.11336906999349594,0.3262392282485962,0.5099353194236755,-0.14148174226284027,0.3257346749305725,0.5623546242713928,-0.1269267499446869,0.2954709827899933,0.575706422328949,-0.11081738024950027,forbice
0.2165054976940155,0.6895340085029602,1.0531008456382551e-06,0.29833564162254333,0.6319528818130493,-0.0075560095719993114,0.35452279448509216,0.5520873069763184,-0.02902568317949772,0.38706186413764954,0.48858118057250977,-0.05810346454381943,0.3771049976348877,0.46688205003738403,-0.08337386697530746,0.3156258761882782,0.41476795077323914,-0.020280621945858,0.38099268078804016,0.33340245485305786,-0.061757881194353104,0.42340755462646484,0.2820790112018585,-0.08891104906797409,0.45406079292297363,0.23558585345745087,-0.10745787620544434,0.2709328532218933,0.41296911239624023,-0.047024037688970566,0.3399561047554016,0.30703961849212646,-0.10192706435918808,0.39279985427856445,0.25104567408561707,-0.12992213666439056,0.4321928918361664,0.19850045442581177,-0.14364482462406158,0.23636537790298462,0.4396522343158722,-0.07492604106664658,0.3424457311630249,0.44160500168800354,-0.12527169287204742,0.3401533365249634,0.5214594602584839,-0.11458149552345276,0.315997451543808,0.5550298690795898,-0.09588652849197388,0.221510648727417,0.48656877875328064,-0.10588309168815613,0.3187621235847473,0.5145054459571838,-0.136930450797081,0.31657326221466064,0.5682158470153809,-0.12556296586990356,0.2871733605861664,0.5804442167282104,-0.11090380698442459,forbice
0.2099686712026596,0.693612277507782,1.0457431471877499e-06,0.2923184633255005,0.6396679878234863,-0.009118398651480675,0.35229218006134033,0.5578223466873169,-0.029930507764220238,0.3844672739505768,0.49369657039642334,-0.058069173246622086,0.37167468667030334,0.47591927647590637,-0.08214101195335388,0.3206833004951477,0.41985610127449036,-0.02014743536710739,0.38516348600387573,0.3415886163711548,-0.061382777988910675,0.4273403584957123,0.2934322953224182,-0.08905918896198273,0.4588966369628906,0.2491452395915985,-0.10872159153223038,0.2739375829696655,0.4154600501060486,-0.04624499753117561,0.3406240940093994,0.31134191155433655,-0.10241124778985977,0.39534103870391846,0.2566983103752136,-0.13244123756885529,0.4369266629219055,0.2058963179588318,-0.1480284184217453,0.23426872491836548,0.4410662055015564,-0.07360382378101349,0.33684641122817993,0.4409608244895935,-0.12523828446865082,0.3344036340713501,0.5241811871528625,-0.11460742354393005,0.3104664385318756,0.5583999752998352,-0.09580705314874649,0.21494588255882263,0.48873740434646606,-0.10416439175605774,0.310989111661911,0.518060564994812,-0.13651999831199646,0.30997923016548157,0.5727223753929138,-0.12590481340885162,0.2811773121356964,0.5839876532554626,-0.11175817251205444,forbice
0.21050573885440826,0.7000208497047424,1.0236428806820186e-06,0.2893947660923004,0.6468727588653564,-0.012299555353820324,0.35182321071624756,0.5659403800964355,-0.03369252383708954,0.3855557441711426,0.5000788569450378,-0.06166873499751091,0.37041008472442627,0.47980618476867676,-0.0855550691485405,0.325341135263443,0.42363595962524414,-0.02026222087442875,0.389613538980484,0.34860676527023315,-0.06175204738974571,0.4320369362831116,0.3029705286026001,-0.08971914649009705,0.4644758701324463,0.2601410746574402,-0.10915198177099228,0.27751868963241577,0.4152098000049591,-0.044532205909490585,0.3433373272418976,0.31307172775268555,-0.09846873581409454,0.39700525999069214,0.2614285349845886,-0.12662449479103088,0.4375041723251343,0.21157565712928772,-0.14076371490955353,0.23482483625411987,0.4377373456954956,-0.0707874596118927,0.3327183723449707,0.44019022583961487,-0.12294566631317139,0.3297687768936157,0.527197539806366,-0.1135907918214798,0.30585864186286926,0.5636039972305298,-0.0949668362736702,0.2103477120399475,0.48451560735702515,-0.10038229823112488,0.3027377724647522,0.5197728276252747,-0.1341089904308319,0.3022210896015167,0.5758288502693176,-0.1250254362821579,0.2742050588130951,0.5878570675849915,-0.11133261770009995,forbice
0.21061867475509644,0.7045577764511108,1.0001443797591492e-06,0.2892908453941345,0.648553729057312,-0.013222074136137962,0.35539156198501587,0.5613176822662354,-0.03201713413000107,0.3869333863258362,0.4930497407913208,-0.056548766791820526,0.35910212993621826,0.48835763335227966,-0.07768018543720245,0.326700896024704,0.42726361751556396,-0.01872480846941471,0.39211833477020264,0.3523707985877991,-0.05821359157562256,0.43514561653137207,0.307090163230896,-0.08477980643510818,0.4668690264225006,0.2626926600933075,-0.10293877869844437,0.28004610538482666,0.41564399003982544,-0.04151998460292816,0.34734323620796204,0.31668365001678467,-0.09175703674554825,0.39940115809440613,0.26467621326446533,-0.1178603321313858,0.43575847148895264,0.21387648582458496,-0.1302614063024521,0.23551976680755615,0.4357445240020752,-0.06667628139257431,0.32776564359664917,0.4510447382926941,-0.11701303720474243,0.3232653737068176,0.5348973870277405,-0.11044605076313019,0.29887717962265015,0.56708824634552,-0.09311080724000931,0.20681899785995483,0.4812699258327484,-0.09501194208860397,0.2950884997844696,0.5181172490119934,-0.12562255561351776,0.2930869162082672,0.575463593006134,-0.11601583659648895,0.26392170786857605,0.588883638381958,-0.10216419398784637,forbice
0.20497280359268188,0.7060962319374084,1.0227081475022715e-06,0.2863110303878784,0.6482066512107849,-0.012677924707531929,0.3535172939300537,0.554466724395752,-0.029856320470571518,0.3805274963378906,0.4858876168727875,-0.052925560623407364,0.34616631269454956,0.48995357751846313,-0.07242023944854736,0.32135453820228577,0.42764079570770264,-0.017636170610785484,0.3889201879501343,0.3529529273509979,-0.057695671916007996,0.4332228899002075,0.309407502412796,-0.08505319803953171,0.46596115827560425,0.26622748374938965,-0.10437417775392532,0.27337709069252014,0.41403383016586304,-0.04125944897532463,0.3387065529823303,0.3161974847316742,-0.09362727403640747,0.39111316204071045,0.26333725452423096,-0.12203644216060638,0.42728662490844727,0.2128167450428009,-0.1360996514558792,0.22636355459690094,0.4344746768474579,-0.06711124628782272,0.3158491253852844,0.4535977244377136,-0.11806678771972656,0.31359294056892395,0.5403821468353271,-0.11091499030590057,0.290663480758667,0.5731366276741028,-0.09317255020141602,0.19508974254131317,0.4812747538089752,-0.09632011502981186,0.28218328952789307,0.5225285291671753,-0.12680931389331818,0.2813001871109009,0.5810031294822693,-0.11671864986419678,0.252357542514801,0.5927644968032837,-0.10271785408258438,forbice
0.20772035419940948,0.7085336446762085,1.0027603138951235e-06,0.2914341688156128,0.6507281064987183,-0.014188607223331928,0.3600376844406128,0.5487330555915833,-0.027810195460915565,0.3763638734817505,0.4766351580619812,-0.046462856233119965,0.33645790815353394,0.4897382855415344,-0.0621187686920166,0.32521852850914,0.43130362033843994,-0.015366260893642902,0.39502379298210144,0.35676077008247375,-0.05101907625794411,0.4388774335384369,0.31251734495162964,-0.07457563281059265,0.4719129502773285,0.2692198157310486,-0.09079112112522125,0.2748907506465912,0.41581490635871887,-0.03568227216601372,0.33657926321029663,0.32155275344848633,-0.08327438682317734,0.38580408692359924,0.2648845911026001,-0.1086675301194191,0.41876620054244995,0.21186715364456177,-0.120096355676651,0.2261509895324707,0.4327249228954315,-0.05845171958208084,0.3092244267463684,0.4539726972579956,-0.10862397402524948,0.3107990026473999,0.5396523475646973,-0.10510934144258499,0.2914460003376007,0.5759654641151428,-0.08863998204469681,0.19150479137897491,0.4759378135204315,-0.08415724337100983,0.2764674425125122,0.5155400037765503,-0.11393009126186371,0.2768648862838745,0.5762574672698975,-0.10543354600667953,0.24955075979232788,0.5935563445091248,-0.09201027452945709,forbice
0.2056555151939392,0.7094144225120544,9.753044878380024e-07,0.2878589630126953,0.6555631160736084,-0.01643456146121025,0.3593902885913849,0.5510929822921753,-0.028972946107387543,0.3742637038230896,0.474867582321167,-0.04584744572639465,0.3313884139060974,0.4824407994747162,-0.059887222945690155,0.3249334692955017,0.43536099791526794,-0.01406766101717949,0.39397644996643066,0.3585969805717468,-0.04939262196421623,0.43825745582580566,0.3158976137638092,-0.07215233147144318,0.47220152616500854,0.2729625701904297,-0.08696253597736359,0.2754276394844055,0.4165566861629486,-0.032701581716537476,0.33767205476760864,0.31842052936553955,-0.07836832106113434,0.38611429929733276,0.2624753713607788,-0.10177673399448395,0.4182007610797882,0.20694822072982788,-0.11126016080379486,0.2267654985189438,0.43003329634666443,-0.054396599531173706,0.30779629945755005,0.44926774501800537,-0.10656139999628067,0.30728375911712646,0.538647472858429,-0.10415142774581909,0.28727102279663086,0.5766828060150146,-0.08729951828718185,0.18999312818050385,0.47009533643722534,-0.07883383333683014,0.27451199293136597,0.5079121589660645,-0.11011920869350433,0.2725765109062195,0.5734655261039734,-0.10117914527654648,0.24475960433483124,0.5934421420097351,-0.08689476549625397,forbice
0.20617356896400452,0.7126021385192871,9.63526076702692e-07,0.2867079973220825,0.6634640693664551,-0.019761376082897186,0.3610217273235321,0.5619320869445801,-0.03274642676115036,0.37405312061309814,0.48092424869537354,-0.049321603029966354,0.3286033868789673,0.47982269525527954,-0.06339205801486969,0.3280981183052063,0.4413783848285675,-0.01620323769748211,0.3972427248954773,0.36521291732788086,-0.0511418879032135,0.4410027265548706,0.3234524428844452,-0.07306087017059326,0.4752125144004822,0.28119078278541565,-0.08637072145938873,0.2781650722026825,0.42019492387771606,-0.03266758844256401,0.3404766023159027,0.320187509059906,-0.0766952782869339,0.387041300535202,0.26266348361968994,-0.09884370118379593,0.41787824034690857,0.20556282997131348,-0.10692816227674484,0.2280830442905426,0.4306904673576355,-0.05235864594578743,0.30423828959465027,0.4470495581626892,-0.10664453357458115,0.3042409420013428,0.5382694005966187,-0.10568495094776154,0.28642815351486206,0.5804234743118286,-0.08849871158599854,0.18780063092708588,0.467683881521225,-0.0745263323187828,0.26818355917930603,0.5002509951591492,-0.10729433596134186,0.267624169588089,0.5692947506904602,-0.09747528284788132,0.2435389757156372,0.5965107083320618,-0.08164487779140472,forbice
0.2034015953540802,0.7153090238571167,9.297879159930744e-07,0.28461191058158875,0.6688283681869507,-0.01999964751303196,0.3584800064563751,0.5670847296714783,-0.03282535821199417,0.3712195158004761,0.4828187823295593,-0.04902562499046326,0.323347806930542,0.4791160821914673,-0.06258249282836914,0.3281073570251465,0.4443333148956299,-0.017536668106913567,0.39515024423599243,0.3661423623561859,-0.052663736045360565,0.43815746903419495,0.3239009976387024,-0.07452372461557388,0.4714477062225342,0.28040647506713867,-0.08810895681381226,0.27783408761024475,0.42071422934532166,-0.03391311690211296,0.33813825249671936,0.31934675574302673,-0.07787632197141647,0.3835912048816681,0.2631261944770813,-0.09983022511005402,0.4133172631263733,0.2064935266971588,-0.10806484520435333,0.22671078145503998,0.4298112392425537,-0.05353235825896263,0.2988987863063812,0.4465678334236145,-0.1078660786151886,0.3003268241882324,0.5398428440093994,-0.1069469228386879,0.2838987708091736,0.5837439298629761,-0.08996737748384476,0.18513131141662598,0.46621569991111755,-0.07576998323202133,0.26115256547927856,0.503782331943512,-0.10970176756381989,0.2628256380558014,0.5723814964294434,-0.10155852138996124,0.24135765433311462,0.5988173484802246,-0.0869128480553627,forbice
0.20240652561187744,0.7139517664909363,9.313127407040156e-07,0.2828420400619507,0.6685283184051514,-0.02162853442132473,0.3558328151702881,0.5680156350135803,-0.03506932780146599,0.36795249581336975,0.48090866208076477,-0.0513453334569931,0.32054364681243896,0.4707573652267456,-0.06504659354686737,0.3258415162563324,0.4437561631202698,-0.01971442624926567,0.39300698041915894,0.36389485001564026,-0.055110685527324677,0.43562284111976624,0.320467472076416,-0.07682263851165771,0.46865114569664,0.27584749460220337,-0.08991037309169769,0.27507975697517395,0.4201146960258484,-0.03479456156492233,0.33471235632896423,0.3173959255218506,-0.0788058266043663,0.3791457414627075,0.2596585750579834,-0.10067379474639893,0.40803295373916626,0.20208027958869934,-0.10856001824140549,0.22364073991775513,0.4291875660419464,-0.0531032532453537,0.2947459816932678,0.44629552960395813,-0.10843199491500854,0.29710373282432556,0.5379735827445984,-0.10851772874593735,0.2815636396408081,0.5823510885238647,-0.09165891259908676,0.18107786774635315,0.465011864900589,-0.07391267269849777,0.25604888796806335,0.5005491971969604,-0.10902824997901917,0.2596583366394043,0.5690116286277771,-0.10126755386590958,0.2399604469537735,0.5977118611335754,-0.08631283044815063,forbice
0.20122915506362915,0.7110275030136108,9.311045801041473e-07,0.28030210733413696,0.6648120880126953,-0.02275170013308525,0.35166144371032715,0.5652244091033936,-0.036345310509204865,0.3624699115753174,0.4769538640975952,-0.05259643867611885,0.31540054082870483,0.46027281880378723,-0.06621120870113373,0.3201920688152313,0.4391351044178009,-0.01887902244925499,0.387107789516449,0.35649991035461426,-0.05393100529909134,0.42903658747673035,0.3114142417907715,-0.07540356367826462,0.46143895387649536,0.2652685046195984,-0.08803978562355042,0.2695315480232239,0.41613128781318665,-0.03276113048195839,0.32786011695861816,0.31340575218200684,-0.07636013627052307,0.3713720440864563,0.2528795003890991,-0.09847534447908401,0.39951395988464355,0.19307133555412292,-0.10639103502035141,0.21822836995124817,0.42473655939102173,-0.05005896836519241,0.2870115637779236,0.44082462787628174,-0.10570549219846725,0.2919076085090637,0.5308929681777954,-0.10721855610609055,0.2784724533557892,0.5752692818641663,-0.09108775854110718,0.17517971992492676,0.4597846567630768,-0.06983580440282822,0.24867720901966095,0.494556725025177,-0.10596784949302673,0.25265854597091675,0.5623810887336731,-0.09958669543266296,0.23315156996250153,0.5920437574386597,-0.08524849265813828,forbice
0.20090648531913757,0.7109494805335999,9.485355576543952e-07,0.27984705567359924,0.6629440188407898,-0.0230424627661705,0.34986549615859985,0.5602585077285767,-0.036299534142017365,0.35694652795791626,0.4728926122188568,-0.05225524306297302,0.3084171414375305,0.45856839418411255,-0.06545235216617584,0.31692269444465637,0.43645063042640686,-0.01775181107223034,0.38405510783195496,0.35260939598083496,-0.05223036929965019,0.42595577239990234,0.30637088418006897,-0.07369548082351685,0.4580658972263336,0.2592005431652069,-0.08663314580917358,0.26561394333839417,0.4143388569355011,-0.03160019963979721,0.3229150176048279,0.31045693159103394,-0.07534077763557434,0.36581483483314514,0.2475336194038391,-0.0981932282447815,0.3929334282875061,0.18564558029174805,-0.1067669466137886,0.21418842673301697,0.4239596724510193,-0.04887882620096207,0.2819887101650238,0.4370677173137665,-0.10461542010307312,0.288160502910614,0.5277026295661926,-0.10593153536319733,0.27516505122184753,0.5725027918815613,-0.08974519371986389,0.1712341606616974,0.46014508605003357,-0.06872645020484924,0.24494242668151855,0.49202653765678406,-0.10530117154121399,0.2500278055667877,0.5605757236480713,-0.09880310297012329,0.2308463454246521,0.5910558700561523,-0.08439689874649048,forbice
0.1989111602306366,0.7104752063751221,9.551154107612092e-07,0.2769017517566681,0.6645064353942871,-0.02416270039975643,0.34693846106529236,0.5616571307182312,-0.03769286349415779,0.3527761995792389,0.4729517698287964,-0.053826332092285156,0.30386337637901306,0.45776477456092834,-0.06709639728069305,0.3152150809764862,0.43744325637817383,-0.018684905022382736,0.38119998574256897,0.3524770736694336,-0.053122296929359436,0.4220082759857178,0.30468711256980896,-0.07436312735080719,0.4535761773586273,0.2568442225456238,-0.08730806410312653,0.2635388970375061,0.4150795340538025,-0.03218816965818405,0.3200148940086365,0.3099958598613739,-0.07643373310565948,0.3619213104248047,0.244352325797081,-0.09939160197973251,0.3888942301273346,0.18104267120361328,-0.10816989839076996,0.21141959726810455,0.42473021149635315,-0.04913674667477608,0.27750927209854126,0.4316462278366089,-0.10526305437088013,0.28315553069114685,0.5247607231140137,-0.10531459003686905,0.27075594663619995,0.5735229253768921,-0.0881819874048233,0.16755376756191254,0.4608003497123718,-0.0688321590423584,0.2397879809141159,0.4906162619590759,-0.10616499930620193,0.24530702829360962,0.5598719120025635,-0.09950104355812073,0.22787706553936005,0.5920016169548035,-0.08482442051172256,forbice
0.19988590478897095,0.7102599740028381,9.56682015385013e-07,0.2775117754936218,0.6638264656066895,-0.023800279945135117,0.34685444831848145,0.5616008043289185,-0.037051010876894,0.3523595929145813,0.47321224212646484,-0.05299569293856621,0.30269840359687805,0.4599405825138092,-0.0662328228354454,0.31511834263801575,0.4358167350292206,-0.017780767753720284,0.3808102011680603,0.35063573718070984,-0.05175188183784485,0.4213184714317322,0.30293911695480347,-0.07261868566274643,0.452021062374115,0.2549445331096649,-0.0851515606045723,0.26369038224220276,0.412950336933136,-0.03140014410018921,0.3207908272743225,0.3071337938308716,-0.0745532438158989,0.36204764246940613,0.24125824868679047,-0.09701813757419586,0.38773640990257263,0.17730113863945007,-0.10534853488206863,0.21160657703876495,0.42239558696746826,-0.048517998307943344,0.27652791142463684,0.4308173656463623,-0.10426230728626251,0.2832316756248474,0.5234832763671875,-0.10534213483333588,0.2717742323875427,0.5720025300979614,-0.08875905722379684,0.16698844730854034,0.45812341570854187,-0.06826268136501312,0.23756712675094604,0.48829689621925354,-0.10508953779935837,0.24463599920272827,0.5572890043258667,-0.09863889217376709,0.22901375591754913,0.5899722576141357,-0.08409235626459122,forbice
0.20146262645721436,0.7090138792991638,9.502070383859973e-07,0.2780084013938904,0.6608908772468567,-0.02588195912539959,0.34399181604385376,0.5571324825286865,-0.03986135497689247,0.3453909456729889,0.4683869481086731,-0.05614542216062546,0.29738447070121765,0.4535718560218811,-0.06958973407745361,0.3128713369369507,0.43263059854507446,-0.020258838310837746,0.37351760268211365,0.3423096239566803,-0.05470529571175575,0.4112372100353241,0.289508581161499,-0.07550419867038727,0.43997061252593994,0.23757605254650116,-0.08805488049983978,0.26066288352012634,0.41087692975997925,-0.03284596651792526,0.31316670775413513,0.2996159791946411,-0.07613085210323334,0.35128527879714966,0.22964389622211456,-0.09808441996574402,0.37534114718437195,0.16300442814826965,-0.10612725466489792,0.20795190334320068,0.42172572016716003,-0.049117427319288254,0.27079257369041443,0.42276379466056824,-0.10550220310688019,0.28006452322006226,0.5159952044487,-0.10620392113924026,0.2709295153617859,0.5680314302444458,-0.08899988234043121,0.16240587830543518,0.45816412568092346,-0.0681852325797081,0.23006293177604675,0.48520123958587646,-0.10601647943258286,0.24023814499378204,0.552851140499115,-0.10020117461681366,0.22766469419002533,0.5866340398788452,-0.08576475828886032,forbice
0.20231571793556213,0.7067160606384277,9.77665877144318e-07,0.2791343331336975,0.6563845872879028,-0.025199664756655693,0.3430700898170471,0.5558148622512817,-0.03963014483451843,0.3403118848800659,0.47051259875297546,-0.05678499490022659,0.2897292375564575,0.4508233070373535,-0.07112317532300949,0.31095901131629944,0.42848238348960876,-0.0176740400493145,0.36962008476257324,0.3346949517726898,-0.051946233958005905,0.40642181038856506,0.2812798023223877,-0.07236701995134354,0.43455231189727783,0.2288925051689148,-0.08400354534387589,0.25858378410339355,0.4070309102535248,-0.03048567846417427,0.30822083353996277,0.2911829352378845,-0.07368811964988708,0.34336286783218384,0.2173902541399002,-0.09649664163589478,0.3651386499404907,0.1475519835948944,-0.10467233508825302,0.2047671526670456,0.418925940990448,-0.04698847234249115,0.263660192489624,0.4202224910259247,-0.10475680977106094,0.2747054696083069,0.5124124884605408,-0.1077229455113411,0.2673359215259552,0.5645395517349243,-0.09104056656360626,0.1560487598180771,0.4559411108493805,-0.06584682315587997,0.21769125759601593,0.4778611361980438,-0.10414087027311325,0.23403550684452057,0.5442100763320923,-0.09817582368850708,0.22696653008460999,0.5797942280769348,-0.08302417397499084,forbice
0.20613080263137817,0.7059551477432251,1.0309097433491843e-06,0.28135964274406433,0.6523325443267822,-0.027591148391366005,0.3401715159416199,0.5501350164413452,-0.04190535098314285,0.32928940653800964,0.466510146856308,-0.05839128419756889,0.2781876027584076,0.4478297233581543,-0.07213202863931656,0.306899756193161,0.42611733078956604,-0.018187133595347404,0.36308354139328003,0.3309428095817566,-0.0526600144803524,0.3981042504310608,0.27380603551864624,-0.07298453897237778,0.4244816303253174,0.2198563814163208,-0.08400729298591614,0.2533279359340668,0.40769216418266296,-0.029750054702162743,0.2977980375289917,0.28604570031166077,-0.07264470309019089,0.3303361237049103,0.20792733132839203,-0.09510044753551483,0.3506739139556885,0.1363803744316101,-0.10253430902957916,0.19865097105503082,0.4220574200153351,-0.04539305716753006,0.2500580847263336,0.4177875518798828,-0.10479256510734558,0.26493048667907715,0.5087976455688477,-0.10942260175943375,0.26175448298454285,0.5647599697113037,-0.0926087275147438,0.14729277789592743,0.45987117290496826,-0.0632343515753746,0.20325274765491486,0.4750504791736603,-0.10203636437654495,0.2228890359401703,0.5397753119468689,-0.0959216058254242,0.2193266600370407,0.5780590176582336,-0.08007298409938812,forbice
0.2145782858133316,0.7064949870109558,1.0137940762433573e-06,0.28452423214912415,0.6380408406257629,-0.027438389137387276,0.33294740319252014,0.5319457650184631,-0.04351701959967613,0.31435495615005493,0.45063164830207825,-0.06194920465350151,0.26293280720710754,0.42713725566864014,-0.07808370143175125,0.2889077067375183,0.40232694149017334,-0.018613923341035843,0.3367595970630646,0.3024842441082001,-0.05345948040485382,0.3654022514820099,0.24204213917255402,-0.0749489963054657,0.38593971729278564,0.18388903141021729,-0.086713507771492,0.23324953019618988,0.3926636278629303,-0.03048783913254738,0.2667306363582611,0.26551181077957153,-0.0741216316819191,0.28923022747039795,0.18406563997268677,-0.0975433737039566,0.3005657196044922,0.11156368255615234,-0.10545326769351959,0.17976973950862885,0.41837960481643677,-0.04625758156180382,0.23059090971946716,0.40373682975769043,-0.10765773057937622,0.2549070715904236,0.49313053488731384,-0.11300474405288696,0.25748926401138306,0.551291823387146,-0.09606888145208359,0.13119760155677795,0.4695846438407898,-0.0637567937374115,0.18674439191818237,0.46665263175964355,-0.10528792440891266,0.21522191166877747,0.5310713648796082,-0.09867271780967712,0.2168840616941452,0.574892520904541,-0.08142665773630142,forbice
0.2167826145887375,0.706423282623291,9.851867162069539e-07,0.2850925922393799,0.6349573135375977,-0.030566930770874023,0.3295574188232422,0.5247399210929871,-0.046889349818229675,0.30354028940200806,0.44371530413627625,-0.06506660580635071,0.24966463446617126,0.4191150367259979,-0.08076703548431396,0.2851073741912842,0.39804911613464355,-0.02057674154639244,0.3264106512069702,0.29171085357666016,-0.05590279400348663,0.35094597935676575,0.2285214513540268,-0.07680059969425201,0.3687438368797302,0.16957387328147888,-0.08743564039468765,0.22809088230133057,0.3933553099632263,-0.030652904883027077,0.250640869140625,0.25704503059387207,-0.07416299730539322,0.26991185545921326,0.17359659075737,-0.09645549952983856,0.2803756594657898,0.10353055596351624,-0.10302136838436127,0.1747979074716568,0.4224218428134918,-0.04509986564517021,0.21542811393737793,0.3973432183265686,-0.10804401338100433,0.24578432738780975,0.48593172430992126,-0.11470680683851242,0.25436678528785706,0.548097550868988,-0.09766139835119247,0.1268828958272934,0.4753190875053406,-0.06123863905668259,0.17594552040100098,0.46517860889434814,-0.10348959267139435,0.20773345232009888,0.527996301651001,-0.09764355421066284,0.2135271579027176,0.5739294290542603,-0.08053639531135559,forbice
0.21845418214797974,0.7115229368209839,9.4523755933551e-07,0.2857593894004822,0.6381650567054749,-0.030687600374221802,0.32703298330307007,0.5230544805526733,-0.04521218314766884,0.2970086336135864,0.4413001537322998,-0.06118134409189224,0.2421429604291916,0.4136735498905182,-0.0746983215212822,0.28146544098854065,0.40240582823753357,-0.018311630934476852,0.31768107414245605,0.28970175981521606,-0.05089518800377846,0.3378719687461853,0.2238505631685257,-0.06931725889444351,0.3518339693546295,0.163127601146698,-0.07831050455570221,0.22412258386611938,0.3995915651321411,-0.027225520461797714,0.24038763344287872,0.25910666584968567,-0.0682523101568222,0.2555924654006958,0.17518752813339233,-0.08841824531555176,0.26313069462776184,0.10479038953781128,-0.0933963805437088,0.17102572321891785,0.42921602725982666,-0.040586039423942566,0.20819492638111115,0.3935807943344116,-0.10304675251245499,0.24005146324634552,0.4836891293525696,-0.10875207930803299,0.24996697902679443,0.5474636554718018,-0.09091965109109879,0.12342420965433121,0.4822453558444977,-0.05548582598567009,0.17118054628372192,0.46438536047935486,-0.09901021420955658,0.20346970856189728,0.5296434164047241,-0.09295645356178284,0.2095007598400116,0.577526867389679,-0.0753101333975792,forbice
0.218936026096344,0.7127169966697693,9.241799148185237e-07,0.28687962889671326,0.6393284201622009,-0.030716048553586006,0.3268941640853882,0.5236534476280212,-0.045039962977170944,0.2946626543998718,0.4416150748729706,-0.06081702560186386,0.23902477324008942,0.41024523973464966,-0.07471068203449249,0.27976441383361816,0.40397387742996216,-0.018511569127440453,0.3133865296840668,0.2889111340045929,-0.04958448186516762,0.3319547176361084,0.22228926420211792,-0.06736459583044052,0.3449847996234894,0.16093239188194275,-0.07616535574197769,0.22367826104164124,0.40377408266067505,-0.02687271498143673,0.23844997584819794,0.2616506516933441,-0.0645676776766777,0.2522839605808258,0.17663827538490295,-0.08331462740898132,0.2591225504875183,0.10669073462486267,-0.08828558027744293,0.17146001756191254,0.4355439245700836,-0.03969937562942505,0.20456799864768982,0.3870845437049866,-0.10013673454523087,0.2373572140932083,0.47370216250419617,-0.10617023706436157,0.24844732880592346,0.5385642051696777,-0.08950217813253403,0.12515662610530853,0.49067044258117676,-0.05389599874615669,0.16812069714069366,0.4633844494819641,-0.09768096357584,0.20145981013774872,0.5260927081108093,-0.09226421266794205,0.20918568968772888,0.5772378444671631,-0.07523892819881439,forbice
0.21966835856437683,0.7216419577598572,8.727162708055403e-07,0.2877884805202484,0.6408048868179321,-0.029198218137025833,0.3237503468990326,0.5195692181587219,-0.04191496595740318,0.28952449560165405,0.43596211075782776,-0.05624135211110115,0.23094986379146576,0.40635237097740173,-0.06904777139425278,0.274932324886322,0.41684672236442566,-0.01528511568903923,0.30452120304107666,0.29844772815704346,-0.043837517499923706,0.3198133111000061,0.230323925614357,-0.060416329652071,0.3310132920742035,0.16859692335128784,-0.06901084631681442,0.22051915526390076,0.41756671667099,-0.02360055223107338,0.23358099162578583,0.27331477403640747,-0.05834498256444931,0.24468167126178741,0.18832075595855713,-0.0754307359457016,0.24952639639377594,0.1194293200969696,-0.08031720668077469,0.1698545515537262,0.44899457693099976,-0.036257341504096985,0.19504708051681519,0.37618720531463623,-0.09498623013496399,0.22828681766986847,0.4647692143917084,-0.09802098572254181,0.24108541011810303,0.5340366363525391,-0.08017941564321518,0.1250419020652771,0.5045744180679321,-0.05009644478559494,0.15974152088165283,0.45520955324172974,-0.09457879513502121,0.19426867365837097,0.5184568762779236,-0.08749080449342728,0.20451503992080688,0.5745699405670166,-0.06938587874174118,forbice
0.22102302312850952,0.7248407006263733,8.199721150958794e-07,0.2894759178161621,0.6478110551834106,-0.029593974351882935,0.3211064338684082,0.5198849439620972,-0.04076956957578659,0.287378191947937,0.4289233982563019,-0.053176820278167725,0.22679725289344788,0.4008777141571045,-0.06409639120101929,0.2728250324726105,0.42541226744651794,-0.01476709358394146,0.2975926399230957,0.30434650182724,-0.04147821664810181,0.3101240396499634,0.23613010346889496,-0.05667418614029884,0.3192054033279419,0.17419502139091492,-0.06502628326416016,0.2201019674539566,0.4255668520927429,-0.021520189940929413,0.22921739518642426,0.282395601272583,-0.055159639567136765,0.2384301722049713,0.197828471660614,-0.07106275111436844,0.24094754457473755,0.12900060415267944,-0.07573097199201584,0.17041008174419403,0.45503246784210205,-0.032624851912260056,0.18904007971286774,0.36746805906295776,-0.09094135463237762,0.22561272978782654,0.4549289047718048,-0.09362301230430603,0.24056342244148254,0.5257660150527954,-0.07614793628454208,0.12615752220153809,0.5078675150871277,-0.04491671919822693,0.1600942760705948,0.450434148311615,-0.09133541584014893,0.19503985345363617,0.5131873488426208,-0.08666076511144638,0.20493978261947632,0.5707505345344543,-0.07047978788614273,forbice
0.22535741329193115,0.7303786277770996,8.039078238653019e-07,0.2943713665008545,0.655247151851654,-0.03138077259063721,0.32741621136665344,0.5303117632865906,-0.04227249324321747,0.2966785430908203,0.43941807746887207,-0.054045140743255615,0.23875990509986877,0.40835094451904297,-0.06418216228485107,0.27754971385002136,0.4389186501502991,-0.01288710255175829,0.3028605580329895,0.3230530023574829,-0.03996819257736206,0.3169478178024292,0.25591492652893066,-0.05602846294641495,0.32640308141708374,0.1947821080684662,-0.0648767352104187,0.22655712068080902,0.43772321939468384,-0.018379222601652145,0.23823104798793793,0.2976447343826294,-0.05268310010433197,0.249252051115036,0.21685117483139038,-0.06934686750173569,0.25239256024360657,0.15196871757507324,-0.0742812231183052,0.17787057161331177,0.4641702175140381,-0.02872692234814167,0.20029908418655396,0.3793215751647949,-0.08627163618803024,0.23607458174228668,0.4632583558559418,-0.08904194831848145,0.24964657425880432,0.5304665565490723,-0.07180763781070709,0.13263672590255737,0.5123586058616638,-0.04058477282524109,0.16900748014450073,0.45159533619880676,-0.08452487736940384,0.20134618878364563,0.5131741166114807,-0.0787082090973854,0.20839127898216248,0.5695138573646545,-0.06236442178487778,forbice
0.22641222178936005,0.7340747117996216,7.536254429396649e-07,0.2972763180732727,0.6606453061103821,-0.0323948860168457,0.3313615322113037,0.5370873808860779,-0.04198083281517029,0.30372166633605957,0.44223475456237793,-0.0519455261528492,0.24877066910266876,0.4066775441169739,-0.060467131435871124,0.2813672721385956,0.45540574193000793,-0.01130562461912632,0.3058755397796631,0.3420419692993164,-0.03729839622974396,0.31918004155158997,0.2776981592178345,-0.05260486900806427,0.32747846841812134,0.21812331676483154,-0.061113324016332626,0.23293063044548035,0.4511086642742157,-0.014847745187580585,0.24482545256614685,0.31468284130096436,-0.0470518097281456,0.2582826316356659,0.2378525733947754,-0.06288154423236847,0.263936847448349,0.176438570022583,-0.06794273853302002,0.1855970323085785,0.4733404517173767,-0.02376449666917324,0.20934468507766724,0.3915897309780121,-0.07889332622289658,0.2454964518547058,0.46589145064353943,-0.08362545818090439,0.2599344849586487,0.5281585454940796,-0.0690494105219841,0.13969901204109192,0.5162181258201599,-0.034226786345243454,0.17705677449703217,0.4556579887866974,-0.07604044675827026,0.20654189586639404,0.5133684873580933,-0.07167297601699829,0.21203093230724335,0.5681758522987366,-0.057516489177942276,forbice
0.22584053874015808,0.7381309270858765,7.760271500956151e-07,0.2958155870437622,0.669198215007782,-0.03283966705203056,0.33161038160324097,0.5431719422340393,-0.042104318737983704,0.3050276041030884,0.44493523240089417,-0.05160458758473396,0.2485433667898178,0.4080601930618286,-0.059495747089385986,0.2837505638599396,0.4628521203994751,-0.01162802055478096,0.3089748024940491,0.3470104932785034,-0.03695766627788544,0.3232504725456238,0.28212976455688477,-0.05132949352264404,0.332867830991745,0.22175708413124084,-0.05914397910237312,0.23489022254943848,0.4574626088142395,-0.014859373681247234,0.24802514910697937,0.32063227891921997,-0.046604473143815994,0.2631955146789551,0.2423539012670517,-0.06190025433897972,0.2703864872455597,0.17778605222702026,-0.06659039109945297,0.1871832311153412,0.4783889949321747,-0.023479105904698372,0.21430984139442444,0.39891886711120605,-0.0788743793964386,0.24787242710590363,0.47630575299263,-0.08312790840864182,0.25907161831855774,0.5391169786453247,-0.06778775900602341,0.14099663496017456,0.5197601914405823,-0.03364238888025284,0.18110442161560059,0.4599085748195648,-0.07584572583436966,0.20921944081783295,0.519790768623352,-0.0712532177567482,0.21258828043937683,0.5757561326026917,-0.05665067210793495,forbice
0.2263895869255066,0.7490451335906982,9.422499829270237e-07,0.2928647994995117,0.6729614734649658,-0.030185751616954803,0.3345032334327698,0.5444556474685669,-0.044827982783317566,0.311524897813797,0.4547918736934662,-0.0610092356801033,0.25639641284942627,0.43547967076301575,-0.07412665337324142,0.2735617756843567,0.43280816078186035,-0.016738224774599075,0.3040813207626343,0.31854191422462463,-0.049890048801898956,0.3220804035663605,0.25152355432510376,-0.06975776702165604,0.33327221870422363,0.18875092267990112,-0.08106672763824463,0.21899673342704773,0.4336783289909363,-0.02699076011776924,0.23809002339839935,0.29363277554512024,-0.06932570040225983,0.25529152154922485,0.20894140005111694,-0.09034253656864166,0.2627474069595337,0.13508927822113037,-0.09669439494609833,0.17105816304683685,0.46547141671180725,-0.041789643466472626,0.2234472632408142,0.41875869035720825,-0.1025158241391182,0.2554283142089844,0.507785439491272,-0.10369826853275299,0.2618459463119507,0.5678803324699402,-0.08451858162879944,0.13223569095134735,0.5198543667793274,-0.05889894440770149,0.19742116332054138,0.4964914321899414,-0.10084468871355057,0.22749310731887817,0.5615909695625305,-0.09315367043018341,0.22780078649520874,0.6070855259895325,-0.07554413378238678,forbice
0.21933308243751526,0.7446494698524475,1.0768125093818526e-06,0.2803354263305664,0.6490933299064636,-0.02104790136218071,0.3133974075317383,0.5233185887336731,-0.04223101586103439,0.30383971333503723,0.4511258602142334,-0.06672333925962448,0.26082390546798706,0.47421130537986755,-0.08790971338748932,0.23451031744480133,0.4133416414260864,-0.03805918246507645,0.2690790593624115,0.29456669092178345,-0.08187934756278992,0.289240300655365,0.22254139184951782,-0.10974489152431488,0.3007082939147949,0.156110018491745,-0.12877072393894196,0.17448832094669342,0.42827317118644714,-0.05899547412991524,0.19627055525779724,0.2972676455974579,-0.11259977519512177,0.22383452951908112,0.21039801836013794,-0.13943275809288025,0.23816856741905212,0.13526350259780884,-0.15222354233264923,0.13274511694908142,0.47770410776138306,-0.08203598856925964,0.2255539447069168,0.4566091001033783,-0.13600565493106842,0.25589555501937866,0.5301233530044556,-0.13407409191131592,0.25052493810653687,0.5712690949440002,-0.11993275582790375,0.11661186814308167,0.5470742583274841,-0.10866865515708923,0.21661615371704102,0.5494757890701294,-0.1434444934129715,0.2421645224094391,0.5946803689002991,-0.1382771134376526,0.22910597920417786,0.6169270277023315,-0.12752263247966766,forbice
0.2023298293352127,0.7473605871200562,1.2196438774481067e-06,0.27087852358818054,0.648705005645752,-0.02518693171441555,0.3054519295692444,0.5178893208503723,-0.04928130656480789,0.29686880111694336,0.44915109872817993,-0.07591795176267624,0.2584773600101471,0.47769907116889954,-0.09941484034061432,0.2178930640220642,0.423780232667923,-0.048232968896627426,0.26019272208213806,0.3070117235183716,-0.09706299006938934,0.284000039100647,0.2323436439037323,-0.1299663633108139,0.29886093735694885,0.16285580396652222,-0.15364357829093933,0.15781673789024353,0.44700556993484497,-0.06866803020238876,0.1859879046678543,0.3309290111064911,-0.13085345923900604,0.2246539443731308,0.24169422686100006,-0.1631675362586975,0.24992604553699493,0.16439643502235413,-0.18010607361793518,0.12092325836420059,0.4996545910835266,-0.09108953177928925,0.21952013671398163,0.4819403290748596,-0.14896553754806519,0.25049182772636414,0.5474177598953247,-0.14713332056999207,0.24498975276947021,0.584025502204895,-0.13437466323375702,0.11173602938652039,0.5673026442527771,-0.11782408505678177,0.22375157475471497,0.5693976879119873,-0.15544778108596802,0.2482864111661911,0.6133542060852051,-0.15184366703033447,0.23355042934417725,0.6334356069564819,-0.14321772754192352,forbice
0.19734132289886475,0.7533906102180481,1.2016466826025862e-06,0.26281994581222534,0.6525646448135376,-0.017297115176916122,0.2982774078845978,0.5291858315467834,-0.040937572717666626,0.3043209910392761,0.46351128816604614,-0.06877907365560532,0.2760990262031555,0.48805102705955505,-0.09341540187597275,0.21040968596935272,0.42502525448799133,-0.04476984590291977,0.2577084004878998,0.31866899132728577,-0.09299324452877045,0.2855527102947235,0.2451670616865158,-0.1280234307050705,0.3046225309371948,0.1780608892440796,-0.1546621173620224,0.15673327445983887,0.4523727595806122,-0.06996908038854599,0.19350673258304596,0.3442317247390747,-0.1311771273612976,0.23766906559467316,0.260262668132782,-0.16516195237636566,0.2689099609851837,0.18537268042564392,-0.18580710887908936,0.1273360252380371,0.5108054876327515,-0.09607608616352081,0.23239518702030182,0.4860818386077881,-0.14810636639595032,0.2558797001838684,0.5473447442054749,-0.14392592012882233,0.24234327673912048,0.5790506601333618,-0.13368038833141327,0.12653261423110962,0.5833459496498108,-0.12646684050559998,0.24116472899913788,0.580126941204071,-0.1611299067735672,0.259928822517395,0.6189691424369812,-0.15721815824508667,0.24025604128837585,0.6331936120986938,-0.15065670013427734,forbice
0.16942906379699707,0.7482179403305054,1.613577865100524e-06,0.23754610121250153,0.6059476733207703,-0.014104516245424747,0.2771832048892975,0.4913812279701233,-0.05421813949942589,0.30865323543548584,0.45363858342170715,-0.10149776935577393,0.31002169847488403,0.5037528872489929,-0.14598269760608673,0.16342860460281372,0.4184698760509491,-0.06174198538064957,0.2269650101661682,0.33484071493148804,-0.12642240524291992,0.2766666114330292,0.2676403522491455,-0.1767636090517044,0.31917667388916016,0.2067803144454956,-0.21515949070453644,0.13627876341342926,0.47416001558303833,-0.09500592201948166,0.2120937705039978,0.37522900104522705,-0.18372581899166107,0.27191469073295593,0.30027303099632263,-0.23774006962776184,0.32258057594299316,0.2288450300693512,-0.27299198508262634,0.13798516988754272,0.5493371486663818,-0.12584063410758972,0.27880042791366577,0.508361279964447,-0.18454430997371674,0.28508394956588745,0.5652852654457092,-0.17002326250076294,0.25473377108573914,0.5940486192703247,-0.15488144755363464,0.1626109778881073,0.6208149194717407,-0.16170352697372437,0.2877492606639862,0.5954832434654236,-0.19102326035499573,0.29130640625953674,0.6304754018783569,-0.1736581176519394,0.2550961673259735,0.644405722618103,-0.1595844328403473,forbice
0.15939995646476746,0.7561323642730713,1.6154652939803782e-06,0.2104610800743103,0.607825517654419,-0.02033587358891964,0.25679445266723633,0.48821473121643066,-0.0629156082868576,0.3058190941810608,0.4584047198295593,-0.11082099378108978,0.31436800956726074,0.5131287574768066,-0.1565338671207428,0.16240382194519043,0.42116326093673706,-0.07447398453950882,0.23880794644355774,0.33600208163261414,-0.13596895337104797,0.2942301332950592,0.2764800786972046,-0.18618275225162506,0.3406429886817932,0.22033554315567017,-0.2249773144721985,0.14040642976760864,0.4889224171638489,-0.10314549505710602,0.22878821194171906,0.3895682990550995,-0.18398438394069672,0.2960834205150604,0.31875842809677124,-0.23444554209709167,0.3558180630207062,0.256131649017334,-0.26974621415138245,0.14954355359077454,0.572708785533905,-0.12928110361099243,0.2959998548030853,0.5132192969322205,-0.17961996793746948,0.2941998243331909,0.5593600273132324,-0.1660151332616806,0.2583581805229187,0.5894553661346436,-0.15400737524032593,0.1784604787826538,0.646392285823822,-0.16104312241077423,0.30610907077789307,0.5997452735900879,-0.18554538488388062,0.3019176721572876,0.6232280135154724,-0.16891054809093475,0.261425256729126,0.6360523700714111,-0.15686683356761932,forbice
0.15107816457748413,0.7454872131347656,1.551155492052203e-06,0.18963101506233215,0.6069034337997437,-0.020745405927300453,0.23961390554904938,0.49854978919029236,-0.06624121963977814,0.3002960681915283,0.4674123227596283,-0.11604868620634079,0.3214205801486969,0.5083330869674683,-0.1645473837852478,0.16243213415145874,0.4266786277294159,-0.0889919176697731,0.24485763907432556,0.34050631523132324,-0.15071913599967957,0.30357271432876587,0.28596383333206177,-0.19923174381256104,0.3517860174179077,0.2339583933353424,-0.23569801449775696,0.14507392048835754,0.4945995807647705,-0.11593097448348999,0.24822387099266052,0.40210437774658203,-0.19367432594299316,0.31746143102645874,0.3366238474845886,-0.2388419806957245,0.3746253550052643,0.28084596991539,-0.2709823250770569,0.1573798805475235,0.5773794651031494,-0.13964493572711945,0.3035925626754761,0.5192309617996216,-0.1883896291255951,0.29925698041915894,0.5608230233192444,-0.17418590188026428,0.2611987590789795,0.5919414758682251,-0.16217203438282013,0.18650773167610168,0.6487436294555664,-0.16846652328968048,0.3117183744907379,0.5984960198402405,-0.19348494708538055,0.30870741605758667,0.6176968216896057,-0.17707516252994537,0.27064844965934753,0.6320491433143616,-0.16484390199184418,forbice
0.1419025957584381,0.7406236529350281,1.4078329968469916e-06,0.17137661576271057,0.6184387803077698,-0.01420651562511921,0.22044925391674042,0.5223425626754761,-0.05631406232714653,0.29059359431266785,0.4933147728443146,-0.10226642340421677,0.32827699184417725,0.49351125955581665,-0.14799408614635468,0.1685851514339447,0.4257632791996002,-0.09047884494066238,0.25845739245414734,0.3372367024421692,-0.14802643656730652,0.3158874213695526,0.2828913927078247,-0.1902777999639511,0.36322763562202454,0.23268204927444458,-0.2203962653875351,0.15822574496269226,0.4972397983074188,-0.11722461879253387,0.26976466178894043,0.40920010209083557,-0.18548445403575897,0.3435763418674469,0.35195672512054443,-0.21868646144866943,0.4036124348640442,0.300723135471344,-0.24237647652626038,0.1723341941833496,0.5807406306266785,-0.14031696319580078,0.31225842237472534,0.5242811441421509,-0.1850602924823761,0.30144575238227844,0.5645673871040344,-0.16673658788204193,0.2642645835876465,0.5911970734596252,-0.15169468522071838,0.19875329732894897,0.6572513580322266,-0.16703654825687408,0.31483983993530273,0.6025175452232361,-0.18893909454345703,0.3075922131538391,0.6226212978363037,-0.16724808514118195,0.2737627625465393,0.6368712782859802,-0.1504349410533905,forbice
0.14045342803001404,0.735466480255127,1.3002858167965314e-06,0.15622085332870483,0.6230373382568359,-0.009209214709699154,0.20719318091869354,0.5256727933883667,-0.046212054789066315,0.2826741933822632,0.4956015944480896,-0.08512699604034424,0.3349442780017853,0.473520964384079,-0.12382545322179794,0.1742846518754959,0.44252458214759827,-0.096066415309906,0.2732469141483307,0.3435415029525757,-0.1469847559928894,0.33235323429107666,0.28562289476394653,-0.17915447056293488,0.3810434341430664,0.23876124620437622,-0.20027178525924683,0.17266333103179932,0.5175089836120605,-0.1195666491985321,0.29215294122695923,0.41633859276771545,-0.1772148311138153,0.3713604509830475,0.36289018392562866,-0.19656218588352203,0.4352007806301117,0.32332080602645874,-0.21025806665420532,0.19085237383842468,0.5986838936805725,-0.13859125971794128,0.32982540130615234,0.522379457950592,-0.17468656599521637,0.31940609216690063,0.5511608719825745,-0.15025749802589417,0.2871524393558502,0.5766940116882324,-0.13146960735321045,0.2199820727109909,0.6752598881721497,-0.15994717180728912,0.32885855436325073,0.5975041389465332,-0.17290224134922028,0.3213164806365967,0.6083455085754395,-0.14570297300815582,0.29380229115486145,0.6236293911933899,-0.12532289326190948,forbice
0.13618983328342438,0.7375769019126892,1.2872909564975998e-06,0.14453649520874023,0.6178320646286011,-0.00908007100224495,0.19848835468292236,0.5137660503387451,-0.043865468353033066,0.27761873602867126,0.48471757769584656,-0.07979360222816467,0.33574289083480835,0.47040894627571106,-0.11552923172712326,0.17210689187049866,0.44245579838752747,-0.0990743413567543,0.273889422416687,0.33830028772354126,-0.14699172973632812,0.3324112892150879,0.27834275364875793,-0.17578546702861786,0.3797535300254822,0.23061436414718628,-0.19420339167118073,0.17458422482013702,0.5221906900405884,-0.12017207592725754,0.29747551679611206,0.4171736538410187,-0.17352619767189026,0.3779844343662262,0.3637957274913788,-0.1895105540752411,0.44270485639572144,0.32548534870147705,-0.20084074139595032,0.19623707234859467,0.6047130227088928,-0.13611730933189392,0.3329416513442993,0.5144427418708801,-0.1678306758403778,0.31748175621032715,0.5330651998519897,-0.1430579423904419,0.282661110162735,0.5557931661605835,-0.12424115091562271,0.22748224437236786,0.6800272464752197,-0.15426868200302124,0.3341328501701355,0.5920807123184204,-0.16366805136203766,0.3211320638656616,0.5962174534797668,-0.1361330896615982,0.2906017005443573,0.6105644702911377,-0.11547322571277618,forbice
0.13593879342079163,0.7354528307914734,1.2797453337043407e-06,0.13718248903751373,0.6121625900268555,-0.010618805885314941,0.19208326935768127,0.503823459148407,-0.04431828856468201,0.27153170108795166,0.4663141965866089,-0.07740984112024307,0.3303079605102539,0.4491548240184784,-0.11002771556377411,0.1681133508682251,0.4437321722507477,-0.10482722520828247,0.2721143364906311,0.33055394887924194,-0.15115219354629517,0.3316974639892578,0.2665131092071533,-0.17755067348480225,0.38053351640701294,0.2184670865535736,-0.19375546276569366,0.17825481295585632,0.5254404544830322,-0.12221185863018036,0.3015577495098114,0.41290342807769775,-0.17272377014160156,0.38005495071411133,0.35355472564697266,-0.18663065135478973,0.4423280656337738,0.3121286630630493,-0.19666989147663116,0.20531247556209564,0.6053247451782227,-0.13384485244750977,0.3400954008102417,0.5062224268913269,-0.1634090542793274,0.31940969824790955,0.5158022046089172,-0.13948623836040497,0.28038933873176575,0.5345022082328796,-0.12130740284919739,0.23846100270748138,0.6742925643920898,-0.14739955961704254,0.33896052837371826,0.5827885866165161,-0.1557084172964096,0.3207894265651703,0.5846782326698303,-0.12912815809249878,0.2873493731021881,0.5984248518943787,-0.10893349349498749,forbice
0.13233938813209534,0.7406737804412842,1.272176291422511e-06,0.1274891495704651,0.614598274230957,-0.009287716820836067,0.1822204291820526,0.5048883557319641,-0.03999647498130798,0.2628643214702606,0.46469032764434814,-0.06994114071130753,0.3214801251888275,0.4457511305809021,-0.09937476366758347,0.15575501322746277,0.45306146144866943,-0.10010746121406555,0.2620925307273865,0.3263939619064331,-0.1416609287261963,0.32236847281455994,0.25933128595352173,-0.16298681497573853,0.37127503752708435,0.20822128653526306,-0.17530417442321777,0.1786852329969406,0.5344126224517822,-0.11585500836372375,0.3023934066295624,0.409138023853302,-0.15980510413646698,0.3790013790130615,0.34563708305358887,-0.17020653188228607,0.4384446442127228,0.30138713121414185,-0.17816214263439178,0.2126062512397766,0.6107062101364136,-0.12580455839633942,0.33627551794052124,0.4959072768688202,-0.15298809111118317,0.31093305349349976,0.505841851234436,-0.13039958477020264,0.26997700333595276,0.5286962985992432,-0.11239489912986755,0.24895735085010529,0.6731945276260376,-0.13710874319076538,0.33674636483192444,0.5691221952438354,-0.14492028951644897,0.3151671290397644,0.5717141628265381,-0.11947226524353027,0.281436949968338,0.5905514359474182,-0.09954512864351273,forbice
0.13752293586730957,0.7321372628211975,1.180321874016954e-06,0.12941044569015503,0.6086591482162476,-0.011235556565225124,0.18411201238632202,0.49959540367126465,-0.041079238057136536,0.2662222683429718,0.46389955282211304,-0.06977690011262894,0.32608747482299805,0.4544863998889923,-0.09828180819749832,0.15823379158973694,0.4571129083633423,-0.09932824969291687,0.25921618938446045,0.3241574764251709,-0.13711397349834442,0.31518006324768066,0.2524400055408478,-0.15419945120811462,0.35964345932006836,0.19645148515701294,-0.16375210881233215,0.18733103573322296,0.538690984249115,-0.11364886909723282,0.3035725951194763,0.40020355582237244,-0.15510417520999908,0.3732979893684387,0.3307860493659973,-0.16505193710327148,0.4262333810329437,0.28105443716049194,-0.17249372601509094,0.2250920683145523,0.6132474541664124,-0.12198905646800995,0.3421103060245514,0.4818573594093323,-0.15246158838272095,0.3115040063858032,0.4936100244522095,-0.13270387053489685,0.2695464789867401,0.5220273733139038,-0.11457671970129013,0.2630469799041748,0.6717087030410767,-0.13109555840492249,0.3388156592845917,0.5533623099327087,-0.14298774302005768,0.31218579411506653,0.5563561916351318,-0.12022913247346878,0.27931100130081177,0.5810820460319519,-0.1013360321521759,forbice
0.14178752899169922,0.7322341203689575,1.2138719966969802e-06,0.1283891350030899,0.6092312932014465,-0.016131633892655373,0.1811181753873825,0.4976484179496765,-0.049187012016773224,0.26287946105003357,0.4613262712955475,-0.08066348731517792,0.3227154612541199,0.45880311727523804,-0.1120373010635376,0.15365679562091827,0.4584507346153259,-0.10605036467313766,0.2540685534477234,0.32670557498931885,-0.14518271386623383,0.30910956859588623,0.25650978088378906,-0.16332903504371643,0.352699875831604,0.19904962182044983,-0.1742023378610611,0.18385425209999084,0.5390782952308655,-0.1199311837553978,0.29566580057144165,0.39232537150382996,-0.163717582821846,0.36186379194259644,0.3152680993080139,-0.176325723528862,0.4130220413208008,0.2583842873573303,-0.18574242293834686,0.22494401037693024,0.6139739155769348,-0.127831369638443,0.34156954288482666,0.4793158769607544,-0.16219240427017212,0.3091503083705902,0.4965410828590393,-0.14418365061283112,0.26588934659957886,0.5303971171379089,-0.1262969970703125,0.2670905888080597,0.6724487543106079,-0.13681374490261078,0.34017205238342285,0.5494775176048279,-0.15387433767318726,0.3132505416870117,0.5536539554595947,-0.1338675171136856,0.2799486517906189,0.5818290710449219,-0.1162576824426651,forbice
0.1482095718383789,0.7333529591560364,1.2145604841862223e-06,0.13485559821128845,0.610013484954834,-0.01856633462011814,0.18954330682754517,0.4971334636211395,-0.05259770154953003,0.2712034285068512,0.460517942905426,-0.08466414362192154,0.32801878452301025,0.45921576023101807,-0.1169794499874115,0.16068843007087708,0.4575389325618744,-0.10856068879365921,0.2605118155479431,0.32813316583633423,-0.1481054574251175,0.31576764583587646,0.2601202428340912,-0.1667228639125824,0.36026129126548767,0.20479315519332886,-0.17772884666919708,0.19151218235492706,0.5394269227981567,-0.12146510928869247,0.3025062680244446,0.392579585313797,-0.16541332006454468,0.36508241295814514,0.3132409155368805,-0.17874743044376373,0.4139319658279419,0.254433274269104,-0.18842372298240662,0.23352289199829102,0.6143662929534912,-0.12853144109249115,0.34931808710098267,0.4812970757484436,-0.16376209259033203,0.31484654545783997,0.4974197447299957,-0.1476031094789505,0.2709798514842987,0.5316264033317566,-0.13056418299674988,0.27700623869895935,0.6721091270446777,-0.13668139278888702,0.34821128845214844,0.5473873019218445,-0.15436384081840515,0.32066768407821655,0.5525106191635132,-0.13503801822662354,0.28828319907188416,0.5825737714767456,-0.11766806989908218,forbice
0.15277895331382751,0.7339070439338684,1.1019221801689127e-06,0.13851597905158997,0.6084497570991516,-0.017086593434214592,0.19027692079544067,0.4960801601409912,-0.04698299616575241,0.2690993547439575,0.4534182846546173,-0.07288745045661926,0.32734552025794983,0.4479033350944519,-0.09849755465984344,0.1712784320116043,0.47858500480651855,-0.10758636891841888,0.260491281747818,0.3348574638366699,-0.1436222642660141,0.3138663172721863,0.25974902510643005,-0.1583574265241623,0.35860490798950195,0.20418781042099,-0.16600362956523895,0.21349236369132996,0.5518889427185059,-0.11579658091068268,0.3196888267993927,0.3920753598213196,-0.15241044759750366,0.3773888349533081,0.3077237010002136,-0.16213996708393097,0.42328792810440063,0.25041043758392334,-0.16921453177928925,0.26045548915863037,0.6182302832603455,-0.11749440431594849,0.35977059602737427,0.4710574150085449,-0.14790473878383636,0.32071036100387573,0.47593265771865845,-0.1335766762495041,0.2787681221961975,0.5108632445335388,-0.11795338243246078,0.3020874261856079,0.6658831238746643,-0.11936318129301071,0.3499107360839844,0.5388769507408142,-0.1364583671092987,0.31540271639823914,0.5353018641471863,-0.12076950073242188,0.2852213382720947,0.5630624294281006,-0.10556571930646896,forbice
0.1630958467721939,0.7362257838249207,8.580886401432508e-07,0.14894238114356995,0.6197088360786438,-0.011380410753190517,0.2017214298248291,0.5186851024627686,-0.03290227800607681,0.2805023193359375,0.4865953326225281,-0.05017506703734398,0.33640679717063904,0.4896973967552185,-0.06731768697500229,0.1990324854850769,0.4925890862941742,-0.09295719116926193,0.2809172570705414,0.3420978784561157,-0.12277257442474365,0.3288710117340088,0.2600551247596741,-0.13275346159934998,0.3667057752609253,0.2020493745803833,-0.1361066848039627,0.24708744883537292,0.5543339252471924,-0.09823926538228989,0.346790611743927,0.40070411562919617,-0.1255348026752472,0.40173351764678955,0.3158901333808899,-0.13138508796691895,0.44347435235977173,0.25919613242149353,-0.13441061973571777,0.29421818256378174,0.614359974861145,-0.09694018959999084,0.37215253710746765,0.48545533418655396,-0.1187378466129303,0.33766669034957886,0.4885171353816986,-0.10488904267549515,0.3018639385700226,0.5184872150421143,-0.08952395617961884,0.3312608599662781,0.6595388054847717,-0.09522564709186554,0.35722777247428894,0.5513531565666199,-0.10463529825210571,0.3250642418861389,0.5458039045333862,-0.08746079355478287,0.3039073348045349,0.568361759185791,-0.07096877694129944,forbice
0.1651104837656021,0.7516694068908691,7.85970030392491e-07,0.15998969972133636,0.6262807250022888,-0.005449290852993727,0.21924376487731934,0.5268626809120178,-0.02240847796201706,0.29965031147003174,0.4996613562107086,-0.03536100685596466,0.3532043695449829,0.49973395466804504,-0.048186108469963074,0.22618789970874786,0.5060242414474487,-0.0890948548913002,0.3148616850376129,0.3634757399559021,-0.11851001530885696,0.36770716309547424,0.2863948941230774,-0.1298346370458603,0.407625675201416,0.22999390959739685,-0.13431599736213684,0.26697394251823425,0.575732409954071,-0.09443998336791992,0.37690261006355286,0.4349832534790039,-0.11959628015756607,0.43815112113952637,0.3598526120185852,-0.12270339578390121,0.48365312814712524,0.3080028295516968,-0.12427115440368652,0.30645114183425903,0.6391599774360657,-0.09295918792486191,0.3881756663322449,0.5123974680900574,-0.10980479419231415,0.35551923513412476,0.5075107216835022,-0.09291437268257141,0.31793665885925293,0.5312650203704834,-0.07663213461637497,0.33695104718208313,0.6869451403617859,-0.09091687202453613,0.37728431820869446,0.5778433084487915,-0.09559769183397293,0.3475029766559601,0.5682883858680725,-0.07560305297374725,0.32288748025894165,0.5905652046203613,-0.05768810585141182,forbice
0.1611238718032837,0.7562000155448914,8.633464290142001e-07,0.16223512589931488,0.6221255660057068,-0.008594987913966179,0.228412926197052,0.5248604416847229,-0.027373716235160828,0.30990421772003174,0.5027592182159424,-0.040714289993047714,0.3646189272403717,0.5017192959785461,-0.05344332754611969,0.2354687750339508,0.5132023692131042,-0.09372232109308243,0.33676281571388245,0.3846636414527893,-0.12285079061985016,0.39642947912216187,0.31652727723121643,-0.13430429995059967,0.4426608681678772,0.2671608328819275,-0.13887180387973785,0.2716199457645416,0.5899246335029602,-0.09665921330451965,0.39233362674713135,0.46701276302337646,-0.1187848150730133,0.45988738536834717,0.399882435798645,-0.12029967457056046,0.510381817817688,0.35359400510787964,-0.12215542793273926,0.30652478337287903,0.656865119934082,-0.0928470566868782,0.39932116866111755,0.5392611622810364,-0.10605955123901367,0.3650433421134949,0.528010368347168,-0.08824792504310608,0.32417577505111694,0.5464025735855103,-0.07299908995628357,0.3340827524662018,0.7056158781051636,-0.08881515264511108,0.3824710249900818,0.6018635034561157,-0.09189323335886002,0.3517753481864929,0.5881239175796509,-0.0721762552857399,0.3249088227748871,0.6065320372581482,-0.05530316010117531,forbice
0.16089555621147156,0.7561175227165222,8.314501656059292e-07,0.165492445230484,0.624219536781311,-0.008908731862902641,0.2314470410346985,0.5276144742965698,-0.026779605075716972,0.3113904595375061,0.49929293990135193,-0.039761949330568314,0.3669785261154175,0.49492570757865906,-0.051785215735435486,0.24423819780349731,0.5152903199195862,-0.08769472688436508,0.3512634336948395,0.3936346769332886,-0.11460057646036148,0.4133116602897644,0.33294740319252014,-0.12394317239522934,0.461064875125885,0.28820091485977173,-0.12686535716056824,0.2765774726867676,0.5932543873786926,-0.09021201729774475,0.4006761908531189,0.47800958156585693,-0.11004028469324112,0.4684591293334961,0.4194113612174988,-0.11004270613193512,0.5189132690429688,0.37978631258010864,-0.11097151786088943,0.3083893060684204,0.6611225605010986,-0.08657535910606384,0.40608033537864685,0.5504281520843506,-0.09953618049621582,0.37360623478889465,0.5422265529632568,-0.08203130215406418,0.333412766456604,0.5611924529075623,-0.06705848127603531,0.33432629704475403,0.7105469107627869,-0.08277930319309235,0.3861139416694641,0.6131731867790222,-0.08602112531661987,0.3563231825828552,0.6042144298553467,-0.06698203831911087,0.3295867443084717,0.6235447525978088,-0.050609901547431946,forbice
0.16027119755744934,0.7587764263153076,9.142911494564032e-07,0.16763271391391754,0.6344934701919556,-0.006525528151541948,0.23244601488113403,0.5361639261245728,-0.02637023851275444,0.30895179510116577,0.5058596730232239,-0.042923539876937866,0.3678097724914551,0.49741241335868835,-0.05914058908820152,0.2439841628074646,0.511305034160614,-0.09176710247993469,0.3569912314414978,0.39518383145332336,-0.12191677838563919,0.4226207137107849,0.337621808052063,-0.13246241211891174,0.4739317297935486,0.2976059913635254,-0.1359330415725708,0.26938948035240173,0.5916627049446106,-0.09876297414302826,0.40197038650512695,0.4800463616847992,-0.1241283118724823,0.47370806336402893,0.4274120330810547,-0.12576746940612793,0.5270959138870239,0.3952904939651489,-0.12747009098529816,0.29728493094444275,0.6646723747253418,-0.09907397627830505,0.4099133312702179,0.5629128813743591,-0.115837462246418,0.37591469287872314,0.5542106032371521,-0.09562169760465622,0.33407866954803467,0.5696246027946472,-0.07863461971282959,0.32155486941337585,0.7195565700531006,-0.09903634339570999,0.3894529342651367,0.6218987107276917,-0.10406728088855743,0.3604966402053833,0.6141400933265686,-0.08209800720214844,0.33205655217170715,0.6305263042449951,-0.06360667198896408,forbice
0.17247898876667023,0.7526114583015442,9.143909096565039e-07,0.1861526370048523,0.6304284930229187,-0.005586849059909582,0.25386932492256165,0.5397807359695435,-0.02647460624575615,0.3300701677799225,0.5167949199676514,-0.045346297323703766,0.3879883885383606,0.5141910314559937,-0.06380961835384369,0.25964927673339844,0.5014326572418213,-0.08815785497426987,0.3729998469352722,0.39799463748931885,-0.12048005312681198,0.4377887547016144,0.3434370458126068,-0.13439859449863434,0.48793846368789673,0.3042807877063751,-0.1411197930574417,0.2808828055858612,0.5835686922073364,-0.09867782145738602,0.41289305686950684,0.48064953088760376,-0.12644915282726288,0.4810926914215088,0.43201708793640137,-0.13153798878192902,0.5324767231941223,0.3988647758960724,-0.13668985664844513,0.3056923747062683,0.6613845825195312,-0.10291936248540878,0.42638587951660156,0.569343626499176,-0.12297923117876053,0.393679141998291,0.5669899582862854,-0.1036171093583107,0.3519488573074341,0.582365870475769,-0.0875268429517746,0.3280496597290039,0.7220883369445801,-0.10703165084123611,0.40233007073402405,0.6325139999389648,-0.11492263525724411,0.37507033348083496,0.6257829070091248,-0.09402567893266678,0.3458176851272583,0.6383441090583801,-0.07652042806148529,forbice
0.18041010200977325,0.7462413907051086,9.78376874627429e-07,0.1975814700126648,0.6254344582557678,-0.011673303321003914,0.2713523805141449,0.5419645309448242,-0.03684274107217789,0.35420987010002136,0.5261852741241455,-0.05971832200884819,0.4103189706802368,0.5325188636779785,-0.08201061189174652,0.26153555512428284,0.5026506781578064,-0.09114032983779907,0.3761250674724579,0.4083097577095032,-0.12685644626617432,0.44303059577941895,0.35877180099487305,-0.14330537617206573,0.4947451949119568,0.3228835463523865,-0.15213777124881744,0.2778259813785553,0.5842830538749695,-0.10316704213619232,0.4065517783164978,0.48148345947265625,-0.13849307596683502,0.4739091694355011,0.42790183424949646,-0.14904725551605225,0.523273229598999,0.38825756311416626,-0.15740202367305756,0.30140820145606995,0.6640339493751526,-0.10966645181179047,0.43083012104034424,0.5802993774414062,-0.13945108652114868,0.3983076810836792,0.5762332677841187,-0.12440691888332367,0.3517291843891144,0.5856711268424988,-0.10929693281650543,0.32379263639450073,0.7250099182128906,-0.11642329394817352,0.4036763608455658,0.6405359506607056,-0.13145409524440765,0.37815046310424805,0.6339426636695862,-0.11337488889694214,0.346420556306839,0.646058976650238,-0.0971284732222557,forbice
0.18072260916233063,0.7532606720924377,1.1592127293624799e-06,0.19778494536876678,0.6306906342506409,-0.011027229018509388,0.2711895704269409,0.5458043813705444,-0.04263276606798172,0.3524734675884247,0.53609699010849,-0.07204180955886841,0.4048132300376892,0.5447603464126587,-0.10087841004133224,0.25686073303222656,0.5041098594665527,-0.1067492738366127,0.36675938963890076,0.4138004779815674,-0.15093906223773956,0.43341702222824097,0.36276260018348694,-0.1751645803451538,0.48744314908981323,0.32457417249679565,-0.19025084376335144,0.26252490282058716,0.5825752019882202,-0.12262989580631256,0.3915494680404663,0.4821152985095978,-0.17155061662197113,0.46810582280158997,0.4287055730819702,-0.18839026987552643,0.529022753238678,0.3906474709510803,-0.20091767609119415,0.281138151884079,0.6625201106071472,-0.13156968355178833,0.42415058612823486,0.5889591574668884,-0.1648319959640503,0.3889804184436798,0.5869712233543396,-0.1433018147945404,0.33993610739707947,0.5968618392944336,-0.12444008886814117,0.30260738730430603,0.7289241552352905,-0.14156420528888702,0.3978240489959717,0.65091472864151,-0.15605032444000244,0.3723202645778656,0.6436269283294678,-0.13292059302330017,0.3370742201805115,0.6528603434562683,-0.11369587481021881,forbice
0.17508426308631897,0.7566663026809692,1.2091975349903805e-06,0.1932060867547989,0.6384434700012207,-0.011960974894464016,0.26789921522140503,0.5514047145843506,-0.04568392410874367,0.3509018123149872,0.5406487584114075,-0.07822539657354355,0.39755815267562866,0.54913330078125,-0.11000283807516098,0.24807879328727722,0.4983053207397461,-0.10260790586471558,0.3586682975292206,0.4081125259399414,-0.15045645833015442,0.4261520206928253,0.359636127948761,-0.17796233296394348,0.4811362624168396,0.3228035867214203,-0.19465985894203186,0.2500610649585724,0.5742853879928589,-0.12116575986146927,0.37441229820251465,0.47018250823020935,-0.17528003454208374,0.44901910424232483,0.41896653175354004,-0.19383367896080017,0.5086820125579834,0.38091742992401123,-0.20553439855575562,0.2669755816459656,0.6546940803527832,-0.13363312184810638,0.4076712727546692,0.5848119258880615,-0.1702452450990677,0.3803517818450928,0.5909722447395325,-0.14764779806137085,0.33653032779693604,0.6016645431518555,-0.126473531126976,0.2873692512512207,0.7261747717857361,-0.14772027730941772,0.38744306564331055,0.6508538126945496,-0.16062895953655243,0.3672107458114624,0.6461686491966248,-0.13376092910766602,0.3336809575557709,0.6548354625701904,-0.11140196770429611,forbice
0.18311023712158203,0.7518800497055054,1.2651253200601786e-06,0.20477153360843658,0.6388264894485474,-0.010615119710564613,0.27313655614852905,0.5530381798744202,-0.0454721637070179,0.3508304953575134,0.5350140929222107,-0.08006639778614044,0.39719367027282715,0.5349145531654358,-0.11385538429021835,0.2544489800930023,0.4908986985683441,-0.09949596971273422,0.3631235659122467,0.4057800769805908,-0.1505449116230011,0.4317671060562134,0.3587368130683899,-0.18152852356433868,0.4869023859500885,0.3224774897098541,-0.2001228630542755,0.25109198689460754,0.5639610886573792,-0.11999501287937164,0.37768203020095825,0.46308663487434387,-0.17620454728603363,0.45450282096862793,0.41297847032546997,-0.19605863094329834,0.5152794718742371,0.3747730851173401,-0.20794180035591125,0.26498210430145264,0.6444608569145203,-0.13479474186897278,0.40731751918792725,0.5833062529563904,-0.17215541005134583,0.38256406784057617,0.5934066772460938,-0.14910352230072021,0.33977267146110535,0.6019487977027893,-0.12757673859596252,0.2844642400741577,0.719470202922821,-0.15130257606506348,0.38802221417427063,0.6531149744987488,-0.16365694999694824,0.3700054883956909,0.6506780982017517,-0.1354125738143921,0.33715590834617615,0.6560431718826294,-0.1120792031288147,forbice
0.18662844598293304,0.7506263256072998,1.2757645890815184e-06,0.2114587426185608,0.6380345225334167,-0.009511307813227177,0.27811235189437866,0.5525928735733032,-0.04492781311273575,0.3548313081264496,0.5343526601791382,-0.08021174371242523,0.3979754149913788,0.5337536334991455,-0.11426600068807602,0.25614356994628906,0.4875349700450897,-0.10039786249399185,0.3636073172092438,0.4043624997138977,-0.15280590951442719,0.4317287504673004,0.35680311918258667,-0.18567733466625214,0.486728310585022,0.31979429721832275,-0.2059781700372696,0.2506438195705414,0.5605462789535522,-0.12236502766609192,0.37421366572380066,0.45864105224609375,-0.18262533843517303,0.4517056941986084,0.40740951895713806,-0.20609141886234283,0.5132680535316467,0.3686816692352295,-0.2203642725944519,0.26420754194259644,0.6415512561798096,-0.13797204196453094,0.40853628516197205,0.5806636810302734,-0.1770293414592743,0.38875651359558105,0.5934738516807556,-0.1534782201051712,0.34915149211883545,0.6034865379333496,-0.1316145956516266,0.2846178114414215,0.7171840071678162,-0.15526477992534637,0.3897404968738556,0.6514160633087158,-0.167603999376297,0.37432241439819336,0.6501972675323486,-0.13816435635089874,0.34294143319129944,0.655454158782959,-0.11413518339395523,forbice
0.1875346451997757,0.7552683353424072,1.2523133818831411e-06,0.21906808018684387,0.6404646635055542,-0.006706526502966881,0.27974942326545715,0.5533934831619263,-0.04198740795254707,0.35520678758621216,0.5351917743682861,-0.07956361025571823,0.40104174613952637,0.5376683473587036,-0.11620581150054932,0.2543447017669678,0.48037663102149963,-0.09064604341983795,0.35627731680870056,0.39553719758987427,-0.1440766304731369,0.42133796215057373,0.34798508882522583,-0.17887668311595917,0.4742361903190613,0.30621957778930664,-0.2011823058128357,0.24451017379760742,0.548409640789032,-0.11677388101816177,0.3622809648513794,0.4496002197265625,-0.17797334492206573,0.4382675588130951,0.39920932054519653,-0.2035997211933136,0.49799680709838867,0.3570234179496765,-0.21968068182468414,0.25414207577705383,0.6299341917037964,-0.13765275478363037,0.39919137954711914,0.5720372200012207,-0.17878924310207367,0.3908391296863556,0.5946097373962402,-0.15955623984336853,0.35747915506362915,0.60760897397995,-0.14090612530708313,0.27461010217666626,0.7098821997642517,-0.16031338274478912,0.38321197032928467,0.6501701474189758,-0.17568343877792358,0.3733896315097809,0.6512113809585571,-0.15083016455173492,0.3446209728717804,0.6538487672805786,-0.1304149180650711,forbice
0.18597427010536194,0.7690695524215698,1.4621629134126124e-06,0.23535847663879395,0.642342209815979,-0.0046144407242536545,0.2979658246040344,0.5540076494216919,-0.04695053771138191,0.36577853560447693,0.5348033308982849,-0.09444238990545273,0.38927316665649414,0.5589376091957092,-0.1395859718322754,0.2533528208732605,0.47766345739364624,-0.09121308475732803,0.3462940454483032,0.39306002855300903,-0.14955738186836243,0.4072043001651764,0.3419383764266968,-0.18929491937160492,0.45736002922058105,0.29652759432792664,-0.218312606215477,0.236171156167984,0.54023677110672,-0.1243220716714859,0.3396131098270416,0.44440945982933044,-0.20920291543006897,0.4104946255683899,0.3838481307029724,-0.25433477759361267,0.4705517292022705,0.3340570330619812,-0.28360360860824585,0.23737944662570953,0.621283769607544,-0.1495477855205536,0.37912172079086304,0.5788285732269287,-0.19949181377887726,0.36946019530296326,0.6145210266113281,-0.17462635040283203,0.3363269567489624,0.6296754479408264,-0.15247544646263123,0.25595301389694214,0.700831413269043,-0.17767389118671417,0.37167811393737793,0.6590981483459473,-0.19588786363601685,0.3669118881225586,0.6729837656021118,-0.16747018694877625,0.3357418179512024,0.6751483082771301,-0.14526762068271637,forbice
0.18706828355789185,0.7793897986412048,1.3695558891413384e-06,0.24539807438850403,0.6541576385498047,-0.007879451848566532,0.3174841105937958,0.558268666267395,-0.04811966419219971,0.38297292590141296,0.5432621240615845,-0.09373965114355087,0.39297086000442505,0.595369279384613,-0.13641446828842163,0.2563883662223816,0.4973098635673523,-0.08229269832372665,0.33853471279144287,0.41204363107681274,-0.13763746619224548,0.3968457281589508,0.3614221215248108,-0.17713864147663116,0.44501104950904846,0.3221036493778229,-0.20644427835941315,0.23439151048660278,0.5509093999862671,-0.11352845281362534,0.32431694865226746,0.45168688893318176,-0.1891314834356308,0.3891584575176239,0.3898969888687134,-0.23119719326496124,0.4457681179046631,0.3457076847553253,-0.2595561444759369,0.22900612652301788,0.6234347820281982,-0.13865867257118225,0.37314486503601074,0.5888623595237732,-0.17983639240264893,0.3660726547241211,0.6265559196472168,-0.15482553839683533,0.3370290994644165,0.643646776676178,-0.13481368124485016,0.24658632278442383,0.6996996402740479,-0.16807574033737183,0.3698129653930664,0.670565664768219,-0.18119245767593384,0.36218008399009705,0.6892356872558594,-0.15439660847187042,0.32819440960884094,0.6940456032752991,-0.13502319157123566,forbice
0.20568519830703735,0.779910147190094,1.5952481362546678e-06,0.28280404210090637,0.6539499163627625,-0.02059735544025898,0.3434036672115326,0.5595380663871765,-0.06319370865821838,0.3812161982059479,0.5504845976829529,-0.11039737612009048,0.37974876165390015,0.6135081648826599,-0.1552007496356964,0.2565918564796448,0.4878232479095459,-0.076875239610672,0.3274781107902527,0.41225874423980713,-0.1383722424507141,0.38202381134033203,0.35852915048599243,-0.18524503707885742,0.4300353527069092,0.3163259029388428,-0.22010602056980133,0.2276555448770523,0.5429688692092896,-0.1046777293086052,0.30252695083618164,0.4474008083343506,-0.18523894250392914,0.3633154630661011,0.3824058771133423,-0.23377160727977753,0.4188951253890991,0.33109965920448303,-0.2657977342605591,0.21527622640132904,0.6171467304229736,-0.1297031044960022,0.34714996814727783,0.5951504111289978,-0.18097487092018127,0.3453536033630371,0.6320173740386963,-0.16538424789905548,0.3214671015739441,0.6485459804534912,-0.1498243659734726,0.22690387070178986,0.6935769319534302,-0.15978676080703735,0.34567132592201233,0.6811112761497498,-0.18226265907287598,0.3471892178058624,0.696670413017273,-0.16225823760032654,0.31886380910873413,0.6965932846069336,-0.14669179916381836,forbice
0.23151502013206482,0.7787299752235413,1.5891212115093367e-06,0.3076119124889374,0.6749921441078186,-0.019376510754227638,0.35240447521209717,0.5811723470687866,-0.05856459587812424,0.37348058819770813,0.5771968364715576,-0.10421167314052582,0.3588792085647583,0.638168454170227,-0.14726822078227997,0.28061747550964355,0.48704734444618225,-0.07145554572343826,0.3422558605670929,0.40578389167785645,-0.13148009777069092,0.3890351951122284,0.34754520654678345,-0.1762840896844864,0.4296494126319885,0.2952626645565033,-0.21078035235404968,0.23093406856060028,0.5323564410209656,-0.10093574225902557,0.288451224565506,0.4420231878757477,-0.1821998953819275,0.34645193815231323,0.37427592277526855,-0.22974033653736115,0.39730769395828247,0.3149486780166626,-0.2603278160095215,0.20492544770240784,0.6051161885261536,-0.12844766676425934,0.321909099817276,0.5873454213142395,-0.18161217868328094,0.3392678499221802,0.6403908133506775,-0.1657823622226715,0.32161736488342285,0.6648825407028198,-0.14967787265777588,0.20741647481918335,0.6775670647621155,-0.1616479754447937,0.32530632615089417,0.6827061176300049,-0.18829061090946198,0.3356685936450958,0.7065370082855225,-0.17236647009849548,0.30801910161972046,0.706890344619751,-0.1595836728811264,forbice
0.7639910578727722,0.8960740566253662,9.25168080812e-07,0.8131692409515381,0.7427899837493896,-0.011376805603504181,0.783036470413208,0.5672353506088257,-0.04789836332201958,0.6901092529296875,0.47398728132247925,-0.08005885779857635,0.6043003797531128,0.4328809082508087,-0.1150335818529129,0.8086029291152954,0.5538018941879272,-0.13189490139484406,0.7502269744873047,0.3152472674846649,-0.17750638723373413,0.7213737368583679,0.19852003455162048,-0.19306731224060059,0.6984043121337891,0.10274332761764526,-0.19928686320781708,0.7322942614555359,0.6194536089897156,-0.1466427892446518,0.6481117606163025,0.3782157003879547,-0.1900915503501892,0.6096875667572021,0.2500225305557251,-0.19302964210510254,0.5775176286697388,0.1544557511806488,-0.19612500071525574,0.6559371948242188,0.6792426109313965,-0.15292178094387054,0.5810311436653137,0.4497489333152771,-0.18415844440460205,0.6191729307174683,0.4768127202987671,-0.15181149542331696,0.6490293741226196,0.5339630842208862,-0.12451255321502686,0.5915842056274414,0.7301308512687683,-0.1586877554655075,0.5518712997436523,0.5421670079231262,-0.17262360453605652,0.587817907333374,0.5564137101173401,-0.1399165391921997,0.6126176714897156,0.6033110022544861,-0.1126612052321434,forbice
0.7646671533584595,0.9097809791564941,8.981708674582478e-07,0.8151302933692932,0.7560214996337891,-0.009572731330990791,0.7876538038253784,0.5803826451301575,-0.04618079960346222,0.6979916095733643,0.485975444316864,-0.07838376611471176,0.6124849319458008,0.4459115266799927,-0.11387855559587479,0.8121904134750366,0.5623817443847656,-0.1345386654138565,0.746836245059967,0.3235858082771301,-0.18023326992988586,0.7149553298950195,0.2081138789653778,-0.19562579691410065,0.6906961798667908,0.11273708939552307,-0.20157454907894135,0.7365398406982422,0.6325792670249939,-0.15029677748680115,0.644745945930481,0.3863679766654968,-0.19331063330173492,0.6032648682594299,0.2588268220424652,-0.19578590989112854,0.5702893137931824,0.16387715935707092,-0.19884836673736572,0.6591936945915222,0.6959961652755737,-0.15704666078090668,0.5770210027694702,0.4584544897079468,-0.1885269731283188,0.6136246919631958,0.48659372329711914,-0.15488716959953308,0.6440709829330444,0.5470547676086426,-0.12670746445655823,0.593224823474884,0.7488510608673096,-0.16294735670089722,0.546652615070343,0.5538694262504578,-0.17773127555847168,0.5815304517745972,0.5687771439552307,-0.14355570077896118,0.6066763997077942,0.6182845830917358,-0.11497083306312561,forbice
0.7712305188179016,0.9214482307434082,8.833549713926914e-07,0.8195731043815613,0.762395977973938,-0.003604019293561578,0.7914968729019165,0.5924978256225586,-0.04578900337219238,0.6976960897445679,0.5066925883293152,-0.08345857262611389,0.6087538003921509,0.4725061357021332,-0.12577340006828308,0.8168403506278992,0.5687800049781799,-0.1539226919412613,0.7489684224128723,0.33434444665908813,-0.20640595257282257,0.7177581191062927,0.21540048718452454,-0.22800643742084503,0.6915366053581238,0.11694473028182983,-0.23882079124450684,0.742677628993988,0.6432084441184998,-0.17248308658599854,0.6494265198707581,0.39606210589408875,-0.21977217495441437,0.60379958152771,0.26739856600761414,-0.2241721749305725,0.5645141005516052,0.17276319861412048,-0.2304673045873642,0.6639484763145447,0.7077041864395142,-0.1793672740459442,0.5736005902290344,0.4689556360244751,-0.20638352632522583,0.6104555130004883,0.5014973878860474,-0.16513998806476593,0.6421666741371155,0.5632456541061401,-0.1350935995578766,0.5966039896011353,0.7612253427505493,-0.18520307540893555,0.5460774898529053,0.5690645575523376,-0.19531498849391937,0.5821004509925842,0.5877432823181152,-0.1554289609193802,0.6103501319885254,0.6358425617218018,-0.12436658143997192,forbice
0.7835274934768677,0.9321894645690918,8.25232234547002e-07,0.8209771513938904,0.7607603669166565,0.010685333982110023,0.7932469844818115,0.5839970111846924,-0.033395420759916306,0.6909682154655457,0.4996899962425232,-0.07654428482055664,0.6010964512825012,0.46803581714630127,-0.12530484795570374,0.8335770964622498,0.561525821685791,-0.15946224331855774,0.757099986076355,0.33648788928985596,-0.22145190834999084,0.7261821627616882,0.21486088633537292,-0.2550737261772156,0.7000712752342224,0.11394959688186646,-0.27718785405158997,0.7697047591209412,0.6436305046081543,-0.18899349868297577,0.6690833568572998,0.3974009156227112,-0.24339495599269867,0.6149104833602905,0.2648692727088928,-0.2579788863658905,0.5713217854499817,0.16973507404327393,-0.2763582468032837,0.6918518543243408,0.7173144221305847,-0.2043285071849823,0.5905712842941284,0.48335832357406616,-0.22284118831157684,0.6194224953651428,0.5269094705581665,-0.17024047672748566,0.6510975360870361,0.588715672492981,-0.13852572441101074,0.620262622833252,0.7786720395088196,-0.21888145804405212,0.5542015433311462,0.5872718691825867,-0.2208864837884903,0.5811814069747925,0.6154860258102417,-0.17342932522296906,0.6077820062637329,0.6669899225234985,-0.14060761034488678,forbice
0.778438925743103,0.9315102100372314,4.7264779823308345e-07,0.7962424755096436,0.7625899314880371,0.008904294110834599,0.7721998691558838,0.6032602190971375,-0.02756405435502529,0.6893153190612793,0.5110493898391724,-0.06674069911241531,0.6143129467964172,0.48514002561569214,-0.11073669046163559,0.8278659582138062,0.5381149053573608,-0.1167837455868721,0.7426971793174744,0.33779799938201904,-0.17249466478824615,0.7025982141494751,0.22605568170547485,-0.2090124785900116,0.6708762645721436,0.13204041123390198,-0.2357768416404724,0.7876400947570801,0.6308010220527649,-0.15002448856830597,0.6816725134849548,0.4058023691177368,-0.20712469518184662,0.6204209923744202,0.28058093786239624,-0.23549199104309082,0.57649827003479,0.18694424629211426,-0.26239341497421265,0.7233336567878723,0.7174119353294373,-0.17285698652267456,0.5966907143592834,0.48898354172706604,-0.2076464295387268,0.604995608329773,0.5374525189399719,-0.17301063239574432,0.636874258518219,0.5982334613800049,-0.14859502017498016,0.6541891098022461,0.7877179384231567,-0.1948118507862091,0.55876225233078,0.6015338897705078,-0.2166290283203125,0.5732897520065308,0.6294317245483398,-0.18469494581222534,0.6051849126815796,0.6803508996963501,-0.1590576171875,forbice
0.7474570274353027,0.7899370193481445,2.777963459266175e-07,0.7633213996887207,0.6622616648674011,0.026152417063713074,0.7427979111671448,0.5433534383773804,0.007812208030372858,0.6774231195449829,0.4733204245567322,-0.014188457280397415,0.6184219717979431,0.439360648393631,-0.03936221823096275,0.7778798937797546,0.49220719933509827,-0.07560472935438156,0.7129509449005127,0.3446666896343231,-0.11226043105125427,0.680794358253479,0.2665131986141205,-0.13335901498794556,0.6530274152755737,0.20330634713172913,-0.147157222032547,0.7431878447532654,0.5513594150543213,-0.10430293530225754,0.6678613424301147,0.37920045852661133,-0.13987427949905396,0.6265922784805298,0.290757954120636,-0.1505192667245865,0.5945837497711182,0.2274797558784485,-0.1616056114435196,0.6934626698493958,0.6064302325248718,-0.1234072893857956,0.6074866652488708,0.4431721568107605,-0.13745348155498505,0.6119100451469421,0.47046181559562683,-0.10411985963582993,0.6295689344406128,0.5092372298240662,-0.08175912499427795,0.6420066952705383,0.6546825170516968,-0.1404021680355072,0.5806960463523865,0.5195359587669373,-0.1416563242673874,0.5885964632034302,0.5297712683677673,-0.11056014150381088,0.6063196659088135,0.555908203125,-0.08740663528442383,forbice
0.7158294916152954,0.7808401584625244,1.5422824617417064e-07,0.7321599125862122,0.6739164590835571,0.04198792949318886,0.7288233041763306,0.5908459424972534,0.032244689762592316,0.69610595703125,0.5323194861412048,0.016278477385640144,0.659651517868042,0.49729403853416443,-0.0017491434700787067,0.750572681427002,0.5400762557983398,-0.05536530539393425,0.7078939080238342,0.42344439029693604,-0.08434537798166275,0.686485767364502,0.35944461822509766,-0.10174158215522766,0.6665223240852356,0.30696791410446167,-0.11454920470714569,0.7239699959754944,0.5832849144935608,-0.08650916069746017,0.6672835350036621,0.44520705938339233,-0.11898353695869446,0.6359868049621582,0.37392598390579224,-0.12860852479934692,0.6131095886230469,0.32494932413101196,-0.13915179669857025,0.6828774213790894,0.6227802634239197,-0.1069147139787674,0.6190309524536133,0.49318432807922363,-0.10787799209356308,0.6190930008888245,0.5172319412231445,-0.06901542842388153,0.6325814723968506,0.5452303290367126,-0.04673634096980095,0.6432641744613647,0.6566929221153259,-0.12503638863563538,0.5948655009269714,0.5590426921844482,-0.11432922631502151,0.5983200073242188,0.5677184462547302,-0.08182044327259064,0.6122978925704956,0.5811322927474976,-0.05990830808877945,forbice
0.7120509743690491,0.7900623083114624,1.4917209512077534e-07,0.7271260023117065,0.6949364542961121,0.03736176714301109,0.7254568934440613,0.6196129322052002,0.030634265393018723,0.6973422765731812,0.5661569833755493,0.017159156501293182,0.6662586331367493,0.5370062589645386,0.0013164629926905036,0.7453358769416809,0.5737412571907043,-0.039789196103811264,0.710273802280426,0.46786150336265564,-0.06560499966144562,0.6945026516914368,0.4080684781074524,-0.08272474259138107,0.679824948310852,0.3596491515636444,-0.09536019712686539,0.7217629551887512,0.6100001931190491,-0.06921287626028061,0.677655816078186,0.48397204279899597,-0.09538476914167404,0.6524069309234619,0.41887134313583374,-0.10465724021196365,0.6342038512229919,0.3738154172897339,-0.11476092040538788,0.6857922673225403,0.6452776193618774,-0.09032302349805832,0.6297672986984253,0.5262673497200012,-0.09336518496274948,0.6253284811973572,0.5526079535484314,-0.06339367479085922,0.6358784437179565,0.5826311707496643,-0.045833520591259,0.6506071090698242,0.677139401435852,-0.10934405028820038,0.606667160987854,0.583463728427887,-0.10443954914808273,0.6063916683197021,0.596606969833374,-0.0789313092827797,0.6177999973297119,0.6163603067398071,-0.06101575121283531,forbice
0.7014409303665161,0.7801293134689331,8.346621171995139e-08,0.7170358896255493,0.6952680349349976,0.018775729462504387,0.7160625457763672,0.620313823223114,0.012726977467536926,0.6917955875396729,0.5642868876457214,0.0024341423995792866,0.6635093092918396,0.5348523259162903,-0.009779403917491436,0.7350956797599792,0.571452260017395,-0.02900603786110878,0.6979085803031921,0.4691160321235657,-0.05080537497997284,0.6795079112052917,0.41402363777160645,-0.0633106455206871,0.6646450161933899,0.3696354329586029,-0.07072757929563522,0.7180787324905396,0.6038283705711365,-0.04936065152287483,0.6720502376556396,0.48672249913215637,-0.07281701266765594,0.6448063254356384,0.4248265326023102,-0.08241259306669235,0.625988781452179,0.37990817427635193,-0.0892757922410965,0.6898278594017029,0.63825523853302,-0.06519024819135666,0.6249971985816956,0.5267460346221924,-0.08310718834400177,0.6096600890159607,0.5482035875320435,-0.07083593308925629,0.6140702962875366,0.5749751925468445,-0.058553874492645264,0.6576573252677917,0.6705474257469177,-0.07891877740621567,0.6054049730300903,0.582774817943573,-0.08818867057561874,0.6004118323326111,0.5958468914031982,-0.07433261722326279,0.6106166243553162,0.6167611479759216,-0.060914140194654465,forbice
0.7082187533378601,0.7952026128768921,5.049258078315688e-08,0.7060811519622803,0.7052185535430908,0.021345682442188263,0.6904258728027344,0.6238154172897339,0.013377889059484005,0.6487538814544678,0.5711615085601807,-0.0002026881993515417,0.6131529808044434,0.5418971180915833,-0.014432644471526146,0.7351388335227966,0.5736554265022278,-0.025637445971369743,0.6968784928321838,0.4746037721633911,-0.048506442457437515,0.6777409911155701,0.4194541573524475,-0.06428811699151993,0.6605572700500488,0.3742930293083191,-0.0758938416838646,0.7256686091423035,0.6094781160354614,-0.04902958124876022,0.6796890497207642,0.49382683634757996,-0.07615514099597931,0.651608943939209,0.43160122632980347,-0.09101828187704086,0.6314176917076111,0.3861064314842224,-0.10319343954324722,0.7024784088134766,0.6454639434814453,-0.06732296198606491,0.6327575445175171,0.5417370200157166,-0.08136550337076187,0.619401752948761,0.5768694877624512,-0.06421211361885071,0.6290342807769775,0.6082404851913452,-0.05111211538314819,0.6733222603797913,0.677711546421051,-0.08411464095115662,0.6132371425628662,0.5957325100898743,-0.08813400566577911,0.6063146591186523,0.6162952184677124,-0.07109575718641281,0.6195720434188843,0.6403947472572327,-0.05756968632340431,forbice
0.7080013155937195,0.8073611855506897,9.290666014294402e-08,0.6697047352790833,0.7208364605903625,0.009766440838575363,0.6492038369178772,0.6458300352096558,-0.004490074701607227,0.6198307871818542,0.595153272151947,-0.024012252688407898,0.5961252450942993,0.5687352418899536,-0.04330304265022278,0.7186188697814941,0.5739819407463074,-0.028864992782473564,0.6719290614128113,0.48381495475769043,-0.05652208626270294,0.6485300064086914,0.42804408073425293,-0.07791867107152939,0.6283460259437561,0.38263967633247375,-0.09492664784193039,0.7220133543014526,0.6084632277488708,-0.051463402807712555,0.6643624901771545,0.5043388605117798,-0.08631889522075653,0.6306331157684326,0.4440084397792816,-0.1086653470993042,0.6100373268127441,0.39901432394981384,-0.12675714492797852,0.7068895697593689,0.6483821868896484,-0.0706230029463768,0.6267655491828918,0.561922550201416,-0.0914514884352684,0.6134943962097168,0.6034244894981384,-0.0732397735118866,0.6269280910491943,0.6347607970237732,-0.05945123732089996,0.681808590888977,0.6860584020614624,-0.09011803567409515,0.6138650178909302,0.6159076690673828,-0.10097046941518784,0.6060540676116943,0.6413788199424744,-0.08508992195129395,0.620482861995697,0.6650294661521912,-0.07238072901964188,forbice
0.7064222693443298,0.8187545537948608,1.119863597409676e-07,0.6595166921615601,0.7320483922958374,0.007683888543397188,0.6362955570220947,0.659432053565979,-0.0053544845432043076,0.6138789057731628,0.607243537902832,-0.022830063477158546,0.5975310802459717,0.5809111595153809,-0.0390813983976841,0.7117334604263306,0.5790614485740662,-0.02894103154540062,0.6664062142372131,0.49480465054512024,-0.057176947593688965,0.6431443095207214,0.43767452239990234,-0.07947761565446854,0.6226949691772461,0.3927153944969177,-0.09765073657035828,0.7214049696922302,0.6126082539558411,-0.05021793395280838,0.6646739840507507,0.5127590894699097,-0.0890573039650917,0.628831148147583,0.45141056180000305,-0.1134151816368103,0.6074061989784241,0.40662938356399536,-0.13201388716697693,0.7111073732376099,0.6529910564422607,-0.06829223781824112,0.6304850578308105,0.5690931677818298,-0.09288892149925232,0.6097418665885925,0.6119566559791565,-0.07349735498428345,0.6195793151855469,0.6467929482460022,-0.05727189779281616,0.6900923848152161,0.6947339773178101,-0.08698316663503647,0.6172841191291809,0.6273537278175354,-0.09957125037908554,0.6033377647399902,0.6516731977462769,-0.08347837626934052,0.614970326423645,0.6762140393257141,-0.06968849897384644,forbice
0.7112874388694763,0.8234503865242004,7.743654606429118e-08,0.6701146960258484,0.7341396808624268,0.0065631624311208725,0.6453922390937805,0.6623799800872803,-0.008882496505975723,0.6176677942276001,0.618319571018219,-0.028483973816037178,0.5967068672180176,0.6014859080314636,-0.047771189361810684,0.7138292193412781,0.5811363458633423,-0.036783523857593536,0.6617476940155029,0.49746957421302795,-0.0688060000538826,0.6336287260055542,0.44326576590538025,-0.09267499297857285,0.6093457341194153,0.40062159299850464,-0.11060034483671188,0.7219854593276978,0.6210078001022339,-0.05830610916018486,0.658193826675415,0.526799201965332,-0.099229596555233,0.619269609451294,0.4687972068786621,-0.12396623939275742,0.5949863195419312,0.42472851276397705,-0.14206905663013458,0.7126889824867249,0.666906476020813,-0.07639028131961823,0.6282485127449036,0.5927292108535767,-0.1044008657336235,0.6068575382232666,0.6304346919059753,-0.08990258723497391,0.6155428290367126,0.6614069938659668,-0.07577087730169296,0.6931010484695435,0.7106532454490662,-0.09459822624921799,0.6179866790771484,0.6494338512420654,-0.10848936438560486,0.6026122570037842,0.669342041015625,-0.09352454543113708,0.6137698292732239,0.6909208297729492,-0.07987387478351593,forbice
0.7208521962165833,0.8283138275146484,7.93816994359986e-08,0.6905492544174194,0.7406190633773804,0.00671088881790638,0.6638469696044922,0.6699930429458618,-0.010568625293672085,0.6242756843566895,0.634198784828186,-0.0313759483397007,0.5915270447731018,0.6146693229675293,-0.05311458185315132,0.7128065824508667,0.5929645299911499,-0.04678298905491829,0.6579012274742126,0.5116548538208008,-0.08076771348714828,0.6258523464202881,0.4612492322921753,-0.1030518114566803,0.5998685359954834,0.42029833793640137,-0.11803720891475677,0.719590425491333,0.6354334950447083,-0.06803254783153534,0.6524141430854797,0.5451403260231018,-0.10939745604991913,0.6078202724456787,0.49344736337661743,-0.12934981286525726,0.5771400332450867,0.452791690826416,-0.14237691462039948,0.7129701375961304,0.6848713755607605,-0.08535077422857285,0.6246203780174255,0.6235976219177246,-0.11547432839870453,0.6000855565071106,0.6531335711479187,-0.10416922718286514,0.6042817234992981,0.6779674887657166,-0.09092563390731812,0.6955531239509583,0.7323712706565857,-0.10195423662662506,0.6200628876686096,0.6801615357398987,-0.11510364711284637,0.6028008460998535,0.6938543915748596,-0.099897101521492,0.6122171878814697,0.7102276086807251,-0.08573371171951294,forbice
0.7234697937965393,0.8213857412338257,1.1741709471380091e-07,0.694047212600708,0.7314631938934326,0.005993226543068886,0.6659346222877502,0.662703812122345,-0.014950908720493317,0.6219252943992615,0.6363160610198975,-0.038386426866054535,0.5831050276756287,0.6309196949005127,-0.06349662691354752,0.708257794380188,0.6007853150367737,-0.060933467000722885,0.6534795165061951,0.5242977142333984,-0.09705396741628647,0.6188691854476929,0.4769526720046997,-0.12108642607927322,0.5919749736785889,0.4380348026752472,-0.1384308636188507,0.7166463732719421,0.6478347182273865,-0.08196607232093811,0.6485905647277832,0.5638627409934998,-0.1246083453297615,0.598918616771698,0.5177124738693237,-0.14461687207221985,0.5660591125488281,0.48330438137054443,-0.15948107838630676,0.7116492390632629,0.7000961303710938,-0.09798936545848846,0.6222501993179321,0.6447474360466003,-0.12376914918422699,0.5977321863174438,0.6710507869720459,-0.10871361941099167,0.6045533418655396,0.6960964798927307,-0.09587583690881729,0.6965609192848206,0.7475161552429199,-0.11367668211460114,0.6190624237060547,0.7034763097763062,-0.12320200353860855,0.603124737739563,0.7118772864341736,-0.10672347247600555,0.6159965991973877,0.7240911722183228,-0.09376204758882523,forbice
0.7279309034347534,0.8207670450210571,1.1749057904353322e-07,0.6986852884292603,0.7321259379386902,0.0016108120325952768,0.6698676943778992,0.666946291923523,-0.021901173517107964,0.6244135499000549,0.6444858908653259,-0.04660804197192192,0.5883402228355408,0.6421721577644348,-0.07328622788190842,0.7073419094085693,0.6039482355117798,-0.06982281804084778,0.6529303789138794,0.5360227823257446,-0.10878299176692963,0.6155617237091064,0.49217915534973145,-0.13701191544532776,0.5867226719856262,0.4573495388031006,-0.15805462002754211,0.7198312878608704,0.656343400478363,-0.08899664133787155,0.6508981585502625,0.5823572874069214,-0.13271218538284302,0.5970032215118408,0.5393936634063721,-0.15598301589488983,0.5619641542434692,0.5075111985206604,-0.17477111518383026,0.7164391279220581,0.7136499285697937,-0.10304412990808487,0.6262746453285217,0.6598308682441711,-0.1276845782995224,0.5983714461326599,0.6816125512123108,-0.11284656077623367,0.6058191061019897,0.7042651772499084,-0.10208120197057724,0.7017744779586792,0.7633892297744751,-0.11718448251485825,0.6220322847366333,0.721971869468689,-0.12723219394683838,0.6035451889038086,0.7255395650863647,-0.1119522750377655,0.6170748472213745,0.7342528104782104,-0.10073241591453552,forbice
0.7270508408546448,0.8232133388519287,1.463875776153145e-07,0.6960710287094116,0.7352856397628784,-0.000513314560521394,0.6658089756965637,0.6712331771850586,-0.025602981448173523,0.621312141418457,0.6514413356781006,-0.051477570086717606,0.5887689590454102,0.6532215476036072,-0.07927150279283524,0.706218957901001,0.6087364554405212,-0.07363366335630417,0.6516372561454773,0.5419325232505798,-0.11429747194051743,0.6137273907661438,0.49841195344924927,-0.14310793578624725,0.5839775204658508,0.4646725058555603,-0.16427093744277954,0.7193352580070496,0.6615372896194458,-0.09248894453048706,0.651784360408783,0.5882735252380371,-0.1379927396774292,0.5974071621894836,0.5460718274116516,-0.16131125390529633,0.5613707304000854,0.515224814414978,-0.17956212162971497,0.7164137959480286,0.719260573387146,-0.10641180723905563,0.6253325343132019,0.668420135974884,-0.1330227106809616,0.5969364047050476,0.6899120807647705,-0.11834423243999481,0.6039832234382629,0.7111082077026367,-0.10702977329492569,0.7020472884178162,0.7695903778076172,-0.12052935361862183,0.6216588020324707,0.7288886904716492,-0.13177543878555298,0.6026373505592346,0.731894850730896,-0.11645936220884323,0.6154842972755432,0.7393522262573242,-0.10488972067832947,forbice
0.7285581231117249,0.8251197338104248,1.6510105638189998e-07,0.6973745822906494,0.7372846603393555,-0.0006262175738811493,0.6678932309150696,0.6727098226547241,-0.026100503280758858,0.6231001019477844,0.6527599096298218,-0.05228991433978081,0.5892854332923889,0.6562036871910095,-0.08043259382247925,0.707705557346344,0.6123847961425781,-0.0760021060705185,0.6535762548446655,0.5430551767349243,-0.11755433678627014,0.615720272064209,0.49824821949005127,-0.14688901603221893,0.5860390067100525,0.4641281068325043,-0.16841238737106323,0.7213116884231567,0.6646929979324341,-0.0947914570569992,0.6544431447982788,0.5885986089706421,-0.14151407778263092,0.599956214427948,0.5450838208198547,-0.16555683314800262,0.563783586025238,0.5141452550888062,-0.18425825238227844,0.7180013060569763,0.7219265699386597,-0.10839978605508804,0.6264461874961853,0.6703016757965088,-0.1346922069787979,0.5976047515869141,0.6913968324661255,-0.11918619275093079,0.6044690012931824,0.7130571603775024,-0.10744538903236389,0.7030419111251831,0.7716255187988281,-0.12229719012975693,0.6224589347839355,0.7308313846588135,-0.13280338048934937,0.6030849814414978,0.7338738441467285,-0.11695842444896698,0.6153529286384583,0.7424185872077942,-0.10517348349094391,forbice
0.7287340760231018,0.8260926604270935,1.9655297478493594e-07,0.698505163192749,0.7358720302581787,-0.0009591940324753523,0.669806718826294,0.6706075668334961,-0.02854590117931366,0.6232759952545166,0.6532237529754639,-0.056828100234270096,0.5888059735298157,0.6598762273788452,-0.08702133595943451,0.7073376774787903,0.6115103960037231,-0.08222218602895737,0.6544758677482605,0.5436949133872986,-0.1263357549905777,0.6163218021392822,0.4987589716911316,-0.15795710682868958,0.5864997506141663,0.4653598666191101,-0.18159683048725128,0.72221440076828,0.666724443435669,-0.10157676041126251,0.6566073894500732,0.5906635522842407,-0.15173722803592682,0.6012754440307617,0.545275866985321,-0.1781521886587143,0.5655784010887146,0.5141556859016418,-0.1991891711950302,0.7187584638595581,0.725825309753418,-0.11528916656970978,0.6272991895675659,0.6731475591659546,-0.14093106985092163,0.5984626412391663,0.693676769733429,-0.12316074222326279,0.6072142124176025,0.7150864005088806,-0.11093907058238983,0.7043720483779907,0.7753230929374695,-0.12958934903144836,0.6228852868080139,0.7330322861671448,-0.13870342075824738,0.6029402017593384,0.7354451417922974,-0.1216951534152031,0.615533173084259,0.7444050908088684,-0.10986021906137466,forbice
0.7278680801391602,0.8234015703201294,1.6549959980238782e-07,0.7004509568214417,0.7341145873069763,0.0009846495231613517,0.6711854934692383,0.6683804988861084,-0.025063132867217064,0.6236361861228943,0.64766925573349,-0.0516897551715374,0.5872805118560791,0.6454595327377319,-0.08010852336883545,0.7084259986877441,0.6086632609367371,-0.07934831082820892,0.654162585735321,0.5376991033554077,-0.12131328135728836,0.6160598397254944,0.49236899614334106,-0.1508437842130661,0.5857647061347961,0.45837610960006714,-0.17260336875915527,0.7207062840461731,0.6636036038398743,-0.09858415275812149,0.65330570936203,0.5855726599693298,-0.14707937836647034,0.597676157951355,0.5418179631233215,-0.17142197489738464,0.5610766410827637,0.5115889310836792,-0.19042213261127472,0.7157564163208008,0.7221634984016418,-0.11190973222255707,0.62527996301651,0.6640975475311279,-0.1373787373304367,0.5970497727394104,0.6854254603385925,-0.11874519288539886,0.6049014329910278,0.7081254720687866,-0.10522110760211945,0.6995867490768433,0.7718598246574402,-0.12539026141166687,0.6194053292274475,0.7262752056121826,-0.13460920751094818,0.6015501022338867,0.7292897701263428,-0.11644113063812256,0.615704357624054,0.7381783723831177,-0.10304956883192062,forbice
0.7331703901290894,0.8156634569168091,2.165248673691167e-07,0.719398558139801,0.717994749546051,0.008390938863158226,0.686393678188324,0.6432037353515625,-0.010796132497489452,0.6317952871322632,0.6128256916999817,-0.031682610511779785,0.593207836151123,0.607129693031311,-0.055101219564676285,0.7185168266296387,0.5976401567459106,-0.06482388824224472,0.6623782515525818,0.5144537687301636,-0.09803245961666107,0.6306009888648987,0.46303221583366394,-0.12063388526439667,0.6036569476127625,0.42181098461151123,-0.13714225590229034,0.7162858247756958,0.6510205268859863,-0.08354347944259644,0.6470022797584534,0.5604017972946167,-0.11913749575614929,0.5997616052627563,0.508762001991272,-0.13530169427394867,0.5660045742988586,0.47103822231292725,-0.14931344985961914,0.6991625428199768,0.7070168256759644,-0.0961667001247406,0.6109868884086609,0.6276946663856506,-0.11462368071079254,0.6017418503761292,0.6505910158157349,-0.09497275948524475,0.6166905760765076,0.674769401550293,-0.08093288540840149,0.6756225824356079,0.7555397152900696,-0.10801037400960922,0.6013405919075012,0.6929142475128174,-0.11596842110157013,0.5966814756393433,0.7019206881523132,-0.09779106080532074,0.6146899461746216,0.7164247632026672,-0.08364249765872955,forbice
0.7321138381958008,0.8060455322265625,3.2551892559240514e-07,0.724359393119812,0.7069692611694336,0.02009718306362629,0.6937428116798401,0.6308568716049194,-0.0025036123115569353,0.6359202861785889,0.6055414080619812,-0.027009811252355576,0.5905300378799438,0.6003177762031555,-0.054776545614004135,0.7198618650436401,0.5949612855911255,-0.08619901537895203,0.6670332551002502,0.5065579414367676,-0.12360038608312607,0.6392665505409241,0.45137694478034973,-0.14986322820186615,0.6131125688552856,0.4082964360713959,-0.17003783583641052,0.710686206817627,0.6515451073646545,-0.109141044318676,0.6500187516212463,0.5504034757614136,-0.14821192622184753,0.6078565120697021,0.49158555269241333,-0.16297660768032074,0.5733299851417542,0.4511081576347351,-0.17855367064476013,0.6856957674026489,0.7054364085197449,-0.12234503775835037,0.6079541444778442,0.610983669757843,-0.12909480929374695,0.6054400205612183,0.6283347606658936,-0.09560278058052063,0.6202036738395691,0.6516151428222656,-0.07784997671842575,0.6573288440704346,0.7488753795623779,-0.1346023976802826,0.596200168132782,0.6746277809143066,-0.1302935630083084,0.5959079265594482,0.676365852355957,-0.10288394242525101,0.6119884252548218,0.6858148574829102,-0.08573699742555618,forbice
0.7347617149353027,0.8016524314880371,3.6505628031591186e-07,0.740785539150238,0.709116518497467,0.0036550883669406176,0.714165449142456,0.6228142380714417,-0.01791195198893547,0.6591007113456726,0.5876984596252441,-0.038959890604019165,0.6145750880241394,0.5775953531265259,-0.06314368546009064,0.7375505566596985,0.5973364114761353,-0.0790715143084526,0.689489483833313,0.4965973496437073,-0.11203207820653915,0.6647071838378906,0.4391527771949768,-0.13131698966026306,0.6435587406158447,0.3921474516391754,-0.143674835562706,0.7130181193351746,0.6474198698997498,-0.09398500621318817,0.6554303169250488,0.5357712507247925,-0.12381192296743393,0.620703399181366,0.4724128842353821,-0.13277819752693176,0.5913535952568054,0.42652639746665955,-0.14205291867256165,0.6806327104568481,0.6945359110832214,-0.10259448736906052,0.6082029938697815,0.5816172361373901,-0.11913472414016724,0.6180832386016846,0.5955398678779602,-0.09940051287412643,0.6372891664505005,0.6241505146026611,-0.08561429381370544,0.6482080221176147,0.7354496121406555,-0.11041273176670074,0.5973068475723267,0.6406853199005127,-0.1184392049908638,0.6077397465705872,0.6439900398254395,-0.099848672747612,0.6263979077339172,0.6648176312446594,-0.08543497323989868,forbice
0.733730137348175,0.8157203197479248,3.748897938748996e-07,0.7524828910827637,0.7237085700035095,-0.0022270618937909603,0.7293535470962524,0.6316803097724915,-0.020812049508094788,0.6737755537033081,0.5790956020355225,-0.0369836688041687,0.6290574669837952,0.5528236031532288,-0.05454842001199722,0.7568344473838806,0.6237015724182129,-0.07053874433040619,0.7213836908340454,0.5087347030639648,-0.09896732121706009,0.7012845277786255,0.4458702802658081,-0.1123676523566246,0.6836820244789124,0.3936219811439514,-0.11965802311897278,0.720978856086731,0.6598080992698669,-0.07946573942899704,0.6766154766082764,0.5381585955619812,-0.10631503909826279,0.6462557315826416,0.4703017473220825,-0.11215130984783173,0.6210566759109497,0.4195670485496521,-0.1175360307097435,0.682126522064209,0.6916203498840332,-0.08333703130483627,0.6317571401596069,0.570621132850647,-0.10179093480110168,0.6413218975067139,0.5788583159446716,-0.08652234822511673,0.6561364531517029,0.6072728037834167,-0.07303576916456223,0.6458455324172974,0.7186214327812195,-0.08649084717035294,0.612237811088562,0.6184180378913879,-0.09516305476427078,0.6240299940109253,0.6210010051727295,-0.08029215037822723,0.639086127281189,0.6437453627586365,-0.06720494478940964,forbice
0.7274883389472961,0.8191937804222107,3.941566717458045e-07,0.7563291192054749,0.7342019081115723,-0.005720293149352074,0.7393234372138977,0.6417734622955322,-0.02479287050664425,0.687384307384491,0.5800369381904602,-0.04071531444787979,0.6444622278213501,0.5430557727813721,-0.057692546397447586,0.765158474445343,0.6384504437446594,-0.07095645368099213,0.7390463948249817,0.5179886221885681,-0.0989559218287468,0.7235609292984009,0.45274314284324646,-0.11122544854879379,0.7102263569831848,0.3994145095348358,-0.11729472875595093,0.7251211404800415,0.6659724116325378,-0.07751315087080002,0.6868695020675659,0.5365699529647827,-0.10318026691675186,0.6615550518035889,0.46609699726104736,-0.1072690412402153,0.6416386365890503,0.4146476984024048,-0.11100797355175018,0.6834877133369446,0.690483808517456,-0.07949410378932953,0.6420271396636963,0.5650496482849121,-0.0976894199848175,0.6534624099731445,0.5747290253639221,-0.0820249542593956,0.6675955057144165,0.6044975519180298,-0.06817474961280823,0.6452597379684448,0.712479829788208,-0.08100740611553192,0.6214271187782288,0.6118183135986328,-0.0900702103972435,0.6345177292823792,0.6186540126800537,-0.07514309138059616,0.6478722095489502,0.6429710984230042,-0.06180886924266815,forbice
0.7249263525009155,0.8261382579803467,4.132599826789374e-07,0.7615797519683838,0.7459120750427246,-0.006321255583316088,0.7502438426017761,0.6518685221672058,-0.025941787287592888,0.701880156993866,0.5848416686058044,-0.042180996388196945,0.6622908115386963,0.5425021052360535,-0.05946722626686096,0.775355875492096,0.654638946056366,-0.07430509477853775,0.7592984437942505,0.528325617313385,-0.10296979546546936,0.7482977509498596,0.46073073148727417,-0.11508393287658691,0.738516092300415,0.405745267868042,-0.12097548693418503,0.7319833636283875,0.6766152381896973,-0.08034738898277283,0.7019301056861877,0.5390031337738037,-0.10616698861122131,0.6828558444976807,0.4650207757949829,-0.10929017513990402,0.6671245098114014,0.4119097590446472,-0.11257593333721161,0.6872908473014832,0.694961428642273,-0.08171916007995605,0.6557857990264893,0.5585781335830688,-0.09889983385801315,0.6703033447265625,0.5688245892524719,-0.08157616853713989,0.6831032037734985,0.6014952063560486,-0.06705807149410248,0.6462870240211487,0.7104101777076721,-0.08277756720781326,0.6319057941436768,0.6000849604606628,-0.09171872586011887,0.646645188331604,0.6072458624839783,-0.07622046768665314,0.6577561497688293,0.6338809132575989,-0.06263164430856705,forbice
0.7228394150733948,0.818836510181427,4.2708632008725544e-07,0.7603520750999451,0.7411397099494934,-0.004275816027075052,0.7533954381942749,0.6467220783233643,-0.022027114406228065,0.7071758508682251,0.5767725706100464,-0.036803971976041794,0.6696063280105591,0.5321287512779236,-0.052401527762413025,0.7768777012825012,0.6450366973876953,-0.06898350268602371,0.7653425931930542,0.5143953561782837,-0.09655346721410751,0.7572247385978699,0.4466695487499237,-0.1087692528963089,0.7500494122505188,0.39138180017471313,-0.1148952916264534,0.7328013777732849,0.6627698540687561,-0.07477020472288132,0.7101527452468872,0.5226829051971436,-0.09815938025712967,0.6937605142593384,0.4495006799697876,-0.10126803815364838,0.6794723868370056,0.3960089683532715,-0.10494745522737503,0.6879991292953491,0.6774812340736389,-0.07598619908094406,0.6619817018508911,0.5384404063224792,-0.09037362039089203,0.67548006772995,0.5500280857086182,-0.07392614334821701,0.687305748462677,0.5824550986289978,-0.06078178435564041,0.6475688219070435,0.689751923084259,-0.07685934007167816,0.6384569406509399,0.5822312831878662,-0.0836329236626625,0.6523778438568115,0.588747501373291,-0.06901977211236954,0.6632596254348755,0.6124517321586609,-0.056545574218034744,forbice
0.7244412302970886,0.8114275336265564,4.0084279362417874e-07,0.761306643486023,0.7290529012680054,6.193270564835984e-06,0.7554196119308472,0.6344820857048035,-0.018100731074810028,0.7090482711791992,0.5661930441856384,-0.034008849412202835,0.670927882194519,0.5242564678192139,-0.05111019313335419,0.7820031642913818,0.6352128386497498,-0.0703306794166565,0.7704007625579834,0.5071076154708862,-0.10016503930091858,0.762793242931366,0.4378499686717987,-0.11476694047451019,0.7556570768356323,0.3812529146671295,-0.12269116193056107,0.7392137050628662,0.6555994153022766,-0.0793469026684761,0.7188077569007874,0.5170814990997314,-0.10535814613103867,0.7008919715881348,0.4424155354499817,-0.11013276875019073,0.6848074197769165,0.3879489302635193,-0.1150839552283287,0.6939353346824646,0.6717172265052795,-0.08309371769428253,0.6680829524993896,0.5335606336593628,-0.09757261723279953,0.6777942180633545,0.5459255576133728,-0.0786687582731247,0.6879995465278625,0.5782037377357483,-0.06390747427940369,0.6522136330604553,0.6852198839187622,-0.08626630157232285,0.6416311264038086,0.5757791996002197,-0.09097768366336823,0.6528470516204834,0.5825868248939514,-0.07323544472455978,0.6622459292411804,0.6072325110435486,-0.05874542519450188,forbice
0.7291203737258911,0.8061481714248657,2.806275745115272e-07,0.7340371012687683,0.7046706080436707,0.035414546728134155,0.7268060445785522,0.6331020593643188,0.02168148383498192,0.6943279504776001,0.584234356880188,0.0010553699685260653,0.661812961101532,0.5582682490348816,-0.021381542086601257,0.7650933861732483,0.5869007706642151,-0.05093000829219818,0.7446931600570679,0.4786372184753418,-0.08291751146316528,0.7355301380157471,0.413519024848938,-0.1041589006781578,0.724860668182373,0.36233842372894287,-0.11977067589759827,0.7523168921470642,0.6267967820167542,-0.08150825649499893,0.7208262085914612,0.5025137662887573,-0.12075775116682053,0.6925976872444153,0.4314776062965393,-0.13684163987636566,0.6704062819480896,0.38191425800323486,-0.1500362902879715,0.7221137285232544,0.6623985171318054,-0.10266491025686264,0.6560339331626892,0.5493860244750977,-0.11064700782299042,0.6362245678901672,0.5702503323554993,-0.07849730551242828,0.6405168175697327,0.5957564115524292,-0.05877222120761871,0.6885784864425659,0.6913149952888489,-0.12194062024354935,0.6320473551750183,0.6064425110816956,-0.11632838845252991,0.6244370341300964,0.6170929670333862,-0.08795624226331711,0.6352778673171997,0.6338456869125366,-0.06815621256828308,forbice
0.7181026935577393,0.8071056604385376,2.549125781570183e-07,0.6588830947875977,0.7204395532608032,-0.005220021586865187,0.6364618539810181,0.6428794860839844,-0.019482512027025223,0.6266072988510132,0.5857734084129333,-0.03803661838173866,0.6340504884719849,0.5483253598213196,-0.05544160678982735,0.7262975573539734,0.566897451877594,-0.019031498581171036,0.6954721808433533,0.4795127511024475,-0.04302462190389633,0.6774261593818665,0.4213942885398865,-0.05864045023918152,0.6631221771240234,0.3746066093444824,-0.07045525312423706,0.7455169558525085,0.5893805027008057,-0.03645686060190201,0.7054778933525085,0.47675687074661255,-0.07440757006406784,0.6739974021911621,0.41274702548980713,-0.09642686694860458,0.6558716297149658,0.3664766550064087,-0.10838251560926437,0.7455500364303589,0.624324381351471,-0.05357502028346062,0.6734559535980225,0.5440429449081421,-0.09168905019760132,0.6406476497650146,0.5844408273696899,-0.08416532725095749,0.6367762684822083,0.6201796531677246,-0.06920821964740753,0.7276105284690857,0.6641935110092163,-0.07137701660394669,0.6608744263648987,0.6006326079368591,-0.09460020810365677,0.6367039680480957,0.62656569480896,-0.08484207838773727,0.6355926394462585,0.6562947034835815,-0.0718485563993454,forbice
0.718647837638855,0.8043588399887085,2.279448807485096e-07,0.6590589880943298,0.7199113965034485,-0.008456483483314514,0.6357427835464478,0.642645537853241,-0.023815056309103966,0.626909077167511,0.5847648978233337,-0.04307232424616814,0.6360738277435303,0.5457541942596436,-0.06114788353443146,0.7241372466087341,0.5641915202140808,-0.019667627289891243,0.6937214136123657,0.47545528411865234,-0.04513690620660782,0.6751521229743958,0.4165602922439575,-0.06220437213778496,0.6608049273490906,0.3701481521129608,-0.07451963424682617,0.744240939617157,0.5855143666267395,-0.035837117582559586,0.7039622068405151,0.4748225212097168,-0.07442766427993774,0.6706910729408264,0.4128875136375427,-0.09660804271697998,0.6509815454483032,0.3674815595149994,-0.10797200351953506,0.7474564909934998,0.6193897724151611,-0.05230141058564186,0.6750200390815735,0.5443993210792542,-0.09249235689640045,0.639614999294281,0.5868757963180542,-0.08670002967119217,0.633266270160675,0.6253263354301453,-0.07213222980499268,0.7321999073028564,0.6585865020751953,-0.06966125965118408,0.6657410860061646,0.6009728312492371,-0.09467313438653946,0.6399875283241272,0.6278331279754639,-0.08559862524271011,0.6379633545875549,0.6581301689147949,-0.0723978653550148,forbice
0.7218940854072571,0.8043803572654724,2.1960562435197062e-07,0.6634095907211304,0.7178778052330017,-0.008532923646271229,0.6402341723442078,0.6410794258117676,-0.023536527529358864,0.6327285766601562,0.5842797756195068,-0.042503390461206436,0.6445926427841187,0.5461145043373108,-0.06026352569460869,0.7285786867141724,0.5649538636207581,-0.018535969778895378,0.6978161931037903,0.4774203300476074,-0.044747669249773026,0.6786265969276428,0.41860365867614746,-0.06249336898326874,0.6641899347305298,0.3717081546783447,-0.07508102804422379,0.7493158578872681,0.5864139795303345,-0.03500394523143768,0.7122406363487244,0.47602829337120056,-0.07292068004608154,0.6802648305892944,0.4144507646560669,-0.09451673179864883,0.661616325378418,0.3681677579879761,-0.10540172457695007,0.7537397146224976,0.62022465467453,-0.05208558961749077,0.6857976317405701,0.5454872846603394,-0.09270225465297699,0.6486803293228149,0.5877978205680847,-0.08777285367250443,0.640245258808136,0.6268883943557739,-0.07358548045158386,0.7390779852867126,0.6598109006881714,-0.07005331665277481,0.6756554841995239,0.6032025218009949,-0.09571970999240875,0.6475964188575745,0.6296101808547974,-0.08705116808414459,0.6431809067726135,0.6602894067764282,-0.07396533340215683,forbice
0.7193809151649475,0.8040042519569397,2.0019722057895706e-07,0.6639536023139954,0.7238842844963074,-0.008826421573758125,0.6401085257530212,0.6441258192062378,-0.020570533350110054,0.6374765038490295,0.5872387886047363,-0.03676125407218933,0.6550829410552979,0.5492835640907288,-0.051441602408885956,0.710106372833252,0.55890291929245,-0.010142828337848186,0.680695116519928,0.47312963008880615,-0.03563326969742775,0.6639482975006104,0.4172998070716858,-0.053160641342401505,0.6538578867912292,0.37069380283355713,-0.0646703913807869,0.7369050979614258,0.5745700001716614,-0.026245009154081345,0.7079277038574219,0.4710727035999298,-0.057984139770269394,0.680423378944397,0.4107154607772827,-0.07671984285116196,0.6653196215629578,0.36412525177001953,-0.08575049042701721,0.7527099251747131,0.6083821058273315,-0.044197648763656616,0.6965299844741821,0.5441044569015503,-0.08279677480459213,0.6595854759216309,0.5898435115814209,-0.08159688860177994,0.6500234603881836,0.6323584914207458,-0.06982061266899109,0.7494295239448547,0.6536148190498352,-0.06310639530420303,0.6919832825660706,0.6061006188392639,-0.08864250779151917,0.6608887314796448,0.6330223083496094,-0.08191065490245819,0.6537474989891052,0.665029764175415,-0.07009437680244446,forbice
0.7208185195922852,0.8109928369522095,3.8072485608608986e-07,0.6659361720085144,0.7504194378852844,-0.021077264100313187,0.6412631273269653,0.6717668175697327,-0.034333646297454834,0.6565921306610107,0.6099213361740112,-0.05140315368771553,0.689602792263031,0.5709412693977356,-0.06681717932224274,0.6788375377655029,0.5724720358848572,-0.007058902643620968,0.6592098474502563,0.47901496291160583,-0.031183574348688126,0.6461045145988464,0.41964292526245117,-0.04798923805356026,0.6385268568992615,0.3685222864151001,-0.05938676372170448,0.7152859568595886,0.5767531394958496,-0.017537685111165047,0.7052372097969055,0.4726051688194275,-0.04564891383051872,0.6955404877662659,0.4079135060310364,-0.06644261628389359,0.6929261684417725,0.35341334342956543,-0.07827204465866089,0.7488749027252197,0.6036983728408813,-0.03219775855541229,0.7403023838996887,0.5407904386520386,-0.07399590313434601,0.710327684879303,0.5929964184761047,-0.08298538625240326,0.6937680244445801,0.6414734721183777,-0.07781239598989487,0.7729688286781311,0.6459848284721375,-0.048483967781066895,0.7499974966049194,0.6037097573280334,-0.07926854491233826,0.7214515209197998,0.6383420825004578,-0.08023642748594284,0.7059182524681091,0.6771779656410217,-0.07409416884183884,forbice
0.7385331988334656,0.8109700083732605,5.41976021395385e-07,0.6817666292190552,0.760212779045105,-0.031085235998034477,0.6608880162239075,0.6823397278785706,-0.04751763492822647,0.6811883449554443,0.6129736304283142,-0.06677070260047913,0.7091800570487976,0.5588523149490356,-0.08478084951639175,0.679711639881134,0.5793355107307434,-0.010351413860917091,0.6587702631950378,0.4849083125591278,-0.0369727797806263,0.6455990076065063,0.4233098328113556,-0.05737157538533211,0.6385215520858765,0.3691812753677368,-0.07177715003490448,0.7196791172027588,0.5764769315719604,-0.017210407182574272,0.7119090557098389,0.47090214490890503,-0.04939563572406769,0.7045811414718628,0.40336528420448303,-0.07634583115577698,0.7027950882911682,0.34570786356925964,-0.09304345399141312,0.7556900382041931,0.5966011881828308,-0.02947419323027134,0.7590212225914001,0.5250400304794312,-0.07614482194185257,0.7357462048530579,0.5859259366989136,-0.0909506306052208,0.721479058265686,0.6412116289138794,-0.08962280303239822,0.7865738868713379,0.6303461194038391,-0.04407532885670662,0.7757532596588135,0.5876824855804443,-0.08069219440221786,0.7545866370201111,0.6279520988464355,-0.08679644018411636,0.740570604801178,0.6708308458328247,-0.08411670476198196,forbice
0.7553755044937134,0.8151575326919556,5.257406314740365e-07,0.6969666481018066,0.7737830877304077,-0.03181635960936546,0.6718907356262207,0.6976837515830994,-0.04809705540537834,0.6891719698905945,0.6242486238479614,-0.0665847510099411,0.7122349739074707,0.5662951469421387,-0.08338520675897598,0.677746593952179,0.5893957018852234,-0.013818548060953617,0.6479977369308472,0.49627983570098877,-0.04028674587607384,0.6306179761886597,0.4338493347167969,-0.06005988270044327,0.6198170781135559,0.37854713201522827,-0.07446540892124176,0.7196593880653381,0.5794486403465271,-0.019904576241970062,0.7047353386878967,0.47181373834609985,-0.051778778433799744,0.6944254636764526,0.40514224767684937,-0.07766338437795639,0.6895633935928345,0.3461766242980957,-0.0939757451415062,0.7585729360580444,0.5956812500953674,-0.031065108254551888,0.758185625076294,0.5185573697090149,-0.07707160711288452,0.7427360415458679,0.5821254849433899,-0.08916955441236496,0.7339618802070618,0.6387256383895874,-0.0864555686712265,0.7938777804374695,0.6287764310836792,-0.044683948159217834,0.7845396399497986,0.5809048414230347,-0.08181480318307877,0.7664456367492676,0.623711109161377,-0.08705536276102066,0.7537943720817566,0.6687532067298889,-0.08385443687438965,forbice
0.7688809633255005,0.8101596832275391,4.742126975543215e-07,0.7100974321365356,0.7809502482414246,-0.031863968819379807,0.6739723682403564,0.7081689834594727,-0.04862853139638901,0.6836037635803223,0.6319633722305298,-0.06704849004745483,0.7045670747756958,0.5699664354324341,-0.08316667377948761,0.6634200811386108,0.5883256196975708,-0.015338416211307049,0.6197576522827148,0.5013716220855713,-0.04099685326218605,0.5931724309921265,0.44406968355178833,-0.0588100291788578,0.5745726823806763,0.3942243456840515,-0.07129853218793869,0.7042730450630188,0.5713140368461609,-0.020668642595410347,0.6745825409889221,0.4665296673774719,-0.05207798257470131,0.6535871028900146,0.4047880172729492,-0.07525108754634857,0.6390818953514099,0.3511224687099457,-0.08847329765558243,0.7461118698120117,0.5813016891479492,-0.030847618356347084,0.7393373250961304,0.5042621493339539,-0.07641353458166122,0.7335591912269592,0.5755065679550171,-0.08488607406616211,0.7314897775650024,0.6353394389152527,-0.07886642962694168,0.7867435216903687,0.6086821556091309,-0.043482717126607895,0.7735803723335266,0.5632565021514893,-0.0800183042883873,0.7621933817863464,0.6130699515342712,-0.082660973072052,0.7556623220443726,0.6601084470748901,-0.07679976522922516,forbice
0.7870174050331116,0.7993836402893066,4.473548358419066e-07,0.7244084477424622,0.7853317260742188,-0.0316787026822567,0.6778475642204285,0.7234204411506653,-0.04730600491166115,0.6767103672027588,0.6428987979888916,-0.06499087810516357,0.687187135219574,0.5728950500488281,-0.08022109419107437,0.6476571559906006,0.6005308628082275,-0.007204208057373762,0.5936566591262817,0.5312073826789856,-0.030219312757253647,0.5592272281646729,0.48681288957595825,-0.04675627499818802,0.5329278111457825,0.44481703639030457,-0.05875483527779579,0.6857056021690369,0.5729532837867737,-0.013169926591217518,0.639743447303772,0.4789160490036011,-0.042340412735939026,0.6106924414634705,0.4249546229839325,-0.06510843336582184,0.5893629789352417,0.3755831718444824,-0.07825567573308945,0.7291329503059387,0.573580801486969,-0.02465127222239971,0.7127115726470947,0.49882757663726807,-0.07235538959503174,0.7197627425193787,0.5751748085021973,-0.08297958970069885,0.728175938129425,0.6373441219329834,-0.07768417149782181,0.7741219997406006,0.59201580286026,-0.03836186230182648,0.7551374435424805,0.5513356328010559,-0.07798462361097336,0.7530099749565125,0.6092029213905334,-0.08213526755571365,0.755025327205658,0.6608991622924805,-0.07694537192583084,forbice
0.7955020666122437,0.7868421077728271,4.261094943558419e-07,0.7320854067802429,0.7894078493118286,-0.0327700674533844,0.6754283905029297,0.7372991442680359,-0.048174526542425156,0.6628340482711792,0.6577401161193848,-0.06493320316076279,0.6621354222297668,0.5853472948074341,-0.07933390140533447,0.6310166120529175,0.6197543144226074,-0.011147485114634037,0.5637036561965942,0.5628288984298706,-0.035131752490997314,0.5200420022010803,0.525509774684906,-0.05155915766954422,0.48628997802734375,0.4875101149082184,-0.06339108198881149,0.6650042533874512,0.584415853023529,-0.016724195331335068,0.6030891537666321,0.5000595450401306,-0.046058107167482376,0.5674164891242981,0.45259761810302734,-0.06778161227703094,0.5414893627166748,0.404372900724411,-0.08018607646226883,0.7086389064788818,0.5760505795478821,-0.027752678841352463,0.6810333728790283,0.5094270706176758,-0.07572481781244278,0.694711446762085,0.585046112537384,-0.08594491332769394,0.7095197439193726,0.6418365240097046,-0.08054599910974503,0.7553310394287109,0.5856090784072876,-0.041057176887989044,0.7279189825057983,0.5564767718315125,-0.08058338612318039,0.7303109169006348,0.6156927943229675,-0.0844959020614624,0.7379607558250427,0.6630293130874634,-0.07942981272935867,forbice
0.8128035664558411,0.7719246745109558,4.191335278846964e-07,0.751422107219696,0.7927526235580444,-0.033484671264886856,0.6863177418708801,0.7616991996765137,-0.05074625089764595,0.6610867381095886,0.6902195811271667,-0.06961995363235474,0.6513405442237854,0.6192126870155334,-0.08608797937631607,0.6226910948753357,0.6487470269203186,-0.013769066892564297,0.5511753559112549,0.6096557974815369,-0.040475938469171524,0.5047265291213989,0.5852430462837219,-0.05880352109670639,0.46734803915023804,0.558364987373352,-0.07180000841617584,0.6508771181106567,0.6049559116363525,-0.02098279446363449,0.5742858052253723,0.5411967635154724,-0.05343567207455635,0.5285171270370483,0.5074923038482666,-0.07660079002380371,0.49172335863113403,0.46923649311065674,-0.08954191207885742,0.6942360401153564,0.5850541591644287,-0.033772051334381104,0.6536582112312317,0.5308001041412354,-0.08511409163475037,0.6797285079956055,0.6070182919502258,-0.09520436823368073,0.7025739550590515,0.6604053974151611,-0.08877981454133987,0.7436469793319702,0.5841295719146729,-0.048878319561481476,0.7103599905967712,0.5686562061309814,-0.09046381711959839,0.7208460569381714,0.6298015117645264,-0.09429211169481277,0.7343364953994751,0.6742533445358276,-0.08869463205337524,forbice
0.8277796506881714,0.7620299458503723,3.356946933763538e-07,0.7700858116149902,0.7925393581390381,-0.02864990569651127,0.7001945376396179,0.7748027443885803,-0.043367672711610794,0.6673280000686646,0.7078915238380432,-0.06003070995211601,0.6503304839134216,0.6426193714141846,-0.07535682618618011,0.6269986629486084,0.6748267412185669,-0.015354879200458527,0.546576738357544,0.6548852324485779,-0.04011927545070648,0.4955248534679413,0.6418192982673645,-0.05641203746199608,0.45270782709121704,0.6239545941352844,-0.06837620586156845,0.6500201225280762,0.6261054277420044,-0.02396439202129841,0.5647108554840088,0.5760883092880249,-0.053153615444898605,0.5164905190467834,0.5532069206237793,-0.07229192554950714,0.4778965711593628,0.5263041853904724,-0.08281832188367844,0.6910990476608276,0.5975032448768616,-0.03730207309126854,0.6381602883338928,0.5549653768539429,-0.08684506267309189,0.6709010004997253,0.6252803802490234,-0.09531211853027344,0.7007463574409485,0.6740548014640808,-0.08858814835548401,0.7411797046661377,0.5862926244735718,-0.05235318839550018,0.70177161693573,0.5804257988929749,-0.09472144395112991,0.720475971698761,0.6417713165283203,-0.09799232333898544,0.7419120073318481,0.6842772960662842,-0.09212420135736465,forbice
0.842253565788269,0.7479283809661865,3.3029547807927884e-07,0.7954156398773193,0.7951024770736694,-0.03503470867872238,0.7303463220596313,0.8021466732025146,-0.05517605319619179,0.6873093843460083,0.7455375790596008,-0.07624247670173645,0.6563217043876648,0.6856415867805481,-0.09572265297174454,0.6348315477371216,0.7098344564437866,-0.0241831187158823,0.554155707359314,0.7078945636749268,-0.052691757678985596,0.5023787021636963,0.7075781226158142,-0.07178429514169693,0.4573249816894531,0.7006563544273376,-0.08562027662992477,0.6500253081321716,0.6545817255973816,-0.031513847410678864,0.5574204921722412,0.6264927983283997,-0.06419883668422699,0.5045198798179626,0.6190338134765625,-0.08491693437099457,0.45997169613838196,0.6072418093681335,-0.09650502353906631,0.6858595013618469,0.6158667802810669,-0.0439363531768322,0.6242363452911377,0.5871686339378357,-0.09627967327833176,0.6683427691459656,0.6490967273712158,-0.10351039469242096,0.7053577899932861,0.6916868686676025,-0.09561345726251602,0.7337580919265747,0.5918433666229248,-0.05858326703310013,0.6898151636123657,0.5988003015518188,-0.10225486010313034,0.7185150980949402,0.655198335647583,-0.10416699200868607,0.7475263476371765,0.6930359601974487,-0.09702789783477783,forbice
0.842777669429779,0.7316020727157593,3.2548882700211834e-07,0.7932296991348267,0.7874395251274109,-0.031526852399110794,0.7247347235679626,0.7993283271789551,-0.04814323037862778,0.6760833263397217,0.7487511038780212,-0.06639919430017471,0.6390869617462158,0.6923085451126099,-0.08356612175703049,0.6269534230232239,0.723602831363678,-0.015852689743041992,0.5483344197273254,0.731609046459198,-0.04178683087229729,0.4986324906349182,0.7390782833099365,-0.059892620891332626,0.45413994789123535,0.7402913570404053,-0.07284558564424515,0.6382919549942017,0.6655325889587402,-0.024209167808294296,0.5461294054985046,0.6479986906051636,-0.05387292429804802,0.49367186427116394,0.6491894721984863,-0.0739252120256424,0.44943422079086304,0.6463990211486816,-0.08502645790576935,0.6718656420707703,0.6215662956237793,-0.037885233759880066,0.6063368916511536,0.6032732725143433,-0.08915068209171295,0.6520129442214966,0.6554959416389465,-0.09976129978895187,0.6929888129234314,0.6901924014091492,-0.09417128562927246,0.718208909034729,0.5911368131637573,-0.05328201875090599,0.6722225546836853,0.6032165288925171,-0.0959133505821228,0.702416718006134,0.655116081237793,-0.09902436286211014,0.7346276044845581,0.688549280166626,-0.09302288293838501,forbice
0.8445309400558472,0.6716243624687195,3.6190232322041993e-07,0.79900723695755,0.738298237323761,-0.03328095003962517,0.7359054088592529,0.7645582556724548,-0.0542173869907856,0.6826717257499695,0.7332170605659485,-0.07813561707735062,0.6367966532707214,0.6917919516563416,-0.10012678802013397,0.6295797824859619,0.7213322520256042,-0.016928648576140404,0.5499857664108276,0.7538357377052307,-0.04686363413929939,0.4995821416378021,0.7781602144241333,-0.06844818592071533,0.45454877614974976,0.792799711227417,-0.08333734422922134,0.6322168707847595,0.6648532152175903,-0.026581035926938057,0.5394099354743958,0.6772352457046509,-0.060370609164237976,0.48432090878486633,0.6936716437339783,-0.08457168191671371,0.4381580352783203,0.7020611763000488,-0.09865833073854446,0.6567766070365906,0.6135171055793762,-0.04200029373168945,0.5937942266464233,0.6161499619483948,-0.09257596731185913,0.6448025107383728,0.6555159091949463,-0.10271074622869492,0.6903699040412903,0.6798051595687866,-0.09718454629182816,0.6950387358665466,0.570639967918396,-0.060015719383955,0.6457245349884033,0.5878920555114746,-0.0980483740568161,0.679462730884552,0.6317000985145569,-0.09889327734708786,0.7164891958236694,0.6617711186408997,-0.09214229881763458,forbice
0.8459967374801636,0.6091089844703674,4.5324878783503664e-07,0.8188550472259521,0.6861169338226318,-0.046868205070495605,0.7672205567359924,0.7338665127754211,-0.07721110433340073,0.7161740064620972,0.7268593311309814,-0.10852555930614471,0.6656069159507751,0.6986339688301086,-0.13768266141414642,0.6457540988922119,0.7172321081161499,-0.03647775575518608,0.572389543056488,0.7711746692657471,-0.0754523053765297,0.523990273475647,0.8101252913475037,-0.10431404411792755,0.4787328839302063,0.8375046253204346,-0.12501561641693115,0.6389936208724976,0.6606703996658325,-0.043110571801662445,0.5507311224937439,0.698918879032135,-0.08726290613412857,0.4971007704734802,0.7289398908615112,-0.12039075046777725,0.4489036798477173,0.7505161762237549,-0.1412908285856247,0.6553605198860168,0.6027743816375732,-0.0561649426817894,0.5978081226348877,0.6198399662971497,-0.11627082526683807,0.6513252258300781,0.6478210687637329,-0.13419829308986664,0.6984965801239014,0.6663445830345154,-0.13367503881454468,0.6865531802177429,0.5508461594581604,-0.07255007326602936,0.6435311436653137,0.5813540816307068,-0.11908973753452301,0.6804878115653992,0.6193355917930603,-0.12641800940036774,0.7209375500679016,0.647720456123352,-0.12409979850053787,forbice
0.8471166491508484,0.5956547856330872,4.891618345936877e-07,0.8214269876480103,0.6758701205253601,-0.04740200936794281,0.7659454345703125,0.7284241914749146,-0.07691946625709534,0.7117672562599182,0.7241567969322205,-0.1075441837310791,0.6610368490219116,0.6917722225189209,-0.1356261521577835,0.643528401851654,0.7165420055389404,-0.031943146139383316,0.5735058188438416,0.7735509276390076,-0.0696200579404831,0.5269150137901306,0.8148162364959717,-0.09806965291500092,0.48395836353302,0.8440103530883789,-0.11870446801185608,0.636904239654541,0.6587197184562683,-0.03815722465515137,0.5536079406738281,0.6984750628471375,-0.08151786774396896,0.5015967488288879,0.7327126264572144,-0.11461096256971359,0.4540606737136841,0.7570079565048218,-0.1356198936700821,0.6538064479827881,0.5989242196083069,-0.05126726254820824,0.5952131152153015,0.6179358959197998,-0.11181803047657013,0.6521321535110474,0.645466148853302,-0.1301371306180954,0.7012975215911865,0.6620000004768372,-0.12951606512069702,0.6867643594741821,0.5449594259262085,-0.06776340305805206,0.6444535255432129,0.57664954662323,-0.11570029705762863,0.6828997135162354,0.615060031414032,-0.12451707571744919,0.7245736122131348,0.6431232690811157,-0.12289208173751831,forbice
0.8479674458503723,0.6167038679122925,4.909642257189262e-07,0.8062155842781067,0.6854214668273926,-0.036881398409605026,0.7456594109535217,0.7166770100593567,-0.06075120344758034,0.6969505548477173,0.6864843964576721,-0.0865817442536354,0.6575058102607727,0.6431226134300232,-0.11085522919893265,0.6255133152008057,0.6673657894134521,-0.024834124371409416,0.5467371940612793,0.6905807852745056,-0.056420497596263885,0.4946650266647339,0.7084044218063354,-0.07998421043157578,0.447698712348938,0.7150558829307556,-0.09700831025838852,0.6317014694213867,0.6111781001091003,-0.03347432240843773,0.5461483597755432,0.6272451281547546,-0.07025182992219925,0.4923258125782013,0.6385747790336609,-0.09830775111913681,0.44411998987197876,0.6396859884262085,-0.11579830944538116,0.6587338447570801,0.5577986836433411,-0.04764770716428757,0.601880669593811,0.5553447604179382,-0.10335326939821243,0.6510868072509766,0.5945532917976379,-0.12060045450925827,0.6951539516448975,0.6222184300422668,-0.1196746751666069,0.6996414661407471,0.5124240517616272,-0.0640065148472786,0.6568626761436462,0.5330954194068909,-0.10970181971788406,0.6915268301963806,0.5750912427902222,-0.11721446365118027,0.7289201021194458,0.6065879464149475,-0.11441747099161148,forbice
0.8407472968101501,0.7198261618614197,6.642455332439567e-07,0.7812994718551636,0.7686336636543274,-0.04793558642268181,0.7100328207015991,0.7634174227714539,-0.07471299916505814,0.6765242218971252,0.6917617321014404,-0.10100965201854706,0.6621826887130737,0.6160066723823547,-0.12517642974853516,0.6277448534965515,0.6474383473396301,-0.03457827866077423,0.5474392175674438,0.6161549687385559,-0.07091298699378967,0.49393168091773987,0.5937857031822205,-0.09511769562959671,0.45169147849082947,0.5663971900939941,-0.11170396208763123,0.652673065662384,0.5903937220573425,-0.03975396230816841,0.562199056148529,0.5435782074928284,-0.08093578368425369,0.5087195634841919,0.5181945562362671,-0.10631998628377914,0.46537625789642334,0.487506628036499,-0.11947996914386749,0.6986474990844727,0.5530412793159485,-0.0517035610973835,0.6454808712005615,0.5196041464805603,-0.11437150835990906,0.6882360577583313,0.5956075191497803,-0.12438274919986725,0.7225669026374817,0.6438506245613098,-0.1151072308421135,0.7552960515022278,0.5341059565544128,-0.06689046323299408,0.7176539301872253,0.5362866520881653,-0.11836318671703339,0.7423648834228516,0.6029806137084961,-0.122477687895298,0.7652058601379395,0.6455174088478088,-0.11495237797498703,forbice
0.8234909772872925,0.8042816519737244,1.010467485684785e-06,0.7507831454277039,0.8404309749603271,-0.06774865835905075,0.6830841302871704,0.8137550354003906,-0.10551457107067108,0.6713311672210693,0.7349897027015686,-0.14071236550807953,0.6717195510864258,0.6497754454612732,-0.17264309525489807,0.6237680912017822,0.6541659235954285,-0.048006001859903336,0.5526095628738403,0.5827482342720032,-0.08699527382850647,0.5034339427947998,0.5340384840965271,-0.1116928979754448,0.47014206647872925,0.4865191578865051,-0.12761549651622772,0.663077712059021,0.612671434879303,-0.04677877202630043,0.5893256664276123,0.5320912599563599,-0.08993825316429138,0.5434257984161377,0.47964829206466675,-0.1152971163392067,0.5093721151351929,0.4314621686935425,-0.1276765614748001,0.7143184542655945,0.5968177318572998,-0.05541588366031647,0.6828272938728333,0.5435030460357666,-0.12553265690803528,0.7151668667793274,0.6315885782241821,-0.14547474682331085,0.7395120859146118,0.6961186528205872,-0.14114335179328918,0.7658964991569519,0.5981299877166748,-0.06886044889688492,0.7472060322761536,0.593065083026886,-0.12933818995952606,0.7614731788635254,0.6654871106147766,-0.14467257261276245,0.7719214558601379,0.719153642654419,-0.14420148730278015,forbice
0.7828065752983093,0.8455316424369812,1.0468795608176151e-06,0.7100213170051575,0.8589169979095459,-0.07025758922100067,0.6548134088516235,0.8076658248901367,-0.11164704710245132,0.6672003269195557,0.7280783653259277,-0.14928431808948517,0.6860058903694153,0.6482458710670471,-0.18479904532432556,0.6206590533256531,0.6473482847213745,-0.0683320015668869,0.5646899342536926,0.5576121807098389,-0.11503737419843674,0.5226527452468872,0.4978026747703552,-0.14612585306167603,0.4939648509025574,0.44392675161361694,-0.16731473803520203,0.666056215763092,0.6204774975776672,-0.06824672967195511,0.6123237013816833,0.5203193426132202,-0.1217157170176506,0.58275306224823,0.4497120976448059,-0.1553100198507309,0.5627086758613586,0.3849465548992157,-0.1735811084508896,0.7191342711448669,0.6214434504508972,-0.07617809623479843,0.7035921216011047,0.5654335021972656,-0.14946722984313965,0.7157700657844543,0.6587058305740356,-0.1698644459247589,0.7242416143417358,0.72402024269104,-0.16723980009555817,0.7680602669715881,0.63829106092453,-0.08915213495492935,0.7538852691650391,0.6403698921203613,-0.15108071267604828,0.7539535164833069,0.712270975112915,-0.16557884216308594,0.7536935210227966,0.7597637176513672,-0.16513565182685852,forbice
0.7369873523712158,0.9026069641113281,7.871651632740395e-07,0.6715713739395142,0.8706114292144775,-0.036058638244867325,0.631502091884613,0.7936423420906067,-0.05887236446142197,0.6574749946594238,0.7296326160430908,-0.0824301466345787,0.6924683451652527,0.681870698928833,-0.10428471118211746,0.6468344926834106,0.6427496075630188,-0.042362142354249954,0.6236456036567688,0.5274629592895508,-0.07881690561771393,0.6055095791816711,0.45345544815063477,-0.10217206925153732,0.593611478805542,0.3890256881713867,-0.11760827153921127,0.695393443107605,0.641005277633667,-0.050871096551418304,0.6775990128517151,0.5197045207023621,-0.09171463549137115,0.6671364903450012,0.4398845434188843,-0.11720190942287445,0.6633248925209045,0.36937928199768066,-0.1307210922241211,0.7425116896629333,0.6678539514541626,-0.06306043267250061,0.7392427921295166,0.6136825680732727,-0.11760812252759933,0.7191550135612488,0.7007609605789185,-0.12578131258487701,0.7061463594436646,0.7637503743171692,-0.11743377894163132,0.7810837030410767,0.7131901979446411,-0.07783143222332001,0.762557864189148,0.7064388990402222,-0.12187233567237854,0.7393113970756531,0.7670214772224426,-0.12408028542995453,0.724273681640625,0.8090444803237915,-0.11595606058835983,forbice
0.7064210176467896,0.9137073755264282,8.42113081489515e-07,0.6349204182624817,0.8210859298706055,-0.015761900693178177,0.6085191369056702,0.7380083799362183,-0.03986587002873421,0.5953469276428223,0.685371994972229,-0.06863037496805191,0.6054908037185669,0.6664136052131653,-0.09672383219003677,0.6837380528450012,0.6359347701072693,-0.04314291849732399,0.6802468299865723,0.5372921228408813,-0.08416205644607544,0.6828015446662903,0.46265628933906555,-0.11344397068023682,0.6887275576591492,0.40014514327049255,-0.13423047959804535,0.7215916514396667,0.6674357652664185,-0.06281384825706482,0.7039597034454346,0.5506283044815063,-0.11622939258813858,0.6966703534126282,0.4660097360610962,-0.15054573118686676,0.6970235705375671,0.39640727639198303,-0.17083825170993805,0.7379127740859985,0.7189768552780151,-0.08156044036149979,0.6605926752090454,0.6506715416908264,-0.12671716511249542,0.6211230754852295,0.697165310382843,-0.11373129487037659,0.614902138710022,0.732283353805542,-0.09379173815250397,0.7299439311027527,0.7800785899162292,-0.10278487950563431,0.6546756029129028,0.7273133397102356,-0.12428390979766846,0.6267224550247192,0.752219021320343,-0.10547593235969543,0.6264193058013916,0.778998076915741,-0.08598858118057251,forbice
0.7049137353897095,0.9152287840843201,7.450685757248721e-07,0.6729313731193542,0.7909769415855408,0.01983512192964554,0.6451791524887085,0.6893523931503296,-0.002731282263994217,0.5991145372390747,0.6271788477897644,-0.03194388747215271,0.5591591596603394,0.5822882056236267,-0.061034850776195526,0.7165376543998718,0.6387686133384705,-0.06211911514401436,0.702016294002533,0.5014644265174866,-0.10350623726844788,0.6954571604728699,0.41590869426727295,-0.12760810554027557,0.6890673041343689,0.34754759073257446,-0.1437443494796753,0.7170765399932861,0.6828595399856567,-0.09262870252132416,0.6824264526367188,0.533195972442627,-0.14808689057826996,0.6604870557785034,0.43846815824508667,-0.1731254905462265,0.649573802947998,0.3669835925102234,-0.18958590924739838,0.6920978426933289,0.732129693031311,-0.11516300588846207,0.6015640497207642,0.6129133701324463,-0.14530332386493683,0.560367226600647,0.6383384466171265,-0.11932845413684845,0.5550095438957214,0.6688969135284424,-0.09654287993907928,0.655839204788208,0.7784467935562134,-0.13632725179195404,0.5803404450416565,0.6791182160377502,-0.1446220874786377,0.5590610504150391,0.6870198249816895,-0.11888707429170609,0.5616634488105774,0.7086371779441833,-0.09761425852775574,forbice
0.6921066045761108,0.8645479083061218,9.022093081512139e-07,0.6997817754745483,0.7293570041656494,0.034367598593235016,0.6786388158798218,0.6325163841247559,7.304885366465896e-05,0.6154636144638062,0.5950506329536438,-0.036187995225191116,0.558687686920166,0.5638535022735596,-0.07351794838905334,0.7227319478988647,0.6210348606109619,-0.1256297528743744,0.7165504693984985,0.4944812059402466,-0.17952017486095428,0.7185115814208984,0.4103900194168091,-0.21504026651382446,0.7164958715438843,0.3403586745262146,-0.24220578372478485,0.691872775554657,0.6738874912261963,-0.15579327940940857,0.6638590097427368,0.5365254878997803,-0.2293647974729538,0.6473118662834167,0.4393802285194397,-0.25612834095954895,0.6342458724975586,0.3699797987937927,-0.2780882716178894,0.6458292007446289,0.7203335762023926,-0.16819126904010773,0.5998409986495972,0.5887904167175293,-0.17652441561222076,0.5945996642112732,0.5973235964775085,-0.11425759643316269,0.6032201647758484,0.6227871179580688,-0.07737363874912262,0.6025140881538391,0.7555374503135681,-0.1794145256280899,0.5664452910423279,0.646146297454834,-0.1629330813884735,0.5734133720397949,0.6424317955970764,-0.11102022975683212,0.5881772041320801,0.6560426950454712,-0.07636898756027222,forbice
0.7394539713859558,0.8765215873718262,2.673859285096114e-07,0.7356564402580261,0.7691915035247803,-0.010530280880630016,0.6937898397445679,0.681982696056366,-0.041203755885362625,0.6210637092590332,0.6472681760787964,-0.06891770660877228,0.5695363879203796,0.6401705741882324,-0.10054739564657211,0.7387351989746094,0.6530556678771973,-0.09609154611825943,0.6873378157615662,0.5573113560676575,-0.13414986431598663,0.6535081267356873,0.4957812428474426,-0.1551564782857895,0.6267039179801941,0.445407509803772,-0.1689220815896988,0.7235280275344849,0.7121263742446899,-0.10637002438306808,0.6391957998275757,0.6173335909843445,-0.14543496072292328,0.5837551355361938,0.5586946606636047,-0.15778227150440216,0.5439635515213013,0.5201122760772705,-0.1688305139541626,0.6946951746940613,0.7690502405166626,-0.11093858629465103,0.592727541923523,0.6842002868652344,-0.13558675348758698,0.594936192035675,0.6959502100944519,-0.11723887175321579,0.6176576614379883,0.7197490930557251,-0.10305643826723099,0.6584871411323547,0.817965030670166,-0.11554493010044098,0.5779485702514648,0.7393323183059692,-0.127654030919075,0.5830171704292297,0.7426477670669556,-0.10990253835916519,0.6078606843948364,0.7608328461647034,-0.09573780000209808,forbice
0.7564334273338318,0.8421854376792908,3.110216368895635e-07,0.7380952835083008,0.7431747317314148,-0.01588387042284012,0.7015510201454163,0.6776326894760132,-0.05730227008461952,0.6412521600723267,0.6630015969276428,-0.09284928441047668,0.5935580730438232,0.6616830825805664,-0.13314183056354523,0.7449870705604553,0.6334435343742371,-0.1372668594121933,0.6933920979499817,0.5580175518989563,-0.19072091579437256,0.6567010879516602,0.5049145221710205,-0.22320489585399628,0.6233232617378235,0.4632052183151245,-0.2443697601556778,0.7506474256515503,0.7018067836761475,-0.14622186124324799,0.6618760824203491,0.6381166577339172,-0.2007448971271515,0.5974207520484924,0.5912411212921143,-0.2151200771331787,0.5519314408302307,0.5670186281204224,-0.22587694227695465,0.7328658699989319,0.7698943018913269,-0.1479024440050125,0.6280395984649658,0.713019609451294,-0.17789597809314728,0.5971094369888306,0.6955960988998413,-0.1515437364578247,0.597699761390686,0.6940653324127197,-0.13184063136577606,0.7020235657691956,0.8242604732513428,-0.14988011121749878,0.6127211451530457,0.7726518511772156,-0.1651037037372589,0.5987415909767151,0.7541987299919128,-0.14329223334789276,0.6161576509475708,0.7485382556915283,-0.12479723244905472,forbice
0.7643608450889587,0.8292482495307922,8.303582177404678e-08,0.7289513945579529,0.7390462160110474,-0.019039077684283257,0.6857762336730957,0.6783598065376282,-0.0525636151432991,0.6324920654296875,0.666181743144989,-0.08183447271585464,0.5928469300270081,0.6699536442756653,-0.11580093950033188,0.739463746547699,0.6362543702125549,-0.1062859520316124,0.6793177127838135,0.5737894773483276,-0.15073129534721375,0.6343050003051758,0.5365709066390991,-0.17508789896965027,0.5978160500526428,0.5057637095451355,-0.190155491232872,0.7541240453720093,0.7014213800430298,-0.11637385189533234,0.6607781052589417,0.663022518157959,-0.16239994764328003,0.5967403650283813,0.643884003162384,-0.17212608456611633,0.5552464723587036,0.633107602596283,-0.17748059332370758,0.7487168312072754,0.7729803323745728,-0.12319907546043396,0.6460065841674805,0.7537309527397156,-0.15949556231498718,0.6066867113113403,0.7409603595733643,-0.1476428359746933,0.5978149175643921,0.7336699366569519,-0.13494214415550232,0.7277352213859558,0.8375120162963867,-0.13030782341957092,0.6405984163284302,0.8123499751091003,-0.15631340444087982,0.612479031085968,0.7904940843582153,-0.14695605635643005,0.6117390394210815,0.7767253518104553,-0.13569258153438568,forbice
0.7592566013336182,0.8845321536064148,1.1230843028897652e-06,0.7020562887191772,0.7670843601226807,-0.024718649685382843,0.6489448547363281,0.702845573425293,-0.0857798308134079,0.5936750769615173,0.7127137184143066,-0.14248251914978027,0.5763543844223022,0.7453169822692871,-0.19974392652511597,0.7141185402870178,0.6718981266021729,-0.17211078107357025,0.6669729948043823,0.602161169052124,-0.24942387640476227,0.6227368712425232,0.5468122959136963,-0.2950558066368103,0.5886815786361694,0.5070237517356873,-0.3280262351036072,0.7343999743461609,0.7324268221855164,-0.189207524061203,0.6863180994987488,0.6574484705924988,-0.3009594976902008,0.6274772882461548,0.5828803777694702,-0.3505436182022095,0.5893285274505615,0.5302213430404663,-0.38108399510383606,0.7300026416778564,0.8058075308799744,-0.19465216994285583,0.6278699636459351,0.7695645689964294,-0.2532448172569275,0.6008439064025879,0.7780901789665222,-0.21570152044296265,0.6104682683944702,0.7798311710357666,-0.1831461638212204,0.712401807308197,0.8720093965530396,-0.20244687795639038,0.6184905171394348,0.8460809588432312,-0.2239186316728592,0.5981638431549072,0.8318888545036316,-0.19330543279647827,0.6069020628929138,0.8194189667701721,-0.16810303926467896,forbice
0.7615999579429626,0.8977671265602112,1.0038305617854348e-06,0.7089770436286926,0.7794793844223022,-0.015008949674665928,0.6551777124404907,0.7019951343536377,-0.060775138437747955,0.5966387987136841,0.7007453441619873,-0.10606014728546143,0.5676923990249634,0.733824610710144,-0.1531815230846405,0.7078383564949036,0.6755197644233704,-0.12837983667850494,0.6561814546585083,0.5984059572219849,-0.19183605909347534,0.6159947514533997,0.5370139479637146,-0.22854416072368622,0.5848312377929688,0.49098724126815796,-0.25507378578186035,0.7297665476799011,0.7277733683586121,-0.1495734304189682,0.6777897477149963,0.6405949592590332,-0.23559725284576416,0.6228261590003967,0.5679384469985962,-0.27333083748817444,0.5881513953208923,0.5190685391426086,-0.29691964387893677,0.7269666194915771,0.7995279431343079,-0.16289843618869781,0.6137323379516602,0.7614799737930298,-0.2114570140838623,0.5900301337242126,0.7832019329071045,-0.18098412454128265,0.6046029329299927,0.7930377125740051,-0.1534946709871292,0.7137841582298279,0.8694704174995422,-0.17802701890468597,0.6121861338615417,0.8460631966590881,-0.19689680635929108,0.5950587391853333,0.8374736309051514,-0.17286428809165955,0.6086116433143616,0.8284411430358887,-0.15303532779216766,forbice
0.7600641846656799,0.9155061841011047,9.542346788293798e-07,0.6985493898391724,0.8174334764480591,-0.011014397256076336,0.6426340341567993,0.7376532554626465,-0.04414816200733185,0.5870325565338135,0.7321494817733765,-0.07900269329547882,0.5660579800605774,0.7703439593315125,-0.11515118926763535,0.6952468752861023,0.6952749490737915,-0.08503561466932297,0.6430206894874573,0.6086804270744324,-0.13031873106956482,0.6068667769432068,0.5442519187927246,-0.15544044971466064,0.5796342492103577,0.49435368180274963,-0.173688605427742,0.7235982418060303,0.7367345690727234,-0.10538313537836075,0.6665633916854858,0.6382781267166138,-0.1638174057006836,0.6174211502075195,0.5623936057090759,-0.1920105367898941,0.5855913162231445,0.5102289915084839,-0.20948709547519684,0.7265908718109131,0.8027845621109009,-0.12108185142278671,0.6080046892166138,0.7703340649604797,-0.15957097709178925,0.5813584923744202,0.7960749864578247,-0.14005577564239502,0.5904291272163391,0.8079466819763184,-0.11880694329738617,0.7163621187210083,0.8738506436347961,-0.13796673715114594,0.6100948452949524,0.8505603671073914,-0.1530550867319107,0.5940039157867432,0.8500369191169739,-0.1343531757593155,0.6097062826156616,0.8516138195991516,-0.11781308054924011,forbice
0.7467991709709167,0.9614776968955994,7.288890060408448e-07,0.6648511290550232,0.9039974212646484,-0.020385168492794037,0.6181396245956421,0.8411192893981934,-0.049353621900081635,0.587162971496582,0.7973849773406982,-0.0827903226017952,0.588532567024231,0.7821552753448486,-0.11462538689374924,0.6548264026641846,0.7054830193519592,-0.04734209179878235,0.6064438223838806,0.6187075972557068,-0.09179645776748657,0.5758136510848999,0.5559002161026001,-0.12092404067516327,0.5557755827903748,0.503253161907196,-0.1405629813671112,0.700025200843811,0.7188507318496704,-0.06715519726276398,0.6434059143066406,0.6220846176147461,-0.12376226484775543,0.605776846408844,0.5480396747589111,-0.15918806195259094,0.5836690664291382,0.4855015277862549,-0.17891131341457367,0.7310880422592163,0.7638221979141235,-0.0870620459318161,0.6352949738502502,0.7547454833984375,-0.13965849578380585,0.6076904535293579,0.8223442435264587,-0.13434770703315735,0.6077887415885925,0.8626880049705505,-0.11754226684570312,0.7406523823738098,0.827987551689148,-0.10924787074327469,0.6519573926925659,0.8356714248657227,-0.136716827750206,0.6247126460075378,0.8735973238945007,-0.12395388633012772,0.6241522431373596,0.8957778215408325,-0.10779363662004471,forbice
0.7404731512069702,0.9600752592086792,7.655911531401216e-07,0.6537162661552429,0.9021137952804565,-0.022066056728363037,0.5971975922584534,0.8422317504882812,-0.05039940029382706,0.5643662214279175,0.7992163300514221,-0.08372405171394348,0.5824518203735352,0.7897379398345947,-0.11514763534069061,0.6339609026908875,0.703876793384552,-0.04079878330230713,0.5877823233604431,0.6173433065414429,-0.0847979411482811,0.5575483441352844,0.5554604530334473,-0.11481723934412003,0.5387799143791199,0.5025062561035156,-0.1357860267162323,0.682292640209198,0.7116633057594299,-0.06047222390770912,0.6264623999595642,0.6185941696166992,-0.11538855731487274,0.58982253074646,0.5462864637374878,-0.15171970427036285,0.5684337615966797,0.48447319865226746,-0.17256636917591095,0.7192458510398865,0.753158450126648,-0.08113224804401398,0.6295457482337952,0.7472767233848572,-0.13364480435848236,0.6068262457847595,0.8186196684837341,-0.1305091381072998,0.6087668538093567,0.8621751070022583,-0.11515709012746811,0.7349737286567688,0.817039430141449,-0.10442470759153366,0.6508423686027527,0.833975076675415,-0.13292661309242249,0.6230157017707825,0.8758980631828308,-0.1225593239068985,0.6198541522026062,0.9010883569717407,-0.10808796435594559,forbice
0.7370645403862,0.9607012867927551,7.236456553982862e-07,0.6490529775619507,0.9022350311279297,-0.018194014206528664,0.5896161794662476,0.8452115654945374,-0.04411046579480171,0.5582805275917053,0.8036623597145081,-0.0762094184756279,0.5831621885299683,0.7951630353927612,-0.10607972741127014,0.6221789717674255,0.7016438245773315,-0.03330853953957558,0.5730001330375671,0.6171354055404663,-0.07511786371469498,0.5413461923599243,0.5589138269424438,-0.10320819169282913,0.5219069719314575,0.5084881782531738,-0.12298063933849335,0.6721034646034241,0.7049891948699951,-0.05512632802128792,0.6133750677108765,0.6133025288581848,-0.10701625049114227,0.574458658695221,0.543258786201477,-0.14232942461967468,0.552230179309845,0.48338329792022705,-0.16280749440193176,0.7117935419082642,0.7435499429702759,-0.07810945063829422,0.6259312629699707,0.7415700554847717,-0.12827365100383759,0.6078280210494995,0.8180248141288757,-0.12526507675647736,0.6136942505836487,0.8634421825408936,-0.11019578576087952,0.7319213151931763,0.806128740310669,-0.10356657952070236,0.6492762565612793,0.8323898911476135,-0.13047194480895996,0.624377429485321,0.8790091276168823,-0.1204148456454277,0.6246070861816406,0.9051409959793091,-0.1061810627579689,forbice
0.743506908416748,0.9656752347946167,7.242153969855281e-07,0.6508499979972839,0.9124550819396973,-0.017501946538686752,0.58499675989151,0.8585542440414429,-0.043062373995780945,0.5515439510345459,0.8137663006782532,-0.0749901831150055,0.5833873152732849,0.7986462712287903,-0.10431411862373352,0.6135138869285583,0.7082611322402954,-0.03158976137638092,0.5595842003822327,0.6256798505783081,-0.07176321744918823,0.5262659192085266,0.570188581943512,-0.09860137850046158,0.5043222308158875,0.5219952464103699,-0.11793249100446701,0.6652880907058716,0.7063495516777039,-0.05369323492050171,0.6010335087776184,0.6158914566040039,-0.10451808571815491,0.5592867136001587,0.5475000739097595,-0.13983303308486938,0.5342273116111755,0.4893595576286316,-0.16059230268001556,0.7081505060195923,0.7408804297447205,-0.07679042965173721,0.6202273368835449,0.7427088618278503,-0.12574245035648346,0.6064416766166687,0.8228869438171387,-0.1216166615486145,0.6148251295089722,0.8701916933059692,-0.10604976117610931,0.7329790592193604,0.8009647130966187,-0.10238929092884064,0.6495832204818726,0.8347333073616028,-0.12875163555145264,0.6287723183631897,0.8857115507125854,-0.11801217496395111,0.6314579248428345,0.9141666889190674,-0.10327773541212082,forbice
0.750944972038269,0.9669682383537292,6.92333912866161e-07,0.6567507386207581,0.9175432324409485,-0.015964539721608162,0.5922451019287109,0.8628540635108948,-0.04146966338157654,0.5571164488792419,0.8233155012130737,-0.07335764169692993,0.5761528611183167,0.8084962368011475,-0.10316586494445801,0.6167760491371155,0.7139590978622437,-0.03399036079645157,0.5591017603874207,0.6332268714904785,-0.0747668668627739,0.5205474495887756,0.5790961384773254,-0.10106544196605682,0.493796169757843,0.5322126150131226,-0.11910765618085861,0.6660259366035461,0.7139514684677124,-0.05703600496053696,0.5995280146598816,0.6236827373504639,-0.10834100842475891,0.5538347363471985,0.5585089921951294,-0.14120736718177795,0.525381863117218,0.5025477409362793,-0.15940816700458527,0.7066049575805664,0.7504419684410095,-0.08098619431257248,0.6143769025802612,0.7548713088035583,-0.13236591219902039,0.6002094149589539,0.8311351537704468,-0.12949371337890625,0.6092479825019836,0.8752831816673279,-0.11385999619960785,0.729684591293335,0.8132615685462952,-0.1069180816411972,0.6454352140426636,0.8397762179374695,-0.13435640931129456,0.6222960948944092,0.8883025050163269,-0.12345010787248611,0.6239292025566101,0.9161124229431152,-0.10832498967647552,forbice
0.7691616415977478,0.9737067222595215,6.253098945308011e-07,0.685547411441803,0.9170687794685364,-0.0020501406397670507,0.6203610897064209,0.863928496837616,-0.02685164473950863,0.5650467872619629,0.851107656955719,-0.05678537115454674,0.5387871265411377,0.8565652370452881,-0.08705977350473404,0.6446412205696106,0.7514041662216187,-0.04970138520002365,0.5721412301063538,0.687213122844696,-0.08480453491210938,0.5225028991699219,0.6461765766143799,-0.10376880317926407,0.4839942753314972,0.6126664876937866,-0.11685691773891449,0.6760525107383728,0.7778921127319336,-0.07421833276748657,0.5883956551551819,0.7056068181991577,-0.1261247843503952,0.5287890434265137,0.6561280488967896,-0.1517082154750824,0.48848259449005127,0.6188755631446838,-0.16502410173416138,0.6961878538131714,0.8322880864143372,-0.09551508724689484,0.5772386789321899,0.8511704206466675,-0.13982829451560974,0.5558397769927979,0.9089445471763611,-0.13046769797801971,0.5625690221786499,0.938356339931488,-0.11325322836637497,0.7047520875930786,0.9000142216682434,-0.11671160161495209,0.6034021377563477,0.9262933731079102,-0.13729193806648254,0.5883771777153015,0.9559499025344849,-0.12223029136657715,0.6010624766349792,0.9665405750274658,-0.10628718882799149,forbice
0.7561783790588379,0.959989070892334,7.565030841760745e-07,0.677388608455658,0.9040695428848267,-0.003685776377096772,0.61687833070755,0.849645733833313,-0.03206810727715492,0.5660451054573059,0.8425189852714539,-0.06484640389680862,0.5407297611236572,0.8511666059494019,-0.09763503819704056,0.641669511795044,0.7477587461471558,-0.06448297202587128,0.5736345052719116,0.6772353649139404,-0.10409650951623917,0.5227847099304199,0.6324898600578308,-0.12427155673503876,0.4832225441932678,0.5970553755760193,-0.13854220509529114,0.6744787693023682,0.7733014822006226,-0.08991386741399765,0.5900745987892151,0.7009870409965515,-0.1504075825214386,0.5281652212142944,0.6469358801841736,-0.17852094769477844,0.4865219295024872,0.6045918464660645,-0.1931566298007965,0.6945505142211914,0.82887202501297,-0.11105483770370483,0.5771000385284424,0.8483526110649109,-0.15747983753681183,0.5530680418014526,0.9049851298332214,-0.14217853546142578,0.5582761764526367,0.930316686630249,-0.1212211549282074,0.7028645277023315,0.8970301747322083,-0.13258852064609528,0.6015162467956543,0.9240798950195312,-0.15336808562278748,0.5838069915771484,0.9517651796340942,-0.13536331057548523,0.5937330722808838,0.9589532017707825,-0.11762267351150513,forbice
0.7648665308952332,0.9597972631454468,7.190373594312405e-07,0.6839326620101929,0.906157910823822,-0.0063948906026780605,0.6186498999595642,0.8549326658248901,-0.03378426283597946,0.5649876594543457,0.8491026163101196,-0.06497956812381744,0.5439337491989136,0.8616510033607483,-0.09672633558511734,0.644275426864624,0.7498476505279541,-0.06027674674987793,0.5742588043212891,0.6821606159210205,-0.09825541079044342,0.5232344269752502,0.6384667754173279,-0.11848199367523193,0.4838729500770569,0.6026974320411682,-0.13250857591629028,0.6760255694389343,0.773733913898468,-0.08288392424583435,0.5910212993621826,0.7047720551490784,-0.13700303435325623,0.5313950181007385,0.652773380279541,-0.16349534690380096,0.4909677505493164,0.6111846566200256,-0.17771251499652863,0.6965333223342896,0.8270578384399414,-0.10206364095211029,0.5789770483970642,0.8501497507095337,-0.14715024828910828,0.5565251111984253,0.9061263203620911,-0.13803879916667938,0.5630638003349304,0.9329537749290466,-0.12132127583026886,0.7055816650390625,0.894798755645752,-0.12150858342647552,0.6039997339248657,0.9252564311027527,-0.14348509907722473,0.5878077149391174,0.9520877003669739,-0.13010039925575256,0.5991242527961731,0.959704577922821,-0.115583136677742,forbice
0.7636386156082153,0.9623897075653076,7.525420073761779e-07,0.6812169551849365,0.9051321744918823,-0.009153453633189201,0.6162577271461487,0.8531687259674072,-0.03833695128560066,0.5628864765167236,0.8492635488510132,-0.07106012105941772,0.5485543012619019,0.8678258657455444,-0.10447490960359573,0.6470792889595032,0.7510780096054077,-0.06286026537418365,0.5805794596672058,0.6847043633460999,-0.10053868591785431,0.530505359172821,0.6422703266143799,-0.12054649740457535,0.49138885736465454,0.6080689430236816,-0.13479721546173096,0.6803757548332214,0.7774209976196289,-0.0842023566365242,0.5976378321647644,0.7102408409118652,-0.13825227320194244,0.5370727181434631,0.6582825183868408,-0.16506603360176086,0.4958084523677826,0.6183942556381226,-0.17998385429382324,0.7012003064155579,0.8327264189720154,-0.10227227956056595,0.5840079188346863,0.8561498522758484,-0.14663778245449066,0.5613270998001099,0.9101507663726807,-0.13791798055171967,0.5675294995307922,0.9362165927886963,-0.12187401205301285,0.7102623581886292,0.8999619483947754,-0.1209024116396904,0.6091094017028809,0.9301035404205322,-0.14214526116847992,0.5934044122695923,0.9550462961196899,-0.12945520877838135,0.604811429977417,0.9623928070068359,-0.11587176471948624,forbice
0.7259618043899536,0.9770071506500244,3.318733661217266e-07,0.6456114649772644,0.9043146371841431,-0.010798153467476368,0.599191427230835,0.8294621109962463,-0.029680663719773293,0.5714325308799744,0.7762786746025085,-0.05084196478128433,0.5416356921195984,0.7364157438278198,-0.07250326126813889,0.672853946685791,0.7036361694335938,-0.03642027825117111,0.6214461922645569,0.6138124465942383,-0.06938966363668442,0.5880702137947083,0.5494595170021057,-0.09284592419862747,0.5667500495910645,0.495074599981308,-0.10908885300159454,0.7020682096481323,0.7206543684005737,-0.053917620331048965,0.639127254486084,0.6077298521995544,-0.08951616287231445,0.5987644195556641,0.5363295078277588,-0.1141977459192276,0.5745784044265747,0.4796152412891388,-0.13031074404716492,0.7178171277046204,0.7640116810798645,-0.07146711647510529,0.6464646458625793,0.6889123916625977,-0.11471398919820786,0.5835356712341309,0.7084683775901794,-0.12795577943325043,0.5431643128395081,0.7381723523139954,-0.12946221232414246,0.7147617340087891,0.8284915089607239,-0.08852589875459671,0.6464932560920715,0.7945711612701416,-0.12470308691263199,0.5990690588951111,0.8033818602561951,-0.13110114634037018,0.566650390625,0.8178712129592896,-0.12965822219848633,forbice
0.7310130000114441,0.9831913709640503,3.249702444918512e-07,0.6525188684463501,0.9102591276168823,-0.01089494675397873,0.6024064421653748,0.8375728130340576,-0.029665544629096985,0.5746620893478394,0.789523184299469,-0.05220375210046768,0.5586645007133484,0.7435102462768555,-0.07422000169754028,0.6740847826004028,0.7068594098091125,-0.03179388865828514,0.626289963722229,0.6139859557151794,-0.06624109297990799,0.5919849276542664,0.5499176979064941,-0.09096080809831619,0.5686625838279724,0.4975845515727997,-0.10756640136241913,0.7054049968719482,0.7279956936836243,-0.05091261863708496,0.6426057815551758,0.6184647679328918,-0.09146874397993088,0.5966099500656128,0.5542494058609009,-0.11799462884664536,0.5708609223365784,0.49851685762405396,-0.13353018462657928,0.7241950035095215,0.7730876207351685,-0.0703185498714447,0.6465147733688354,0.7085198760032654,-0.11713176220655441,0.5936548709869385,0.7510239481925964,-0.12192878127098083,0.5714297890663147,0.7942831516265869,-0.11426136642694473,0.7222113013267517,0.8375502824783325,-0.08998795598745346,0.6505191922187805,0.799902617931366,-0.12339184433221817,0.6082574129104614,0.8168572783470154,-0.12013167887926102,0.5903148651123047,0.8406732678413391,-0.1099793016910553,forbice
0.733925998210907,0.9839368462562561,2.965453802517004e-07,0.6561328768730164,0.9122185111045837,-0.010987792164087296,0.6058329343795776,0.8442198038101196,-0.030107643455266953,0.5776392221450806,0.7980344891548157,-0.052721623331308365,0.5641944408416748,0.7605836391448975,-0.07483460009098053,0.6739680767059326,0.7083951234817505,-0.03311280533671379,0.624350905418396,0.6192759871482849,-0.06769531965255737,0.5882472395896912,0.5577500462532043,-0.0914347693324089,0.5632321238517761,0.5068697333335876,-0.10701773315668106,0.7038468718528748,0.7290748357772827,-0.05192260816693306,0.6400855183601379,0.6216555833816528,-0.09133130311965942,0.5928267240524292,0.562464714050293,-0.11521109938621521,0.5648037791252136,0.5134280323982239,-0.1284547597169876,0.7226260900497437,0.773961067199707,-0.07118535786867142,0.6452734470367432,0.7209445834159851,-0.11713899672031403,0.5941442847251892,0.7638850212097168,-0.1227039098739624,0.5721932649612427,0.8072194457054138,-0.1154172345995903,0.7221978902816772,0.8389316201210022,-0.09072577953338623,0.6509252786636353,0.8111727237701416,-0.12270582467317581,0.6090914011001587,0.8299644589424133,-0.12017698585987091,0.5906702876091003,0.8535685539245605,-0.11079347878694534,forbice
0.7490074634552002,0.9964085221290588,2.2608493566167454e-07,0.6740877032279968,0.9326762557029724,-0.016274787485599518,0.6175785660743713,0.8768702745437622,-0.0387050099670887,0.5843538045883179,0.8344544768333435,-0.06463594734668732,0.5864449739456177,0.8137679696083069,-0.08910410106182098,0.6691973209381104,0.7150720357894897,-0.03173982724547386,0.6165716648101807,0.6417768001556396,-0.0659753754734993,0.5723790526390076,0.5949811935424805,-0.09024578332901001,0.540698766708374,0.5555155873298645,-0.10669124126434326,0.6971753835678101,0.7360531687736511,-0.04926544800400734,0.6276131868362427,0.6596308350563049,-0.08809933811426163,0.5742496848106384,0.6096253395080566,-0.11150407791137695,0.5418869853019714,0.5659343004226685,-0.12497555464506149,0.7215718626976013,0.7848299145698547,-0.0683700442314148,0.6502405405044556,0.7663904428482056,-0.11325856298208237,0.6114324331283569,0.8244384527206421,-0.11743351072072983,0.6003684997558594,0.8741129040718079,-0.10931088030338287,0.7340219020843506,0.855122447013855,-0.08888960629701614,0.6661548614501953,0.8509106040000916,-0.11894058436155319,0.6303099393844604,0.8828597068786621,-0.11558019369840622,0.6192683577537537,0.9102522134780884,-0.10593002289533615,forbice
0.16224855184555054,0.7279325723648071,1.1079987416451331e-06,0.2603060305118561,0.7323893308639526,-0.0031093668658286333,0.3257240653038025,0.7117866277694702,-0.022988680750131607,0.3707295358181,0.6934875249862671,-0.050278130918741226,0.3906943202018738,0.6969793438911438,-0.07676161825656891,0.3288716971874237,0.5429618954658508,-0.010495590977370739,0.41777974367141724,0.5708035230636597,-0.04649761691689491,0.478686660528183,0.5762084126472473,-0.0743977352976799,0.526734471321106,0.5767170786857605,-0.09270523488521576,0.3056160509586334,0.537065863609314,-0.03371697664260864,0.41299301385879517,0.5557651519775391,-0.0739436000585556,0.48046526312828064,0.5710004568099976,-0.0950237438082695,0.5358792543411255,0.5747073888778687,-0.10538370162248611,0.282596230506897,0.5589148998260498,-0.058409109711647034,0.37180256843566895,0.6569995880126953,-0.10126369446516037,0.339623361825943,0.7113971710205078,-0.09671705961227417,0.3054552972316742,0.7247852683067322,-0.08280974626541138,0.26146700978279114,0.6021898984909058,-0.08445119857788086,0.33469560742378235,0.682428240776062,-0.11004623025655746,0.31705889105796814,0.7207002639770508,-0.09868232905864716,0.290505588054657,0.7241666316986084,-0.08389394730329514,forbice
0.15661783516407013,0.7308633923530579,1.1279656746410183e-06,0.25474849343299866,0.7338253259658813,-0.003758256323635578,0.3194269835948944,0.7138776183128357,-0.025272903963923454,0.36434030532836914,0.6944097280502319,-0.05411346256732941,0.3842198848724365,0.6963980793952942,-0.08251752704381943,0.3247953951358795,0.539017915725708,-0.01212105993181467,0.413443922996521,0.571473240852356,-0.05000007897615433,0.47524887323379517,0.581472635269165,-0.0789937749505043,0.5251232385635376,0.5857772827148438,-0.09773193299770355,0.3009767234325409,0.5359588265419006,-0.03555488586425781,0.40980711579322815,0.5617762804031372,-0.07667822390794754,0.4763181805610657,0.5817087888717651,-0.0972963497042656,0.5324651002883911,0.587245762348175,-0.10713886469602585,0.27700600028038025,0.5599835515022278,-0.06073437258601189,0.3655482828617096,0.6606085896492004,-0.1052376925945282,0.32979243993759155,0.7136521339416504,-0.10109318792819977,0.2941852807998657,0.7237901091575623,-0.08711434155702591,0.25467509031295776,0.6055151224136353,-0.08718059957027435,0.32741302251815796,0.6857720017433167,-0.1140526682138443,0.30842071771621704,0.7230996489524841,-0.10315725207328796,0.28096726536750793,0.723257303237915,-0.08850908279418945,forbice
0.15315432846546173,0.7322660684585571,1.131356953010254e-06,0.2509705424308777,0.7342543601989746,-0.0023430180735886097,0.31650692224502563,0.7139983177185059,-0.024174263700842857,0.3608509302139282,0.7004852890968323,-0.05338374152779579,0.38143250346183777,0.7151364684104919,-0.08246690034866333,0.32875585556030273,0.5428866744041443,-0.011801712214946747,0.41404813528060913,0.5891968607902527,-0.05027029663324356,0.47466975450515747,0.6100552678108215,-0.08063989877700806,0.5235990285873413,0.6263220906257629,-0.1009073406457901,0.30098995566368103,0.5434553027153015,-0.036418501287698746,0.4068998694419861,0.583579957485199,-0.07799375057220459,0.4715452194213867,0.6161697506904602,-0.0991036668419838,0.526862382888794,0.6321825385093689,-0.11008003354072571,0.27190133929252625,0.5710235238075256,-0.06270492821931839,0.35819894075393677,0.6745747923851013,-0.10655400902032852,0.32325324416160583,0.7284302711486816,-0.10124613344669342,0.2890545129776001,0.7374395728111267,-0.08743183314800262,0.24457965791225433,0.6180372834205627,-0.09019263833761215,0.31729820370674133,0.6974412798881531,-0.11602538079023361,0.29971280694007874,0.7329425811767578,-0.10388002544641495,0.2738514542579651,0.7295042872428894,-0.08909488469362259,forbice
0.14723804593086243,0.7352682948112488,1.1142101357108913e-06,0.24964815378189087,0.73365718126297,0.0011710806284099817,0.316276878118515,0.7122208476066589,-0.0203282181173563,0.36138999462127686,0.7021120190620422,-0.05007828772068024,0.37816905975341797,0.7219435572624207,-0.0798746645450592,0.3282521665096283,0.5434935688972473,-0.009869201108813286,0.414859801530838,0.5971390008926392,-0.0471651665866375,0.4746670126914978,0.6229145526885986,-0.0772952288389206,0.5230838060379028,0.643488347530365,-0.09808021783828735,0.30004969239234924,0.5478057861328125,-0.03613586723804474,0.40504875779151917,0.6005519032478333,-0.07630395144224167,0.4690247178077698,0.6375430226325989,-0.09737668186426163,0.5245535969734192,0.6552395820617676,-0.10965891182422638,0.2705848813056946,0.5780147314071655,-0.06359575688838959,0.35577431321144104,0.6858457922935486,-0.10420360416173935,0.32162871956825256,0.7359380125999451,-0.097645603120327,0.2881750464439392,0.7409683465957642,-0.08476578444242477,0.24295057356357574,0.6257703304290771,-0.09227512776851654,0.31433719396591187,0.7078927755355835,-0.11571569740772247,0.29678013920783997,0.7416603565216064,-0.10290339589118958,0.27116361260414124,0.7351813316345215,-0.0886809229850769,forbice
0.14807206392288208,0.740118145942688,1.1269974038441433e-06,0.25054699182510376,0.7395920753479004,0.004969387780874968,0.3250645399093628,0.7208795547485352,-0.017294934019446373,0.3731253445148468,0.720618724822998,-0.04971189796924591,0.37869498133659363,0.7468904256820679,-0.07950164377689362,0.33818238973617554,0.5741407871246338,-0.017630496993660927,0.4270343780517578,0.5773606300354004,-0.05568947270512581,0.4873034358024597,0.5692324042320251,-0.08335477858781815,0.5341771841049194,0.5571820735931396,-0.10385338217020035,0.3101339340209961,0.5688310265541077,-0.04930515214800835,0.4146975874900818,0.5733106136322021,-0.10256249457597733,0.4854123592376709,0.5710582733154297,-0.13403138518333435,0.544515073299408,0.5650349855422974,-0.1526559591293335,0.277574360370636,0.5900655388832092,-0.07939571887254715,0.3686487078666687,0.6956959366798401,-0.12130323797464371,0.3371685743331909,0.7493383884429932,-0.1091102808713913,0.3071785569190979,0.7582271099090576,-0.09197523444890976,0.24866938591003418,0.6348363757133484,-0.11143390089273453,0.322102427482605,0.7214593291282654,-0.13069497048854828,0.30318590998649597,0.754351794719696,-0.11375700682401657,0.2764509618282318,0.7457037568092346,-0.09728534519672394,forbice
0.15801887214183807,0.7449394464492798,9.757994803294423e-07,0.260198712348938,0.7438480854034424,0.004386464133858681,0.3334282338619232,0.724181056022644,-0.01615803688764572,0.37957051396369934,0.7173078060150146,-0.046918369829654694,0.38711997866630554,0.735028862953186,-0.07566604018211365,0.3419119715690613,0.5726547241210938,-0.014548814855515957,0.42742499709129333,0.5497273206710815,-0.04850728437304497,0.485485315322876,0.5256550312042236,-0.07144205272197723,0.5292511582374573,0.5008236169815063,-0.08749622851610184,0.3140847980976105,0.5646501779556274,-0.04510035365819931,0.41522231698036194,0.542796790599823,-0.0900532528758049,0.4797993302345276,0.5246962308883667,-0.11370951682329178,0.5319559574127197,0.503432035446167,-0.12565481662750244,0.2824448347091675,0.5851171016693115,-0.07513949275016785,0.3784198760986328,0.6819480061531067,-0.11647997796535492,0.35225585103034973,0.7448160648345947,-0.10727100819349289,0.3229314386844635,0.7641267776489258,-0.09002908319234848,0.2551148235797882,0.6332063674926758,-0.10663466155529022,0.33299392461776733,0.7091536521911621,-0.12577064335346222,0.31946906447410583,0.7471446394920349,-0.11022282391786575,0.2943089008331299,0.7488635182380676,-0.09357152879238129,forbice
0.09075084328651428,0.7879769206047058,1.028473889164161e-06,0.16879330575466156,0.7076816558837891,0.014284452423453331,0.26621872186660767,0.6897084712982178,-0.004472141619771719,0.3390761911869049,0.7453231811523438,-0.030587805435061455,0.37261173129081726,0.8126786351203918,-0.055143579840660095,0.28261324763298035,0.5892503261566162,-0.04007633402943611,0.39238786697387695,0.5839961767196655,-0.07230155169963837,0.4584040641784668,0.5740162134170532,-0.09212978184223175,0.508296012878418,0.5658628940582275,-0.10511709004640579,0.2581593692302704,0.6322612166404724,-0.07114806771278381,0.38576269149780273,0.6206989288330078,-0.11378221958875656,0.46562814712524414,0.6067372560501099,-0.13665999472141266,0.5267634391784668,0.5986880660057068,-0.15122433006763458,0.2334733009338379,0.6922008991241455,-0.09698142111301422,0.3598395884037018,0.7567013502120972,-0.12539535760879517,0.35886332392692566,0.797343909740448,-0.112735815346241,0.3424803912639618,0.8111818432807922,-0.09775613993406296,0.21246136724948883,0.7651729583740234,-0.12250417470932007,0.314932256937027,0.8070223927497864,-0.1232452467083931,0.31259509921073914,0.8184983730316162,-0.09903327375650406,0.2934049069881439,0.8130282759666443,-0.07999163866043091,forbice
0.079125314950943,0.7888885140419006,9.642596978665097e-07,0.16044719517230988,0.7036146521568298,0.023212924599647522,0.25580349564552307,0.6867554783821106,0.009115497581660748,0.3291551172733307,0.745365560054779,-0.013298461213707924,0.36502861976623535,0.8163099884986877,-0.03419824689626694,0.2756139636039734,0.594305157661438,-0.03737073019146919,0.3945894241333008,0.5860978364944458,-0.06608565151691437,0.4618881046772003,0.5793426036834717,-0.08199995756149292,0.5140584111213684,0.5719597339630127,-0.09195280820131302,0.25448551774024963,0.647746205329895,-0.06986361742019653,0.38662463426589966,0.6360436677932739,-0.11028411239385605,0.46904483437538147,0.62468421459198,-0.13121704757213593,0.5300294160842896,0.616479218006134,-0.14444473385810852,0.23388545215129852,0.7146455645561218,-0.09551887214183807,0.359062135219574,0.764744222164154,-0.12061376124620438,0.35688841342926025,0.8043867945671082,-0.10659894347190857,0.33800336718559265,0.8184603452682495,-0.09053793549537659,0.21670709550380707,0.7890524864196777,-0.11987520009279251,0.3171859681606293,0.820843517780304,-0.11728927493095398,0.31803393363952637,0.8308244347572327,-0.09236343950033188,0.30269739031791687,0.8256095051765442,-0.0724240392446518,forbice
0.0748848170042038,0.7929847240447998,9.60971647145925e-07,0.15202608704566956,0.7035316824913025,0.018360769376158714,0.2504526376724243,0.6843658685684204,0.002081889659166336,0.3273085653781891,0.7445638179779053,-0.020946478471159935,0.363555908203125,0.8177635669708252,-0.04253188893198967,0.2684836685657501,0.5976561307907104,-0.04787896201014519,0.39274030923843384,0.5899873971939087,-0.07632431387901306,0.460281640291214,0.5839089751243591,-0.09095971286296844,0.5127416849136353,0.5781924724578857,-0.10012505203485489,0.24991735816001892,0.6587508916854858,-0.07804219424724579,0.38635581731796265,0.6435398459434509,-0.11549094319343567,0.4687068462371826,0.6320637464523315,-0.13212257623672485,0.5295961499214172,0.6238049268722534,-0.14343610405921936,0.2329559624195099,0.7318904995918274,-0.10138263553380966,0.3653341233730316,0.7752692103385925,-0.12280835956335068,0.3557076156139374,0.8070979714393616,-0.10431215912103653,0.3291066884994507,0.8161557912826538,-0.08684276044368744,0.21895121037960052,0.8092818260192871,-0.12414398044347763,0.32242482900619507,0.8303432464599609,-0.11969676613807678,0.3157809376716614,0.8329752087593079,-0.09228058159351349,0.2933761477470398,0.8252872824668884,-0.07134763151407242,forbice
0.06933653354644775,0.8021130561828613,9.347537570647546e-07,0.1386248618364334,0.7052323818206787,0.013344991020858288,0.2395068258047104,0.679640531539917,-0.0022319545969367027,0.32424861192703247,0.7344138622283936,-0.02287047728896141,0.3768858313560486,0.7942789793014526,-0.042090754956007004,0.256906121969223,0.5969884395599365,-0.05178447440266609,0.3869093060493469,0.5820295214653015,-0.07847070693969727,0.4548184871673584,0.573261022567749,-0.09090247750282288,0.5082259774208069,0.5661433935165405,-0.09813565760850906,0.24373596906661987,0.6671847105026245,-0.07794025540351868,0.3830104470252991,0.640295147895813,-0.11278276890516281,0.46533626317977905,0.6216042041778564,-0.1273314654827118,0.5284514427185059,0.606320858001709,-0.1372995376586914,0.23308299481868744,0.7476829886436462,-0.09744330495595932,0.36540383100509644,0.7676132917404175,-0.11885970085859299,0.34486156702041626,0.7869884967803955,-0.09814277291297913,0.31047186255455017,0.7892836928367615,-0.07885611802339554,0.22324803471565247,0.826079785823822,-0.11652134358882904,0.3258814513683319,0.8192712068557739,-0.11429030448198318,0.31331050395965576,0.8166874647140503,-0.08519488573074341,0.28802192211151123,0.8132354021072388,-0.06218070536851883,forbice
0.8832547664642334,0.9411908984184265,-2.3632267698303622e-07,0.7612850069999695,0.8594204187393188,-0.002330133458599448,0.6780286431312561,0.7914725542068481,-0.030953802168369293,0.6186529397964478,0.7691236138343811,-0.06335237622261047,0.5920403003692627,0.7265562415122986,-0.09558948874473572,0.6776654720306396,0.5524959564208984,-0.05569157749414444,0.5465395450592041,0.5707170963287354,-0.11273227632045746,0.45552632212638855,0.5792746543884277,-0.16971342265605927,0.3806442618370056,0.567757248878479,-0.21492242813110352,0.74207603931427,0.5788436532020569,-0.08394969254732132,0.572388231754303,0.58126300573349,-0.12695477902889252,0.466683566570282,0.5909704566001892,-0.16431458294391632,0.3946075737476349,0.5742138624191284,-0.2011251002550125,0.7974639534950256,0.6547757983207703,-0.11003921926021576,0.6408193111419678,0.6639463901519775,-0.1364743560552597,0.6406598091125488,0.7509374022483826,-0.11461284011602402,0.6879279017448425,0.7849777340888977,-0.10396857559680939,0.8352890610694885,0.7458435297012329,-0.13889090716838837,0.7133517265319824,0.7749524712562561,-0.1577356904745102,0.6944506764411926,0.8323373198509216,-0.13719558715820312,0.7245479822158813,0.8467409610748291,-0.12232213467359543,forbice
0.8820471167564392,0.9471310973167419,-2.622690828957275e-07,0.7560166716575623,0.8535517454147339,-0.0030887990724295378,0.6751362085342407,0.7824922800064087,-0.03870576620101929,0.6183781623840332,0.7666189074516296,-0.07827961444854736,0.603939414024353,0.7279624938964844,-0.11886144429445267,0.6799449920654297,0.5565024614334106,-0.07876863330602646,0.5496707558631897,0.5810419321060181,-0.14586153626441956,0.4604032635688782,0.5997382402420044,-0.20862819254398346,0.3851105272769928,0.5993951559066772,-0.2575361728668213,0.7501388788223267,0.5912727117538452,-0.11079193651676178,0.5805402398109436,0.600960373878479,-0.16771453619003296,0.47187960147857666,0.6200114488601685,-0.21004876494407654,0.3978237807750702,0.613707423210144,-0.2497420758008957,0.811771810054779,0.674824059009552,-0.13924595713615417,0.6526903510093689,0.6920050978660583,-0.17165595293045044,0.6516971588134766,0.77446049451828,-0.1444544792175293,0.7008228898048401,0.8055111765861511,-0.1301194727420807,0.8551257848739624,0.7678945660591125,-0.17061147093772888,0.7299320101737976,0.7948710918426514,-0.1907520741224289,0.7085347771644592,0.8506669998168945,-0.165400430560112,0.7391467094421387,0.8628822565078735,-0.1473987102508545,forbice
0.779977023601532,0.7836499214172363,-5.0109136395803944e-08,0.7097654342651367,0.7635685205459595,0.000484107353258878,0.6616785526275635,0.7308393716812134,-0.010477851144969463,0.6320183873176575,0.7097081542015076,-0.02447434328496456,0.611936092376709,0.6861909031867981,-0.03853987529873848,0.672821581363678,0.6140066385269165,-0.019269093871116638,0.6078600883483887,0.6134898662567139,-0.039402078837156296,0.5667576789855957,0.6109887361526489,-0.055575307458639145,0.5324369072914124,0.605746328830719,-0.06890872865915298,0.6953161358833313,0.6189672350883484,-0.03563425689935684,0.6142190098762512,0.6164175271987915,-0.05876372009515762,0.5650662183761597,0.6173564791679382,-0.07335526496171951,0.5312761068344116,0.6100848317146301,-0.08547235280275345,0.7131758332252502,0.6478057503700256,-0.05118932947516441,0.6333582997322083,0.6573463678359985,-0.07236258685588837,0.6417189240455627,0.6981654167175293,-0.061382561922073364,0.6628798246383667,0.7137908339500427,-0.05178165063261986,0.7250333428382874,0.6914434432983398,-0.06748311221599579,0.662552535533905,0.7047531008720398,-0.08367986977100372,0.6641780734062195,0.7322590947151184,-0.07417287677526474,0.6807203888893127,0.7432869672775269,-0.06491759419441223,forbice
0.7800633907318115,0.7873286008834839,-4.490850358251919e-08,0.7102816104888916,0.7671309113502502,-0.0003918165748473257,0.6633162498474121,0.736943781375885,-0.012602546252310276,0.6348029375076294,0.7180423736572266,-0.02777666412293911,0.6144744753837585,0.6938624978065491,-0.04298843443393707,0.6702327132225037,0.618857741355896,-0.020923376083374023,0.6061547994613647,0.6197271347045898,-0.04209011048078537,0.5648633241653442,0.6183173060417175,-0.058834534138441086,0.5304083228111267,0.6132689118385315,-0.07235664129257202,0.6935891509056091,0.6235803961753845,-0.03737262263894081,0.6131643056869507,0.624032735824585,-0.061224035918712616,0.5636391043663025,0.6269310116767883,-0.07581698894500732,0.5287923812866211,0.620833694934845,-0.08777496218681335,0.7125516533851624,0.6522092223167419,-0.05317400395870209,0.6341971158981323,0.6662628054618835,-0.07535988837480545,0.6432430744171143,0.7076214551925659,-0.06489177793264389,0.6647334098815918,0.7227225303649902,-0.05538912117481232,0.7250082492828369,0.6962500214576721,-0.06972217559814453,0.6620733141899109,0.7130517959594727,-0.0864591971039772,0.662956714630127,0.7415328025817871,-0.07717394828796387,0.6790000200271606,0.7518370747566223,-0.06795721501111984,forbice
0.7815327644348145,0.78708815574646,-4.749646009827302e-08,0.7117717266082764,0.7675320506095886,0.002154327929019928,0.6639588475227356,0.7383685111999512,-0.008835693821310997,0.633971095085144,0.7206329703330994,-0.023149246349930763,0.6137582063674927,0.6981363892555237,-0.0374012291431427,0.6684138178825378,0.6200605034828186,-0.018845506012439728,0.6039865612983704,0.6236091256141663,-0.03978389874100685,0.5626148581504822,0.6228595972061157,-0.05729189142584801,0.527989387512207,0.6188797950744629,-0.07195104658603668,0.6930645704269409,0.6247375011444092,-0.03632931411266327,0.6118937134742737,0.626726508140564,-0.06060227006673813,0.5615691542625427,0.6293379068374634,-0.07690338045358658,0.5269588232040405,0.6239127516746521,-0.09073380380868912,0.7125076651573181,0.6540632843971252,-0.05275757238268852,0.6314910054206848,0.6675465703010559,-0.07301392406225204,0.6412204504013062,0.7092259526252747,-0.060512859374284744,0.6634393930435181,0.7230344414710999,-0.05049089342355728,0.7259423136711121,0.6980721354484558,-0.06994312256574631,0.660815954208374,0.7156083583831787,-0.0850018560886383,0.663322925567627,0.7435741424560547,-0.0745217427611351,0.6806119084358215,0.7523024678230286,-0.06491320580244064,forbice
0.7817201614379883,0.7854845523834229,-6.1543637741579e-08,0.7108814716339111,0.7663056254386902,0.006750389467924833,0.6638179421424866,0.7355652451515198,-0.0027779468800872564,0.632615864276886,0.7171785235404968,-0.01643308252096176,0.608590841293335,0.6958688497543335,-0.029909053817391396,0.6663490533828735,0.6187750101089478,-0.016250254586338997,0.6021305918693542,0.6210491061210632,-0.03628646209836006,0.5607876777648926,0.6202903985977173,-0.053333837538957596,0.5261058211326599,0.6169455647468567,-0.06800718605518341,0.6912720203399658,0.6242225170135498,-0.035750001668930054,0.6088910102844238,0.6271010637283325,-0.06014787033200264,0.5581028461456299,0.6301411390304565,-0.0772271454334259,0.523836076259613,0.6259996891021729,-0.09206141531467438,0.7105126976966858,0.6541213393211365,-0.053550757467746735,0.6279729008674622,0.6683512330055237,-0.07214933633804321,0.6385874152183533,0.7097992300987244,-0.05839202553033829,0.661140501499176,0.7222164869308472,-0.048300400376319885,0.7237478494644165,0.69712895154953,-0.07181510329246521,0.6581171154975891,0.7177039980888367,-0.08490829914808273,0.6617339849472046,0.7448558211326599,-0.07355470955371857,0.6795945763587952,0.7513035535812378,-0.06386517733335495,forbice
0.7840227484703064,0.7808986902236938,-4.906726047693155e-08,0.7082947492599487,0.7596684098243713,0.03520594537258148,0.6620213389396667,0.7297391891479492,0.029323963448405266,0.6262696981430054,0.7183821201324463,0.014454791322350502,0.5950182676315308,0.7031819820404053,-0.0010098372586071491,0.6611148118972778,0.6175349950790405,-0.015725841745734215,0.5933773517608643,0.6180184483528137,-0.03566037118434906,0.5538698434829712,0.6153717637062073,-0.053422871977090836,0.5191232562065125,0.6125399470329285,-0.07008350640535355,0.6847681999206543,0.6335843801498413,-0.04907381907105446,0.5987726449966431,0.6311835050582886,-0.07689575850963593,0.5485496520996094,0.6319904923439026,-0.09637746959924698,0.5153460502624512,0.6278232932090759,-0.11554936319589615,0.70159912109375,0.6707181930541992,-0.07572588324546814,0.6149826645851135,0.6778556704521179,-0.08417677134275436,0.6297336220741272,0.7192179560661316,-0.05978201702237129,0.6538757681846619,0.7308889627456665,-0.04744122177362442,0.7132436633110046,0.7139744162559509,-0.10091858357191086,0.6478660106658936,0.7321040034294128,-0.10144302248954773,0.656343400478363,0.7563647627830505,-0.08119974285364151,0.6758573055267334,0.7567086815834045,-0.0686284676194191,forbice
0.7817744016647339,0.766332745552063,-3.279703619796237e-08,0.7327329516410828,0.712497889995575,0.01828964613378048,0.6766358017921448,0.6818127036094666,0.009406918659806252,0.625575065612793,0.6917601227760315,-0.004478650167584419,0.5890156030654907,0.7037642598152161,-0.01936844363808632,0.6689757704734802,0.5987100601196289,-0.02640005573630333,0.5925001502037048,0.5987641215324402,-0.04785240814089775,0.5504897236824036,0.5971933603286743,-0.06530927121639252,0.5154786109924316,0.5954092741012573,-0.0798599123954773,0.6844944953918457,0.6274446845054626,-0.04904263839125633,0.5914038419723511,0.6223386526107788,-0.07166042178869247,0.5413414239883423,0.6211946606636047,-0.08813255280256271,0.5059733986854553,0.6158138513565063,-0.10447576642036438,0.6951074600219727,0.6733111143112183,-0.06676705181598663,0.6015875339508057,0.6797114014625549,-0.07731763273477554,0.6157499551773071,0.71293705701828,-0.06243179738521576,0.6403120160102844,0.7219033241271973,-0.05452428013086319,0.7018907070159912,0.7218586206436157,-0.08352452516555786,0.6302160620689392,0.7383344173431396,-0.09022418409585953,0.6386098861694336,0.7556601762771606,-0.07761107385158539,0.6599476933479309,0.7542881965637207,-0.06873442977666855,forbice
0.7802544832229614,0.7593751549720764,7.608613294962652e-09,0.734599232673645,0.7018001079559326,0.016463717445731163,0.6785765290260315,0.6720614433288574,0.007688010577112436,0.6261067390441895,0.6845848560333252,-0.005909735802561045,0.591162919998169,0.7029665112495422,-0.020815366879105568,0.6672924160957336,0.5959915518760681,-0.027055662125349045,0.5895558595657349,0.596646249294281,-0.049796659499406815,0.5468575954437256,0.5957388281822205,-0.0676255002617836,0.511164665222168,0.5945658087730408,-0.08190111070871353,0.6818810105323792,0.6291638612747192,-0.048897635191679,0.5891436338424683,0.6224468350410461,-0.07220230251550674,0.5394994020462036,0.6205582618713379,-0.08847364783287048,0.5031160712242126,0.6137146949768066,-0.10372093319892883,0.6921971440315247,0.6784551739692688,-0.06613094359636307,0.5960772037506104,0.6872039437294006,-0.07907076179981232,0.6114090085029602,0.7180953025817871,-0.06505884230136871,0.6365987062454224,0.7246658802032471,-0.05608596280217171,0.6999163627624512,0.7294159531593323,-0.08235824108123779,0.6257606744766235,0.7440043091773987,-0.09089000523090363,0.6351110339164734,0.7591683268547058,-0.07818873226642609,0.6571508049964905,0.7568804621696472,-0.06813400983810425,forbice
0.7805315256118774,0.748638927936554,4.847833778853783e-08,0.7335188984870911,0.6954585313796997,0.014949285425245762,0.6786426901817322,0.6677417159080505,0.004168413579463959,0.625062108039856,0.6821800470352173,-0.01091338787227869,0.5900359153747559,0.697819709777832,-0.027188437059521675,0.6676293611526489,0.5943571925163269,-0.033400826156139374,0.5902758240699768,0.5937346816062927,-0.05768279731273651,0.547899603843689,0.5940202474594116,-0.075654037296772,0.5123694539070129,0.5942497253417969,-0.08959372341632843,0.6833599209785461,0.6305827498435974,-0.05471152439713478,0.5925704836845398,0.6210469007492065,-0.08036932349205017,0.5418591499328613,0.6184872984886169,-0.09687504172325134,0.5042365789413452,0.6127338409423828,-0.1118040680885315,0.6941336393356323,0.6814268827438354,-0.07105301320552826,0.5997804403305054,0.6907128095626831,-0.08447284251451492,0.6149287223815918,0.7196770310401917,-0.06863429397344589,0.639847457408905,0.7259650230407715,-0.05795872583985329,0.7014129161834717,0.7328670620918274,-0.08647255599498749,0.6271488666534424,0.745093822479248,-0.09388700872659683,0.6354284286499023,0.7584468722343445,-0.07938294857740402,0.6563636064529419,0.7562245726585388,-0.06785023957490921,forbice
0.7783963680267334,0.7461488842964172,7.56443228056014e-08,0.7359951138496399,0.6854655742645264,0.015431754291057587,0.6837260127067566,0.6527427434921265,0.006126858294010162,0.6320286989212036,0.6644230484962463,-0.00764405308291316,0.5997425317764282,0.6858674883842468,-0.02313624881207943,0.6668065786361694,0.5915253162384033,-0.03214159980416298,0.5892166495323181,0.5915530920028687,-0.05741492286324501,0.5457892417907715,0.5909073352813721,-0.07584799826145172,0.5089811086654663,0.5918580293655396,-0.08921375870704651,0.6796812415122986,0.6314576268196106,-0.053684767335653305,0.590101957321167,0.6209049224853516,-0.07839573919773102,0.5384150743484497,0.6173387169837952,-0.09319448471069336,0.4991774260997772,0.6129443049430847,-0.10592623800039291,0.689566433429718,0.6835401058197021,-0.0706961378455162,0.5960462093353271,0.6947672367095947,-0.08531515300273895,0.6130853295326233,0.7194910645484924,-0.07084818184375763,0.6388685703277588,0.7235895395278931,-0.05971958860754967,0.6981635689735413,0.7358964681625366,-0.08667304366827011,0.6248905658721924,0.7451369166374207,-0.09497290849685669,0.634736180305481,0.7556760311126709,-0.08063717931509018,0.6562939882278442,0.7523390054702759,-0.06827802211046219,forbice
0.7807962894439697,0.7408390641212463,6.384929207570167e-08,0.7371556162834167,0.6805397868156433,0.015988003462553024,0.6838620901107788,0.648629367351532,0.006583367008715868,0.6311562657356262,0.6621324419975281,-0.007445329800248146,0.5982579588890076,0.6841130256652832,-0.023200441151857376,0.6683095693588257,0.5858004689216614,-0.031528882682323456,0.5907041430473328,0.5844631791114807,-0.05659709498286247,0.5480939149856567,0.5832191109657288,-0.07480504363775253,0.51186203956604,0.5836362838745117,-0.08788507431745529,0.6811524033546448,0.6260808110237122,-0.05344615504145622,0.5916655659675598,0.6143631935119629,-0.07778748869895935,0.5405348539352417,0.6105430126190186,-0.0920225977897644,0.5017796754837036,0.6063704490661621,-0.10430236905813217,0.6908285021781921,0.6781846284866333,-0.07086077332496643,0.5976042747497559,0.6888055801391602,-0.08487869799137115,0.6150994300842285,0.712890088558197,-0.07004478573799133,0.6410415172576904,0.7165119051933289,-0.05878160893917084,0.6990942358970642,0.7306070327758789,-0.08720653504133224,0.6251105070114136,0.7390671372413635,-0.09461694210767746,0.6350167393684387,0.749194324016571,-0.07971064746379852,0.656616747379303,0.745781660079956,-0.0671008974313736,forbice
0.7806671261787415,0.7406979203224182,7.667645007813917e-08,0.738521933555603,0.6779038906097412,0.016356343403458595,0.6876303553581238,0.6436545252799988,0.00722578726708889,0.6371223330497742,0.6518451571464539,-0.0066115641966462135,0.6056627631187439,0.6732365489006042,-0.022273309528827667,0.666785717010498,0.5857397317886353,-0.031872935593128204,0.5891624689102173,0.5846249461174011,-0.05768473818898201,0.5464288592338562,0.5829421281814575,-0.07655095309019089,0.5099592208862305,0.5839217901229858,-0.08991852402687073,0.6798068284988403,0.6266168355941772,-0.05402201786637306,0.5907605290412903,0.6145547032356262,-0.07918540388345718,0.5390253663063049,0.6107075810432434,-0.09387543797492981,0.49980902671813965,0.6075580716133118,-0.10619262605905533,0.6898300051689148,0.6793538928031921,-0.07162030041217804,0.5959804654121399,0.6914283633232117,-0.08575790375471115,0.613642156124115,0.7144575119018555,-0.07032687962055206,0.6399506330490112,0.7173344492912292,-0.05841444432735443,0.6988957524299622,0.7320043444633484,-0.08820000290870667,0.6231523156166077,0.7404796481132507,-0.0952884629368782,0.6334048509597778,0.7500632405281067,-0.07950931042432785,0.6555668115615845,0.7464029788970947,-0.06605079025030136,forbice
0.7819937467575073,0.741187572479248,7.88054421718698e-08,0.740070104598999,0.677934467792511,0.015971815213561058,0.68653404712677,0.6452941298484802,0.006015077233314514,0.6338884830474854,0.657953143119812,-0.008251293562352657,0.6006519198417664,0.681249737739563,-0.02461322583258152,0.667534351348877,0.5887885093688965,-0.0354430228471756,0.5881809592247009,0.5885220170021057,-0.06122485548257828,0.5446073412895203,0.5883578062057495,-0.07924395054578781,0.5080095529556274,0.5901318192481995,-0.0916651114821434,0.68001788854599,0.6313787698745728,-0.056966766715049744,0.5897595286369324,0.6199856400489807,-0.08127526193857193,0.5379739999771118,0.6160334944725037,-0.0938042402267456,0.49871766567230225,0.6130115389823914,-0.10451686382293701,0.6898458003997803,0.6846598386764526,-0.07376760989427567,0.5971956253051758,0.6974592804908752,-0.087276890873909,0.6146417260169983,0.7173663973808289,-0.07123938947916031,0.6408085227012634,0.7198772430419922,-0.05896921083331108,0.6990729570388794,0.7382689714431763,-0.08947779983282089,0.6234660744667053,0.7447022199630737,-0.09589303284883499,0.6338026523590088,0.7526323199272156,-0.07941066473722458,0.6565465927124023,0.7493857145309448,-0.0655297338962555,forbice
0.7812844514846802,0.7394604682922363,1.3593179915005749e-07,0.7407857775688171,0.6759774684906006,0.014109260402619839,0.6868178844451904,0.6437726020812988,0.002098779659718275,0.6330598592758179,0.6578798294067383,-0.013331921771168709,0.5978479385375977,0.6804844737052917,-0.03109700232744217,0.6695125699043274,0.5938122272491455,-0.044414713978767395,0.5887743234634399,0.5933266282081604,-0.0701335221529007,0.5441275238990784,0.5925278663635254,-0.08652392774820328,0.506760835647583,0.5942251682281494,-0.09760751575231552,0.6814117431640625,0.6383063793182373,-0.06474678963422775,0.5896198153495789,0.6268654465675354,-0.09050089865922928,0.5360745191574097,0.6225215196609497,-0.10164891928434372,0.49585190415382385,0.6207573413848877,-0.1110747754573822,0.6905914545059204,0.6927149891853333,-0.0797448456287384,0.5987522006034851,0.7061864137649536,-0.09332198649644852,0.616299569606781,0.722055971622467,-0.0752333551645279,0.6420819759368896,0.7234180569648743,-0.06161058694124222,0.6990792155265808,0.7470183372497559,-0.09363210946321487,0.6230736374855042,0.751289427280426,-0.09908916056156158,0.6338827013969421,0.7569004893302917,-0.08067944645881653,0.6567954421043396,0.7539058923721313,-0.06559158116579056,forbice
0.7827834486961365,0.7353968024253845,1.9151383412463474e-07,0.7404709458351135,0.6674421429634094,0.0318257100880146,0.6894364356994629,0.6349225640296936,0.019359489902853966,0.6411149501800537,0.6486744284629822,0.0016313839005306363,0.6062935590744019,0.668229341506958,-0.01869024895131588,0.6686820387840271,0.5911443829536438,-0.05655575171113014,0.5878021121025085,0.5881584882736206,-0.0809214636683464,0.5451995730400085,0.5822572708129883,-0.09539710730314255,0.5074234008789062,0.5825684666633606,-0.10702111572027206,0.6830658912658691,0.6372500658035278,-0.08377819508314133,0.5890064835548401,0.6228804588317871,-0.11283456534147263,0.5367546081542969,0.6133017539978027,-0.120506152510643,0.4982107877731323,0.6133159399032593,-0.12954121828079224,0.6902346014976501,0.6950429081916809,-0.10151302814483643,0.5952146053314209,0.6995869278907776,-0.1019892618060112,0.614943265914917,0.708885133266449,-0.06476391851902008,0.6407804489135742,0.7107619643211365,-0.04372875392436981,0.6959269046783447,0.7485408782958984,-0.11779338121414185,0.6204237937927246,0.7440481781959534,-0.10931982100009918,0.6331685185432434,0.7470549941062927,-0.0787389948964119,0.6547480225563049,0.7462393045425415,-0.05843128263950348,forbice
0.7803098559379578,0.7425106763839722,1.5097424466148368e-07,0.7460100650787354,0.6713832020759583,0.016514131799340248,0.6922268867492676,0.6361840963363647,0.0029778899624943733,0.6391211152076721,0.650166928768158,-0.013428280130028725,0.6056375503540039,0.6745547652244568,-0.03269138187170029,0.6717992424964905,0.5913030505180359,-0.05570477992296219,0.5877577662467957,0.5885180830955505,-0.08092454075813293,0.5440304279327393,0.5846972465515137,-0.09585433453321457,0.5068262815475464,0.5846067070960999,-0.10649249702692032,0.6840642690658569,0.6412266492843628,-0.07656862586736679,0.5894089341163635,0.6267333030700684,-0.10358788818120956,0.5366313457489014,0.6190359592437744,-0.11218972504138947,0.49748408794403076,0.6188709735870361,-0.1204739362001419,0.6913368701934814,0.7001689076423645,-0.09075194597244263,0.5949141979217529,0.7018809914588928,-0.10168004781007767,0.6126657128334045,0.7092368602752686,-0.07759879529476166,0.6387195587158203,0.7114646434783936,-0.0613713376224041,0.6970922946929932,0.756957471370697,-0.10377223789691925,0.6181281208992004,0.7482778429985046,-0.10605654865503311,0.6279374361038208,0.7485118508338928,-0.0840056836605072,0.6495845317840576,0.7466179132461548,-0.06744462996721268,forbice
0.7803627848625183,0.7413779497146606,1.4753777577425353e-07,0.7479550242424011,0.6705887913703918,0.012572483159601688,0.6935210227966309,0.6359768509864807,-0.00211479514837265,0.6394843459129333,0.6515551805496216,-0.018793286755681038,0.6047502160072327,0.6749724745750427,-0.03842820227146149,0.676396369934082,0.590764582157135,-0.05834999680519104,0.5908341407775879,0.5877553224563599,-0.08408096432685852,0.5464202165603638,0.5840479135513306,-0.09927938878536224,0.5087743997573853,0.5831685662269592,-0.10980366170406342,0.6861187219619751,0.6430540084838867,-0.07718527317047119,0.5904817581176758,0.6285024881362915,-0.10299792140722275,0.5380116701126099,0.6202974319458008,-0.11103405058383942,0.4982871115207672,0.6196109652519226,-0.11901379376649857,0.6914860606193542,0.7023901343345642,-0.08983806520700455,0.5953919887542725,0.700779139995575,-0.10218179225921631,0.6125421524047852,0.7031199336051941,-0.08092041313648224,0.638578474521637,0.704452395439148,-0.0663643479347229,0.6947882771492004,0.7602053880691528,-0.10142544656991959,0.6176146268844604,0.7483327984809875,-0.10631240159273148,0.62626713514328,0.743948757648468,-0.08701083809137344,0.6466403603553772,0.7398697137832642,-0.07220518589019775,forbice
0.7794960141181946,0.7443406581878662,1.519306636055262e-07,0.7494322657585144,0.6730856895446777,0.00872835423797369,0.6941742897033691,0.6386852264404297,-0.006432096939533949,0.6380817890167236,0.6569601893424988,-0.02297360636293888,0.6016067266464233,0.6820518374443054,-0.042327117174863815,0.6801662445068359,0.5925569534301758,-0.05742041394114494,0.5924814343452454,0.5870637893676758,-0.08290378749370575,0.5467963218688965,0.5834197998046875,-0.09749671071767807,0.5087099075317383,0.5817525386810303,-0.10714061558246613,0.687292754650116,0.6462950110435486,-0.0744902640581131,0.5896767377853394,0.6303392648696899,-0.09940861165523529,0.5367973446846008,0.6213314533233643,-0.10727091133594513,0.4966382682323456,0.6190184950828552,-0.1147051602602005,0.6908727884292603,0.7055362462997437,-0.08610308170318604,0.5932794809341431,0.7021945714950562,-0.10116320848464966,0.6097041964530945,0.7026397585868835,-0.08368650823831558,0.6357531547546387,0.7036638259887695,-0.07064490020275116,0.6923219561576843,0.7639567255973816,-0.09665322303771973,0.6157321333885193,0.7504740953445435,-0.10467683523893356,0.6229982972145081,0.7427300810813904,-0.08840320259332657,0.6419168710708618,0.7360458970069885,-0.07516272366046906,forbice
0.087900310754776,0.6539255976676941,7.635965744157147e-07,0.1399075984954834,0.56192946434021,0.0064413961954414845,0.22181499004364014,0.5425459146499634,-0.0012394905788823962,0.2904837131500244,0.5812005996704102,-0.01202059630304575,0.33353865146636963,0.621117889881134,-0.02227616310119629,0.2603755295276642,0.496574342250824,-0.022786296904087067,0.37308570742607117,0.507735550403595,-0.03650334104895592,0.4321044683456421,0.5140430927276611,-0.04285207390785217,0.47821277379989624,0.515775203704834,-0.04495660588145256,0.255794495344162,0.5630170106887817,-0.03546745702624321,0.36878758668899536,0.5655116438865662,-0.0471637099981308,0.4332020878791809,0.5646696090698242,-0.05233679339289665,0.48347142338752747,0.561152458190918,-0.05624277889728546,0.24959853291511536,0.630201518535614,-0.044974129647016525,0.3329452574253082,0.6312023997306824,-0.05462353304028511,0.3072355389595032,0.6274017095565796,-0.04333169013261795,0.27650612592697144,0.622882068157196,-0.031570371240377426,0.24216227233409882,0.6891732811927795,-0.054089952260255814,0.3097820580005646,0.6702965497970581,-0.051476407796144485,0.2879318594932556,0.6616530418395996,-0.031300950795412064,0.2619148790836334,0.6625606417655945,-0.014058023691177368,forbice
0.08714695274829865,0.6579880714416504,7.50533956761501e-07,0.1398162841796875,0.5639832615852356,0.006258042529225349,0.22218599915504456,0.543311595916748,-0.0016218420350924134,0.29069772362709045,0.5821879506111145,-0.012854802422225475,0.3341200649738312,0.6223294138908386,-0.02370302937924862,0.2606283724308014,0.49645811319351196,-0.022609271109104156,0.37250739336013794,0.5036363005638123,-0.03677155077457428,0.43149352073669434,0.5083589553833008,-0.043488308787345886,0.4778155982494354,0.5094994902610779,-0.04582129046320915,0.25605329871177673,0.5630241632461548,-0.035767797380685806,0.36791977286338806,0.5600033402442932,-0.04795665666460991,0.43218541145324707,0.557584285736084,-0.053825460374355316,0.48233526945114136,0.553748607635498,-0.05815386027097702,0.25015392899513245,0.630997359752655,-0.04583355784416199,0.3328655958175659,0.6304222941398621,-0.05595909804105759,0.3070890009403229,0.6277820467948914,-0.045213233679533005,0.2763851284980774,0.6238727569580078,-0.033727433532476425,0.24293988943099976,0.6907888650894165,-0.05555831268429756,0.3096131384372711,0.6701303124427795,-0.053119491785764694,0.2880743145942688,0.6624928712844849,-0.03313254937529564,0.26235878467559814,0.6639034748077393,-0.015981482341885567,forbice
0.09145605564117432,0.657131016254425,7.352999205068045e-07,0.14316309988498688,0.5622843503952026,0.006288416683673859,0.22471581399440765,0.5423445701599121,-0.001502150553278625,0.2930733561515808,0.5814046859741211,-0.012615500018000603,0.33652472496032715,0.6202779412269592,-0.0232643261551857,0.26484933495521545,0.494642049074173,-0.020615851506590843,0.37517648935317993,0.5023694634437561,-0.03372375667095184,0.43304020166397095,0.5068510174751282,-0.04007676616311073,0.47876179218292236,0.5076991319656372,-0.042365651577711105,0.2610715329647064,0.5607959032058716,-0.033530931919813156,0.3722763657569885,0.5574946999549866,-0.04435858875513077,0.434535950422287,0.5545963048934937,-0.04984953999519348,0.483455628156662,0.5502387881278992,-0.05420490726828575,0.2553461194038391,0.6282069087028503,-0.04342902451753616,0.3388625979423523,0.6268869042396545,-0.05258270353078842,0.3123985230922699,0.6242061257362366,-0.0416199266910553,0.2818264663219452,0.6201117634773254,-0.030390944331884384,0.24787788093090057,0.6874977350234985,-0.05300106108188629,0.3133752942085266,0.6671363115310669,-0.050102561712265015,0.2912844717502594,0.6591151356697083,-0.03020741418004036,0.2658063471317291,0.6597435474395752,-0.013333965092897415,forbice
0.13075675070285797,0.6628180742263794,7.362060614468646e-07,0.18158888816833496,0.5689637064933777,0.015476013533771038,0.2566990256309509,0.54388827085495,0.010459121316671371,0.3166864812374115,0.5728738903999329,0.0002081046550301835,0.3553379774093628,0.6117588877677917,-0.010248790495097637,0.3001280725002289,0.508985698223114,-0.017358964309096336,0.4079132080078125,0.5124905705451965,-0.029992349445819855,0.4646799862384796,0.5164964199066162,-0.035398587584495544,0.5093286037445068,0.5194129347801208,-0.036642637103796005,0.29901620745658875,0.5736987590789795,-0.034041985869407654,0.41260194778442383,0.5706225633621216,-0.04408920183777809,0.4781014919281006,0.5665475726127625,-0.0490691214799881,0.527168869972229,0.5633270144462585,-0.053023308515548706,0.29462912678718567,0.6395949125289917,-0.04641306400299072,0.3734144866466522,0.6363595724105835,-0.05013671889901161,0.34925729036331177,0.6330562829971313,-0.03683757036924362,0.319839745759964,0.6303040981292725,-0.025387050583958626,0.28865569829940796,0.6962915062904358,-0.05804208293557167,0.35057055950164795,0.6735445261001587,-0.05013219267129898,0.32952019572257996,0.6671697497367859,-0.02804085984826088,0.304474413394928,0.669306218624115,-0.010319511406123638,forbice
0.167729452252388,0.6615390777587891,6.881339231767925e-07,0.2191813886165619,0.5704194903373718,0.013569739647209644,0.29281237721443176,0.5487619638442993,0.009208522737026215,0.34996113181114197,0.5813804268836975,7.141316018532962e-05,0.38790392875671387,0.6219031810760498,-0.009134451858699322,0.339017391204834,0.5167246460914612,-0.013028684072196484,0.4428431987762451,0.5207345485687256,-0.022908058017492294,0.497244656085968,0.5241476893424988,-0.02685418538749218,0.5402023792266846,0.5236602425575256,-0.027220387011766434,0.33891651034355164,0.5791002511978149,-0.027708599343895912,0.44647425413131714,0.5783153772354126,-0.03357705473899841,0.5064268112182617,0.573940098285675,-0.0363021157681942,0.5509413480758667,0.5679594278335571,-0.038736920803785324,0.33394157886505127,0.6427118182182312,-0.038777876645326614,0.4020824432373047,0.6402943730354309,-0.040048420429229736,0.3776353597640991,0.6391528844833374,-0.027915121987462044,0.34928515553474426,0.6367489099502563,-0.017475079745054245,0.32600137591362,0.6977048516273499,-0.04931475222110748,0.37953364849090576,0.6783332824707031,-0.04032723233103752,0.35713455080986023,0.6735395789146423,-0.019247865304350853,0.3324741721153259,0.6763824224472046,-0.002255399711430073,forbice
0.2005085051059723,0.6847452521324158,6.391917395376367e-07,0.2528320848941803,0.5966881513595581,0.015657922253012657,0.32581889629364014,0.5755410194396973,0.011495395563542843,0.3800399601459503,0.6067459583282471,0.0029202301520854235,0.41456642746925354,0.6457400321960449,-0.005978816654533148,0.3738029897212982,0.545576810836792,-0.017770713195204735,0.47804316878318787,0.5522691011428833,-0.027477284893393517,0.5334908962249756,0.5583688616752625,-0.03087378852069378,0.5775197744369507,0.5606610178947449,-0.031074656173586845,0.37466976046562195,0.6065722703933716,-0.03192911669611931,0.47899556159973145,0.603526771068573,-0.03555827587842941,0.5386881828308105,0.6012139916419983,-0.037022918462753296,0.584928035736084,0.5980676412582397,-0.03932124376296997,0.36999499797821045,0.6700071096420288,-0.0415741428732872,0.4277361333370209,0.6717608571052551,-0.036935511976480484,0.4030096232891083,0.6705023646354675,-0.02290710248053074,0.37424594163894653,0.6681562066078186,-0.012853062711656094,0.36104726791381836,0.7258204221725464,-0.05083471164107323,0.40499329566955566,0.7080579996109009,-0.03666423633694649,0.38429367542266846,0.7044004201889038,-0.014906227588653564,0.3612387180328369,0.7080573439598083,0.0015513795660808682,forbice
0.22594116628170013,0.6867091655731201,5.986665314594575e-07,0.27884441614151,0.6001024842262268,0.017953526228666306,0.35134825110435486,0.5813202857971191,0.015713926404714584,0.40372946858406067,0.6139894127845764,0.008654027245938778,0.43451839685440063,0.656264066696167,0.0009549185633659363,0.4005051553249359,0.5525192022323608,-0.013147486373782158,0.5013217926025391,0.55750972032547,-0.02009403333067894,0.5548622012138367,0.5637765526771545,-0.022146938368678093,0.5976907014846802,0.5673252940177917,-0.02187749557197094,0.40344664454460144,0.6148109436035156,-0.02770201675593853,0.503997802734375,0.6095238924026489,-0.028432553634047508,0.5623199939727783,0.6060659289360046,-0.030076149851083755,0.607704222202301,0.6033979654312134,-0.033052776008844376,0.39880937337875366,0.6786117553710938,-0.03746280446648598,0.451139897108078,0.6798644661903381,-0.029731230810284615,0.4263553321361542,0.6765688061714172,-0.016066869720816612,0.39785000681877136,0.6732312440872192,-0.007034548092633486,0.3892999291419983,0.7338818311691284,-0.04669558256864548,0.4285842478275299,0.7130434513092041,-0.030216995626688004,0.4083685576915741,0.7079271674156189,-0.00831476878374815,0.3855878710746765,0.7113073468208313,0.0077356621623039246,forbice
0.24471749365329742,0.6823462247848511,5.469899519994215e-07,0.2992846369743347,0.5977171063423157,0.028952427208423615,0.36717578768730164,0.5776586532592773,0.030065545812249184,0.4169127643108368,0.6050847172737122,0.02402222715318203,0.4478328824043274,0.6448939442634583,0.01696539856493473,0.4181293547153473,0.5457711815834045,-0.004318759310990572,0.5152055621147156,0.55049067735672,-0.011400056071579456,0.5679702162742615,0.5553774833679199,-0.014608828350901604,0.6107082962989807,0.5595918297767639,-0.01544374693185091,0.42168745398521423,0.6056855320930481,-0.023821931332349777,0.5208293199539185,0.6006855368614197,-0.02620454877614975,0.5794116854667664,0.5989149808883667,-0.028772445395588875,0.6239520907402039,0.5988620519638062,-0.03236127272248268,0.41863977909088135,0.6690163016319275,-0.03741203621029854,0.4729982912540436,0.6739385724067688,-0.026785019785165787,0.4465335011482239,0.673222541809082,-0.00854053907096386,0.41800740361213684,0.6703546047210693,0.0027116581331938505,0.41021421551704407,0.72613525390625,-0.049948062747716904,0.452077180147171,0.7102328538894653,-0.029528576880693436,0.4300466775894165,0.7059665322303772,-0.003498796373605728,0.4065958857536316,0.7083260416984558,0.015038201585412025,forbice
0.2562425434589386,0.6750310063362122,5.512458187695302e-07,0.31470441818237305,0.5941983461380005,0.033283378928899765,0.38081052899360657,0.5789657235145569,0.03508531674742699,0.4285091757774353,0.6084970831871033,0.02816208079457283,0.4588048458099365,0.6507226228713989,0.02056342549622059,0.4298936426639557,0.5462281703948975,0.0007881238707341254,0.526182234287262,0.5505203604698181,-0.007229148410260677,0.5786823034286499,0.5555586814880371,-0.010862331837415695,0.621441125869751,0.5606724619865417,-0.01182183250784874,0.4329756796360016,0.5999844074249268,-0.022296618670225143,0.5328689813613892,0.5967870354652405,-0.027120210230350494,0.5903065204620361,0.5973394513130188,-0.029933052137494087,0.6330244541168213,0.5996588468551636,-0.0329703614115715,0.4289070665836334,0.6596080660820007,-0.03952532634139061,0.48644065856933594,0.678063690662384,-0.030111055821180344,0.4594837427139282,0.6801859140396118,-0.010255803354084492,0.43093186616897583,0.676371693611145,0.0026329951360821724,0.41845351457595825,0.7157371640205383,-0.05569593980908394,0.46328914165496826,0.7132191061973572,-0.03428581729531288,0.4415116608142853,0.7099449038505554,-0.0068457904271781445,0.41739076375961304,0.7099555730819702,0.012738416902720928,forbice
0.26316705346107483,0.664824366569519,5.546052079807851e-07,0.3223057985305786,0.5902062058448792,0.03240586072206497,0.39010190963745117,0.5763269066810608,0.03569251298904419,0.43795400857925415,0.6144267320632935,0.030050626024603844,0.4669795632362366,0.6594382524490356,0.024781497195363045,0.4395739436149597,0.536316990852356,0.007084379903972149,0.5332871079444885,0.5397065281867981,-0.00018643864314071834,0.5841621160507202,0.5430634021759033,-0.0032949072774499655,0.625789225101471,0.5467614531517029,-0.004077153746038675,0.44082406163215637,0.5838508605957031,-0.016401205211877823,0.5391077399253845,0.5836038589477539,-0.02461891435086727,0.5950976014137268,0.5844939947128296,-0.030341193079948425,0.6378419995307922,0.5869119763374329,-0.03477651625871658,0.4354058504104614,0.6381496787071228,-0.03491199016571045,0.49591171741485596,0.6723924875259399,-0.03296481445431709,0.46649444103240967,0.6791762709617615,-0.01838761568069458,0.43754854798316956,0.6738146543502808,-0.0070526255294680595,0.42487844824790955,0.6919339895248413,-0.0519615113735199,0.4738527238368988,0.7055631279945374,-0.035980772227048874,0.4500826895236969,0.7026137113571167,-0.012667403556406498,0.42482081055641174,0.6954724788665771,0.004600403364747763,forbice
0.2754441499710083,0.6663394570350647,5.767981292592594e-07,0.3339371085166931,0.5907548666000366,0.03496445715427399,0.3985811471939087,0.5718706250190735,0.037863463163375854,0.44628825783729553,0.6032282114028931,0.03088029846549034,0.4769775867462158,0.6413626670837402,0.02438640594482422,0.44760861992836,0.5320087671279907,0.009761075489223003,0.541022002696991,0.5349116325378418,0.0032545970752835274,0.5903255343437195,0.5388393402099609,0.0010930972639471292,0.6307299137115479,0.5425567626953125,0.0010550414444878697,0.4494563341140747,0.5728409290313721,-0.015683526173233986,0.5479280352592468,0.5740541815757751,-0.02417370118200779,0.6021243333816528,0.5751643180847168,-0.02936469577252865,0.6421729922294617,0.5782368779182434,-0.03311305120587349,0.4446893036365509,0.623054563999176,-0.036067407578229904,0.5065810084342957,0.6695582866668701,-0.033691007643938065,0.4771406650543213,0.6798550486564636,-0.01893201284110546,0.4480113089084625,0.6743660569190979,-0.00773171242326498,0.43509548902511597,0.6765133142471313,-0.05486619845032692,0.482499361038208,0.7037164568901062,-0.0373791866004467,0.4577687978744507,0.7037103176116943,-0.014028247445821762,0.43229132890701294,0.6944310665130615,0.0028969005215913057,forbice
0.2920991778373718,0.655084490776062,6.761353574802342e-07,0.3490470051765442,0.5908399820327759,0.026088669896125793,0.414724737405777,0.5777225494384766,0.02298072725534439,0.46274206042289734,0.620514452457428,0.011294241063296795,0.49065056443214417,0.6685968637466431,0.0006775581859983504,0.4608651399612427,0.5310659408569336,-0.0014828345738351345,0.5523836016654968,0.536668062210083,-0.013275698758661747,0.6022379994392395,0.5431281924247742,-0.01853194274008274,0.6422941088676453,0.5491254925727844,-0.02087017148733139,0.46051526069641113,0.566029965877533,-0.025098243728280067,0.5569655895233154,0.5750800371170044,-0.04046519473195076,0.6117750406265259,0.5810533761978149,-0.04862508922815323,0.6526862382888794,0.5884516835212708,-0.05395536124706268,0.45337286591529846,0.6119039058685303,-0.04432075098156929,0.5141050219535828,0.6743684411048889,-0.04775439202785492,0.4860868752002716,0.6839631795883179,-0.03408142179250717,0.45817887783050537,0.6755438446998596,-0.02289738692343235,0.4416300654411316,0.6624390482902527,-0.06280843168497086,0.48599234223365784,0.7046617269515991,-0.05052941292524338,0.4633103907108307,0.7045907974243164,-0.029915740713477135,0.44020307064056396,0.6903905272483826,-0.01472910214215517,forbice
0.30778151750564575,0.6458044648170471,7.052544788166415e-07,0.3654199242591858,0.5887650847434998,0.018380939960479736,0.43533608317375183,0.5816348791122437,0.013279466889798641,0.4853907525539398,0.6295874714851379,0.0003416470135562122,0.5130768418312073,0.6791559457778931,-0.011525606736540794,0.4746633768081665,0.5231160521507263,0.0005611826782114804,0.562487781047821,0.5327001214027405,-0.011212611570954323,0.6102041006088257,0.5408671498298645,-0.01796884275972843,0.6484955549240112,0.5459178686141968,-0.021690746769309044,0.47373566031455994,0.5538890361785889,-0.020409125834703445,0.5651495456695557,0.5702369809150696,-0.033295243978500366,0.6177459955215454,0.5782284140586853,-0.04289817065000534,0.6585747003555298,0.5833534002304077,-0.04960174858570099,0.46653351187705994,0.5963321924209595,-0.03866945952177048,0.519052267074585,0.6658761501312256,-0.04349382966756821,0.4888373613357544,0.675565242767334,-0.03543946519494057,0.46246594190597534,0.6636849045753479,-0.028185304254293442,0.4554218649864197,0.6432702541351318,-0.056887052953243256,0.49154144525527954,0.6935457587242126,-0.048286326229572296,0.46760839223861694,0.6939929127693176,-0.03286561742424965,0.4470856189727783,0.678105890750885,-0.02158329077064991,forbice
0.3197459876537323,0.636880099773407,7.276320843629946e-07,0.37492507696151733,0.584977388381958,0.014627913013100624,0.4429865777492523,0.5790106058120728,0.007622090168297291,0.4924796223640442,0.6263103485107422,-0.00660648662596941,0.5204371809959412,0.6768215298652649,-0.019555650651454926,0.48031798005104065,0.5206290483474731,-0.0027530030347406864,0.5667181611061096,0.5310459136962891,-0.016922196373343468,0.6142934560775757,0.5395501255989075,-0.02496163360774517,0.6517170667648315,0.5446066856384277,-0.02926923893392086,0.47813788056373596,0.5470958948135376,-0.02241404354572296,0.5685253739356995,0.566208004951477,-0.03830377012491226,0.6206748485565186,0.5753860473632812,-0.04840800166130066,0.6617803573608398,0.5808530449867249,-0.05472656339406967,0.4701864421367645,0.5854703187942505,-0.03983699530363083,0.5215549468994141,0.6578420996665955,-0.0478704497218132,0.4928918182849884,0.6675933599472046,-0.039839085191488266,0.46835342049598694,0.6564235687255859,-0.03170718252658844,0.4582194685935974,0.6291602253913879,-0.05752077326178551,0.4950205385684967,0.6830843687057495,-0.051501087844371796,0.4728114604949951,0.6849847435951233,-0.036341629922389984,0.4537098705768585,0.6702535152435303,-0.024718422442674637,forbice
0.32825493812561035,0.6384621262550354,7.556362220384472e-07,0.38254302740097046,0.5976399183273315,0.010537635535001755,0.4471701383590698,0.5894403457641602,0.0006059599691070616,0.49679240584373474,0.6306883096694946,-0.015933744609355927,0.5256960988044739,0.6742560863494873,-0.0309105534106493,0.47948890924453735,0.5234761834144592,-0.010138772428035736,0.5638024806976318,0.5329939126968384,-0.02974075824022293,0.6129921674728394,0.5408680438995361,-0.04130224883556366,0.6515515446662903,0.5461807250976562,-0.04770544171333313,0.47476911544799805,0.5438826680183411,-0.029264649376273155,0.5644095540046692,0.5620178580284119,-0.05137990415096283,0.6181261539459229,0.5723550915718079,-0.06314826756715775,0.6601983308792114,0.5798869729042053,-0.06994181126356125,0.4654567539691925,0.577873170375824,-0.04649849981069565,0.5190523266792297,0.6511757373809814,-0.06067713722586632,0.4922650158405304,0.6632875204086304,-0.052539605647325516,0.46756666898727417,0.6546565890312195,-0.043173737823963165,0.4530279338359833,0.6204143166542053,-0.06432928889989853,0.4924972653388977,0.6777613759040833,-0.06407293677330017,0.47239354252815247,0.683632493019104,-0.05016946420073509,0.4536213278770447,0.6710749268531799,-0.03860905393958092,forbice
0.33448171615600586,0.6409276127815247,8.26456982849777e-07,0.392835795879364,0.6299179196357727,0.007968229241669178,0.4517523944377899,0.6197408437728882,-0.005983909126371145,0.4998459219932556,0.6377760767936707,-0.026825198903679848,0.5309208631515503,0.6566804051399231,-0.04612990468740463,0.4820145070552826,0.5208631157875061,-0.01156185194849968,0.559009313583374,0.531640887260437,-0.03761213645339012,0.6093910932540894,0.5400164723396301,-0.05461708456277847,0.6498311161994934,0.5466449856758118,-0.06471402943134308,0.4714055061340332,0.5287113785743713,-0.03262261301279068,0.5608406066894531,0.5482216477394104,-0.06348741054534912,0.6158207654953003,0.5617244243621826,-0.07939404994249344,0.6603549122810364,0.5717934966087341,-0.08818322420120239,0.45769208669662476,0.5544178485870361,-0.05241750553250313,0.5147575736045837,0.6374844908714294,-0.07559505850076675,0.4849446415901184,0.6523634195327759,-0.06867872923612595,0.461019903421402,0.6429716348648071,-0.05925033986568451,0.4438057839870453,0.5947225093841553,-0.07279655337333679,0.4862339198589325,0.6625179052352905,-0.08021719008684158,0.4613240957260132,0.6726647019386292,-0.06805182993412018,0.44111335277557373,0.6575643420219421,-0.05727691948413849,forbice
0.3418143391609192,0.629490315914154,8.271441629403853e-07,0.40822404623031616,0.6420106887817383,0.0013981288066133857,0.459593802690506,0.6342525482177734,-0.013555966317653656,0.5004303455352783,0.6367833614349365,-0.034223880618810654,0.5311066508293152,0.6427908539772034,-0.05294293537735939,0.4813503623008728,0.5136914253234863,-0.011340341530740261,0.5523762702941895,0.5253491401672363,-0.03882727026939392,0.6004208326339722,0.5325973629951477,-0.05785829573869705,0.6392515897750854,0.5365015268325806,-0.06945762038230896,0.4694690406322479,0.5160741209983826,-0.029971279203891754,0.5549328923225403,0.5352234840393066,-0.061979204416275024,0.608515739440918,0.5482264161109924,-0.07889515161514282,0.6535887718200684,0.554620623588562,-0.08776188641786575,0.4555615484714508,0.5373110175132751,-0.04857957363128662,0.5114011168479919,0.625137209892273,-0.07610096037387848,0.4824369251728058,0.6463267803192139,-0.07145092636346817,0.4590744078159332,0.6390686631202698,-0.0623786635696888,0.4422871172428131,0.5748259425163269,-0.06820805370807648,0.4835638403892517,0.6446981430053711,-0.08107424527406693,0.4606725573539734,0.6608357429504395,-0.07120746374130249,0.44103100895881653,0.6486248970031738,-0.06105645000934601,forbice
0.3420821726322174,0.6257877349853516,8.211355293497036e-07,0.41101786494255066,0.6420781016349792,0.0001952150632860139,0.46145087480545044,0.6347965598106384,-0.014495336450636387,0.49982157349586487,0.6350824236869812,-0.03473341092467308,0.5274113416671753,0.6385549306869507,-0.05302350968122482,0.4824365973472595,0.5132380127906799,-0.010743566788733006,0.5508728623390198,0.526425302028656,-0.038346774876117706,0.5979750156402588,0.5337572693824768,-0.057893961668014526,0.6355820298194885,0.536943793296814,-0.07000849395990372,0.4694119989871979,0.5123321413993835,-0.028905708342790604,0.5521883368492126,0.5323768854141235,-0.060941051691770554,0.604946494102478,0.5465424060821533,-0.0782160684466362,0.6492364406585693,0.5531401038169861,-0.08714349567890167,0.45469900965690613,0.5309046506881714,-0.04734363406896591,0.5084186792373657,0.6209471821784973,-0.07576678693294525,0.47983691096305847,0.6439841389656067,-0.07174903154373169,0.4566229283809662,0.6369547247886658,-0.06275561451911926,0.4405824542045593,0.5665479302406311,-0.066926009953022,0.48118796944618225,0.6397001147270203,-0.0813513845205307,0.45921558141708374,0.6576546430587769,-0.07222048938274384,0.43973830342292786,0.6460781097412109,-0.06221916526556015,forbice
0.32139670848846436,0.6390395760536194,8.020230097827152e-07,0.3696989119052887,0.5984140634536743,0.008271116763353348,0.4310770332813263,0.5843565464019775,-0.0033899922855198383,0.48276448249816895,0.6166405081748962,-0.02137516252696514,0.5167158246040344,0.6502588391304016,-0.03795471414923668,0.4592517912387848,0.5063057541847229,-0.01132124476134777,0.5409976243972778,0.5111023187637329,-0.03294687718153,0.5902928113937378,0.5161362290382385,-0.047218725085258484,0.6296346783638,0.5195571184158325,-0.055681012570858,0.4548429548740387,0.5253705382347107,-0.030643871054053307,0.5443583130836487,0.5349187254905701,-0.054835714399814606,0.5995723009109497,0.5400760173797607,-0.0684310719370842,0.6446093320846558,0.543342113494873,-0.0765591487288475,0.44721725583076477,0.5592591166496277,-0.04842474311590195,0.5069536566734314,0.6267660856246948,-0.06517859548330307,0.4793703556060791,0.6412829756736755,-0.05716564506292343,0.45373377203941345,0.6339389681816101,-0.04770329222083092,0.4375290274620056,0.6029468178749084,-0.06690891087055206,0.4831622838973999,0.6559219360351562,-0.06957399845123291,0.4622405171394348,0.6641482710838318,-0.0556228868663311,0.44229331612586975,0.6533963084220886,-0.043728411197662354,forbice
0.31411033868789673,0.6330394744873047,7.47191791106161e-07,0.3633939027786255,0.578658938407898,0.011501792818307877,0.42689427733421326,0.5655537247657776,0.001323734293691814,0.47818732261657715,0.6051137447357178,-0.01493863109499216,0.5094835758209229,0.6485331654548645,-0.03004814311861992,0.4539591670036316,0.504669189453125,-0.015838822349905968,0.5395961403846741,0.5045573115348816,-0.034288570284843445,0.5881851315498352,0.5057500600814819,-0.04441861808300018,0.6263952851295471,0.5058163404464722,-0.05006041377782822,0.4514573812484741,0.5325234532356262,-0.03541649132966995,0.541522741317749,0.5379188060760498,-0.057651255279779434,0.5970842838287354,0.5408057570457458,-0.06874052435159683,0.6403459310531616,0.5432788133621216,-0.07523539662361145,0.4452412724494934,0.5729737281799316,-0.05220745876431465,0.5097914934158325,0.628717839717865,-0.06522393971681595,0.4870239794254303,0.6437263488769531,-0.05425170809030533,0.46232444047927856,0.6395057439804077,-0.04308054968714714,0.43601107597351074,0.6205110549926758,-0.06929659098386765,0.4858972430229187,0.6596868634223938,-0.06683051586151123,0.4687219560146332,0.6659682989120483,-0.04940994456410408,0.4482577443122864,0.658098578453064,-0.03537311032414436,forbice
0.2967381775379181,0.6386756300926208,6.202010354172671e-07,0.34401586651802063,0.5684759020805359,0.015446756035089493,0.4095041751861572,0.5470494031906128,0.010590512305498123,0.459848016500473,0.5803985595703125,-0.0004284608003217727,0.493306964635849,0.6185998916625977,-0.01109000202268362,0.44454407691955566,0.5013757348060608,-0.009171469137072563,0.5299853086471558,0.49764880537986755,-0.022756090387701988,0.5781251192092896,0.49737659096717834,-0.030511850491166115,0.6169941425323486,0.49757999181747437,-0.03447871655225754,0.4470418393611908,0.5404418706893921,-0.02792179584503174,0.5366314649581909,0.5350539088249207,-0.04084433987736702,0.5901730060577393,0.5321337580680847,-0.04866648465394974,0.6317583322525024,0.5308384299278259,-0.054477475583553314,0.44483482837677,0.5893520712852478,-0.04362107813358307,0.5094130635261536,0.6246041655540466,-0.048905424773693085,0.48264428973197937,0.634027361869812,-0.03717382252216339,0.4541735053062439,0.6294951438903809,-0.02719719149172306,0.43806371092796326,0.6409671902656555,-0.059250932186841965,0.48708656430244446,0.6566874980926514,-0.051406897604465485,0.4650634527206421,0.6567937731742859,-0.03222139552235603,0.4406300187110901,0.6505348682403564,-0.017655815929174423,forbice
0.2949261963367462,0.6444247961044312,5.240935934125446e-07,0.33785322308540344,0.5666486620903015,0.023205768316984177,0.3971218168735504,0.5404088497161865,0.022726131603121758,0.4452691972255707,0.5571020245552063,0.015622708946466446,0.47979986667633057,0.585376501083374,0.007852867245674133,0.43952226638793945,0.505873441696167,-0.0068893516436219215,0.5253278613090515,0.49475717544555664,-0.01936669647693634,0.5745983123779297,0.4901893138885498,-0.025578133761882782,0.613856852054596,0.48982664942741394,-0.027408137917518616,0.44710633158683777,0.5503180027008057,-0.025270838290452957,0.5368479490280151,0.5333046317100525,-0.035781968384981155,0.5913447737693787,0.5244768857955933,-0.04119211062788963,0.6313406229019165,0.5206510424613953,-0.04440748691558838,0.4488028585910797,0.6028304100036621,-0.038950785994529724,0.5095627903938293,0.6138336658477783,-0.03851519525051117,0.48755279183387756,0.6180374026298523,-0.023580390959978104,0.46142786741256714,0.6168410181999207,-0.011603050865232944,0.44341841340065,0.6541280150413513,-0.05181122198700905,0.48755764961242676,0.6480143666267395,-0.03875822201371193,0.4684210419654846,0.6473355293273926,-0.016369424760341644,0.446125864982605,0.6479324698448181,0.001185425790026784,forbice
0.29211223125457764,0.655022144317627,4.839085931962472e-07,0.33192890882492065,0.5743675231933594,0.020086292177438736,0.3929187059402466,0.544579029083252,0.02038518153131008,0.44437506794929504,0.5580383539199829,0.014954996295273304,0.47914743423461914,0.5849701762199402,0.008369567804038525,0.4347289800643921,0.5130274891853333,-0.00881278421729803,0.5236783027648926,0.4947383403778076,-0.01976216956973076,0.5737993717193604,0.48938971757888794,-0.02386009506881237,0.6137351989746094,0.48785239458084106,-0.02361414022743702,0.44574275612831116,0.5619049668312073,-0.023831818252801895,0.5362095832824707,0.534861147403717,-0.029662344604730606,0.5904423594474792,0.5215457677841187,-0.03165670111775398,0.630386471748352,0.5139551162719727,-0.03242959827184677,0.450308620929718,0.6153444051742554,-0.03462866693735123,0.5047791600227356,0.604719340801239,-0.03296543285250664,0.483390212059021,0.6045557260513306,-0.020927883684635162,0.4580214023590088,0.6056138277053833,-0.010525805875658989,0.44806331396102905,0.6640839576721191,-0.04452528804540634,0.48686012625694275,0.6398885846138,-0.03264464810490608,0.4677521586418152,0.6351094841957092,-0.013196516782045364,0.4463003873825073,0.6380167603492737,0.002703537931665778,forbice
0.29268962144851685,0.6610468029975891,4.904880483991292e-07,0.33023887872695923,0.5782057642936707,0.012608681805431843,0.39441195130348206,0.5458442568778992,0.012113484553992748,0.4454724192619324,0.5612961053848267,0.008126677013933659,0.4776749908924103,0.5907180309295654,0.00320697040297091,0.43819573521614075,0.519754946231842,-0.013743440620601177,0.5265111327171326,0.5006504058837891,-0.023331495001912117,0.5768073797225952,0.49392232298851013,-0.02645057812333107,0.6163643598556519,0.4898419976234436,-0.026035450398921967,0.4502682089805603,0.5724274516105652,-0.02385672554373741,0.5395022630691528,0.544642984867096,-0.028277887031435966,0.5922744274139404,0.5286028981208801,-0.030419213697314262,0.6319167613983154,0.5181539058685303,-0.03162652254104614,0.45489513874053955,0.6269906163215637,-0.030304711312055588,0.5056504011154175,0.6070172786712646,-0.029933542013168335,0.48302310705184937,0.6014660596847534,-0.021697163581848145,0.4566440284252167,0.6012114882469177,-0.01366476807743311,0.4532570540904999,0.6738402247428894,-0.03610393404960632,0.4834652841091156,0.6404407620429993,-0.02809949778020382,0.4641021490097046,0.6325712203979492,-0.013490069657564163,0.4442428648471832,0.635990560054779,-0.0007315896800719202,forbice
0.2950880527496338,0.6660014986991882,4.666942743369873e-07,0.3302992880344391,0.5827997922897339,0.011326353065669537,0.39488890767097473,0.5462145209312439,0.01230643317103386,0.4495341181755066,0.5541478395462036,0.010883098468184471,0.48377126455307007,0.5745851397514343,0.008977583609521389,0.44395771622657776,0.5274920463562012,-0.014844733290374279,0.53226637840271,0.5082146525382996,-0.02245054394006729,0.5822822451591492,0.5018703937530518,-0.023432742804288864,0.6212395429611206,0.4980778694152832,-0.021377814933657646,0.45437416434288025,0.5810339450836182,-0.022261979058384895,0.5439705848693848,0.5538716912269592,-0.02522420883178711,0.5954670310020447,0.5393701195716858,-0.025623448193073273,0.6332228183746338,0.5318024158477783,-0.02535315230488777,0.45779287815093994,0.6357539296150208,-0.0259733647108078,0.5045353174209595,0.613054633140564,-0.024405106902122498,0.483224481344223,0.603498101234436,-0.01703731156885624,0.4568924009799957,0.602188766002655,-0.009563444182276726,0.4552769362926483,0.680526852607727,-0.0288997832685709,0.48126378655433655,0.6460391879081726,-0.019340137019753456,0.4620562493801117,0.6351220607757568,-0.005579362157732248,0.44221174716949463,0.6372443437576294,0.006386445369571447,forbice
0.2933323383331299,0.6742281913757324,4.242596958192735e-07,0.3298153877258301,0.5847984552383423,0.009887870401144028,0.3965258300304413,0.5456124544143677,0.011493409983813763,0.45347142219543457,0.5511050224304199,0.012220202945172787,0.4902184009552002,0.5683401823043823,0.012638309970498085,0.444219172000885,0.5360908508300781,-0.018095973879098892,0.5339157581329346,0.5165093541145325,-0.02467554248869419,0.5837265849113464,0.5117664933204651,-0.0250582043081522,0.6229247450828552,0.508287250995636,-0.02271416410803795,0.45461687445640564,0.5926390290260315,-0.022506417706608772,0.5443365573883057,0.564024031162262,-0.02328650839626789,0.5956707000732422,0.5490245819091797,-0.022046858444809914,0.6340119242668152,0.539175271987915,-0.02126261219382286,0.4585338532924652,0.6473281979560852,-0.023094700649380684,0.5084356665611267,0.616363525390625,-0.01985764689743519,0.4928357005119324,0.5967445969581604,-0.013490532524883747,0.4690816104412079,0.5875082612037659,-0.007643083110451698,0.45678815245628357,0.689566433429718,-0.022718137130141258,0.481034517288208,0.6455045938491821,-0.01443573459982872,0.465467244386673,0.6232848167419434,-0.003552104579284787,0.4475284218788147,0.6159341931343079,0.00613023154437542,forbice
0.2944224774837494,0.6766336560249329,4.225734073770582e-07,0.3300188183784485,0.5863164067268372,0.009746555238962173,0.3961177468299866,0.5454878807067871,0.011705249547958374,0.4537685215473175,0.5464677214622498,0.013266559690237045,0.4912983775138855,0.5583418607711792,0.01467746403068304,0.44585683941841125,0.5373629331588745,-0.01857038587331772,0.535982608795166,0.5187442302703857,-0.02444261498749256,0.5854654312133789,0.5150224566459656,-0.024380076676607132,0.6243244409561157,0.5121903419494629,-0.02171975001692772,0.455787718296051,0.5944075584411621,-0.02194366045296192,0.5459884405136108,0.567435085773468,-0.021513603627681732,0.5965941548347473,0.5535020232200623,-0.019628159701824188,0.6345056295394897,0.544282078742981,-0.018602663651108742,0.45900672674179077,0.6491484642028809,-0.02136605978012085,0.5089647769927979,0.6181987524032593,-0.01647692359983921,0.4959179759025574,0.5970303416252136,-0.009936483576893806,0.47403088212013245,0.5863144397735596,-0.004507903940975666,0.45670872926712036,0.6911416053771973,-0.019779914990067482,0.47929030656814575,0.6468056440353394,-0.010162071324884892,0.4648075997829437,0.6234787106513977,0.000737305439542979,0.44759076833724976,0.6147996783256531,0.010157385841012001,forbice
0.1965545266866684,0.7968140244483948,4.963721949025057e-07,0.3067065179347992,0.8050556182861328,0.013313470408320427,0.39726707339286804,0.7572160363197327,0.005844672676175833,0.4549744725227356,0.7296226024627686,-0.011083537712693214,0.5121304988861084,0.7086206078529358,-0.03319023177027702,0.3938503563404083,0.627539873123169,-0.01743270270526409,0.46651265025138855,0.5607740879058838,-0.05605364218354225,0.5272420048713684,0.5533655881881714,-0.08461087942123413,0.5812203884124756,0.558384895324707,-0.10558377206325531,0.36542418599128723,0.6167113184928894,-0.05303356796503067,0.4535042643547058,0.5376573801040649,-0.09361379593610764,0.5261948108673096,0.5467913746833801,-0.12656545639038086,0.5853214263916016,0.5672495365142822,-0.15107260644435883,0.3298923373222351,0.6232755184173584,-0.0895075723528862,0.4111792743206024,0.5458554029464722,-0.13022549450397491,0.48721155524253845,0.5530361533164978,-0.16075925529003143,0.5487509369850159,0.5733326077461243,-0.18255314230918884,0.2935647964477539,0.6489980816841125,-0.1242665946483612,0.3525365889072418,0.5898112058639526,-0.16357475519180298,0.4111982583999634,0.583986759185791,-0.18917599320411682,0.4639332890510559,0.5928044319152832,-0.20878304541110992,carta
0.19796405732631683,0.7950400114059448,5.420540105660621e-07,0.29974040389060974,0.8046000003814697,0.0023620754946023226,0.39041346311569214,0.758474588394165,-0.00752188079059124,0.44993889331817627,0.7295088171958923,-0.023756029084324837,0.5071671605110168,0.7086165547370911,-0.04381536319851875,0.3941870331764221,0.6262341737747192,-0.023064881563186646,0.4667358994483948,0.56148761510849,-0.061129067093133926,0.52543044090271,0.5537850260734558,-0.08879748731851578,0.5786185264587402,0.5567115545272827,-0.10834573209285736,0.36591726541519165,0.6116753220558167,-0.05061592534184456,0.451322078704834,0.5333462953567505,-0.0893181711435318,0.521280825138092,0.5405580401420593,-0.11842749267816544,0.5791605710983276,0.5581268072128296,-0.1393653303384781,0.3286224603652954,0.6148674488067627,-0.0798528864979744,0.40810391306877136,0.5388073325157166,-0.11940131336450577,0.4817260503768921,0.5470587015151978,-0.14475466310977936,0.5424954295158386,0.5669249892234802,-0.16179902851581573,0.28829967975616455,0.635532796382904,-0.10842692852020264,0.3454841077327728,0.5774946808815002,-0.14609858393669128,0.4026426672935486,0.5721431970596313,-0.16741907596588135,0.4546564221382141,0.5809200406074524,-0.1826286017894745,carta
0.19479967653751373,0.7935590744018555,5.626215511256305e-07,0.29236140847206116,0.8074573278427124,-0.004181748256087303,0.38602373003959656,0.7644447088241577,-0.01518782414495945,0.4488622844219208,0.7363384366035461,-0.030806811526417732,0.5087196230888367,0.7162342071533203,-0.0497250035405159,0.3982774317264557,0.6273443102836609,-0.025233685970306396,0.47368502616882324,0.5714579820632935,-0.06236112490296364,0.5299042463302612,0.5629686117172241,-0.08955760300159454,0.5818146467208862,0.5635409355163574,-0.10871878266334534,0.36823004484176636,0.6085841655731201,-0.0489528588950634,0.4535250663757324,0.5362125635147095,-0.08588264882564545,0.520443320274353,0.5407366752624512,-0.11265590786933899,0.5772279500961304,0.5560899972915649,-0.13157367706298828,0.32758477330207825,0.6094083786010742,-0.07506708055734634,0.4058667719364166,0.5354647636413574,-0.11413384228944778,0.4755120575428009,0.5406813621520996,-0.13706979155540466,0.5354859828948975,0.557942271232605,-0.15199589729309082,0.28203141689300537,0.6270357966423035,-0.10120735317468643,0.3374783396720886,0.5690514445304871,-0.13924479484558105,0.39162203669548035,0.5619329810142517,-0.15888002514839172,0.4420326352119446,0.5694408416748047,-0.17200930416584015,carta
0.19161219894886017,0.7988883256912231,5.969232006464154e-07,0.286791056394577,0.8202296495437622,-0.011201865039765835,0.382032573223114,0.7826052308082581,-0.023207277059555054,0.44776272773742676,0.7560085654258728,-0.03859560564160347,0.5133528113365173,0.7377918362617493,-0.05664302408695221,0.40074247121810913,0.6377711892127991,-0.0244766678661108,0.47945263981819153,0.5944380760192871,-0.06212560832500458,0.5330504179000854,0.5894361734390259,-0.09026772528886795,0.584855318069458,0.5942097902297974,-0.11048585176467896,0.3715970814228058,0.6101852655410767,-0.044812463223934174,0.45396888256073,0.5448006391525269,-0.08181962370872498,0.5181849002838135,0.5442568063735962,-0.1085239127278328,0.5769834518432617,0.5551853179931641,-0.1276259571313858,0.32747524976730347,0.60367751121521,-0.06886903196573257,0.4009530544281006,0.5286157727241516,-0.10998619347810745,0.4629843831062317,0.5310201048851013,-0.13289426267147064,0.520124614238739,0.5451569557189941,-0.14734748005867004,0.27494707703590393,0.6144688129425049,-0.09369456768035889,0.32527443766593933,0.5520271062850952,-0.13563166558742523,0.374804824590683,0.5410750508308411,-0.15686553716659546,0.42388519644737244,0.545183539390564,-0.17031939327716827,carta
0.18842582404613495,0.8021805882453918,6.32357796348515e-07,0.2840338349342346,0.8229560852050781,-0.014963358640670776,0.3796871304512024,0.7890384197235107,-0.027379576116800308,0.4470897912979126,0.7629313468933105,-0.042516887187957764,0.5137299299240112,0.7447574734687805,-0.05976254865527153,0.40183591842651367,0.6394599080085754,-0.021346697583794594,0.48169416189193726,0.6005856990814209,-0.05797715112566948,0.5353187918663025,0.5985386967658997,-0.08600328862667084,0.5863804221153259,0.605929434299469,-0.10583538562059402,0.3738225996494293,0.6096458435058594,-0.039219874888658524,0.456737756729126,0.5488711595535278,-0.07435578107833862,0.5205889940261841,0.5446844100952148,-0.10109972208738327,0.5785459280014038,0.5526392459869385,-0.12045983225107193,0.33018097281455994,0.6004042625427246,-0.06154157593846321,0.40191468596458435,0.532058835029602,-0.10159383714199066,0.4630611836910248,0.5326536893844604,-0.12494371831417084,0.5191326141357422,0.5450097322463989,-0.13974358141422272,0.2759360373020172,0.6070241928100586,-0.0851193517446518,0.32546380162239075,0.5435701012611389,-0.12608714401721954,0.3745538890361786,0.5345306396484375,-0.14677958190441132,0.4235574007034302,0.5407238006591797,-0.1597670167684555,carta
0.18383918702602386,0.808074951171875,5.956048312327766e-07,0.28216683864593506,0.8294732570648193,-0.008990097790956497,0.38169190287590027,0.792716920375824,-0.020594211295247078,0.4485703110694885,0.7657265067100525,-0.03637686371803284,0.5156474709510803,0.7535896301269531,-0.05521836504340172,0.40048032999038696,0.6543444395065308,-0.024605991318821907,0.47966352105140686,0.6060237884521484,-0.060675859451293945,0.5346540212631226,0.6038652062416077,-0.08811824768781662,0.586250901222229,0.610366940498352,-0.10787075757980347,0.37037134170532227,0.6255691647529602,-0.04608486592769623,0.4566103518009186,0.5560821890830994,-0.08027373254299164,0.5218362808227539,0.560573935508728,-0.10671787708997726,0.5790606141090393,0.5756652355194092,-0.12622897326946259,0.32615289092063904,0.6178845763206482,-0.07052232325077057,0.40225785970687866,0.5392071008682251,-0.10980474203824997,0.46604424715042114,0.5523613691329956,-0.13298146426677704,0.5211058855056763,0.5780532956123352,-0.14797261357307434,0.2740391492843628,0.6272690296173096,-0.09543075412511826,0.3288041651248932,0.5668425559997559,-0.13488739728927612,0.3787404000759125,0.5732550024986267,-0.1538330614566803,0.4236079454421997,0.5963072180747986,-0.16595615446567535,carta
0.18715783953666687,0.810580849647522,6.801851100135536e-07,0.28782278299331665,0.8189476728439331,-0.010211247950792313,0.38396647572517395,0.7762606739997864,-0.027855252847075462,0.45014190673828125,0.7486670017242432,-0.04992259666323662,0.5137431025505066,0.7305235266685486,-0.07629561424255371,0.3855450749397278,0.640642523765564,-0.04419413208961487,0.4612250030040741,0.5698875188827515,-0.0911204144358635,0.5230957865715027,0.5663502216339111,-0.12507852911949158,0.5789403319358826,0.5755065083503723,-0.14777573943138123,0.35255345702171326,0.6232924461364746,-0.06759574264287949,0.4440637230873108,0.5445387363433838,-0.11208551377058029,0.5135526657104492,0.5619325637817383,-0.14499838650226593,0.5695803165435791,0.5897938013076782,-0.16831639409065247,0.30951938033103943,0.6239047050476074,-0.092866912484169,0.39235827326774597,0.5549472570419312,-0.13935883343219757,0.4608158469200134,0.5793891549110413,-0.1667584329843521,0.5142911672592163,0.6142155528068542,-0.18385902047157288,0.26107457280158997,0.6439421772956848,-0.11816549301147461,0.3246636986732483,0.5952906012535095,-0.16103234887123108,0.37633609771728516,0.6174474358558655,-0.18132850527763367,0.41683733463287354,0.6545310616493225,-0.19429506361484528,carta
0.18272070586681366,0.8076032996177673,6.519402404592256e-07,0.2867565155029297,0.8157674670219421,-0.005722871050238609,0.382273405790329,0.7734344601631165,-0.018741635605692863,0.4489230811595917,0.7445299029350281,-0.03722165897488594,0.510413408279419,0.7243116497993469,-0.059471841901540756,0.3826161026954651,0.6394879221916199,-0.03232932463288307,0.45608001947402954,0.5715962648391724,-0.07609376311302185,0.5181012749671936,0.570196270942688,-0.10844750702381134,0.5728906989097595,0.5793460607528687,-0.13029445707798004,0.35164064168930054,0.6206581592559814,-0.05717027559876442,0.4424709677696228,0.5520522594451904,-0.09926149994134903,0.5120902061462402,0.5729471445083618,-0.13003790378570557,0.5675044059753418,0.6032916307449341,-0.15155602991580963,0.310188889503479,0.620990514755249,-0.08420441299676895,0.3951873779296875,0.562555193901062,-0.12912693619728088,0.4632992744445801,0.5931781530380249,-0.1542055755853653,0.5165634751319885,0.6336218118667603,-0.1693401336669922,0.26249828934669495,0.6412882804870605,-0.11131127178668976,0.32654109597206116,0.6017110347747803,-0.1539629101753235,0.37816596031188965,0.6314585208892822,-0.17313912510871887,0.4185527563095093,0.6758643388748169,-0.18459509313106537,carta
0.18243448436260223,0.8003023266792297,6.548170858877711e-07,0.28748786449432373,0.8050676584243774,-0.001644960604608059,0.38128143548965454,0.7633002996444702,-0.01458060834556818,0.44609203934669495,0.7330173254013062,-0.03367704898118973,0.5061851739883423,0.7108116149902344,-0.056795306503772736,0.38046497106552124,0.6324893832206726,-0.03258734196424484,0.4573167562484741,0.5710242986679077,-0.07673481106758118,0.5203871726989746,0.5690971612930298,-0.10937236249446869,0.5761638879776001,0.5765516757965088,-0.1316969096660614,0.3497409224510193,0.6148070096969604,-0.06020142138004303,0.4435536563396454,0.5491479635238647,-0.10364271700382233,0.5134559869766235,0.5722380876541138,-0.13579991459846497,0.5689524412155151,0.6041028499603271,-0.15819551050662994,0.3090522587299347,0.6185329556465149,-0.08925130218267441,0.3958735466003418,0.5656377673149109,-0.1341089904308319,0.4645044505596161,0.5998038053512573,-0.16049696505069733,0.518119215965271,0.6428964138031006,-0.176895871758461,0.26306867599487305,0.6439641118049622,-0.1179683730006218,0.3251194953918457,0.6075425148010254,-0.16020676493644714,0.3778077960014343,0.6339743733406067,-0.18089546263217926,0.4206271171569824,0.6755706071853638,-0.19401781260967255,carta
0.16520853340625763,0.781252920627594,5.116277748129505e-07,0.2912060618400574,0.7745729684829712,0.059336837381124496,0.3710031807422638,0.7335188984870911,0.06236126273870468,0.42433226108551025,0.7075912356376648,0.04691002890467644,0.47694331407546997,0.6895192861557007,0.02240811474621296,0.36382487416267395,0.5991615056991577,-0.01059573981910944,0.44938021898269653,0.5517534017562866,-0.054347049444913864,0.514164924621582,0.5586827397346497,-0.08693874627351761,0.5672142505645752,0.5744218826293945,-0.11182039976119995,0.33159083127975464,0.5959129333496094,-0.07530239969491959,0.4385116696357727,0.5465744733810425,-0.1282811015844345,0.5198681354522705,0.5690759420394897,-0.16498136520385742,0.5786170959472656,0.5990825891494751,-0.19159676134586334,0.29326528310775757,0.6185486316680908,-0.13560765981674194,0.3987855911254883,0.5768819451332092,-0.18920764327049255,0.47563618421554565,0.605923056602478,-0.22178404033184052,0.5320114493370056,0.6372327208518982,-0.24394860863685608,0.255436509847641,0.6649768352508545,-0.18927660584449768,0.3308996558189392,0.6392606496810913,-0.2385302484035492,0.39037302136421204,0.6592097282409668,-0.2640150785446167,0.4363875091075897,0.6940988898277283,-0.2829999327659607,carta
0.1517203003168106,0.785798192024231,5.105644618197402e-07,0.2854900062084198,0.7843772172927856,0.05746735632419586,0.3617628514766693,0.7399294376373291,0.06253813207149506,0.41551798582077026,0.7201489806175232,0.05102921649813652,0.46490976214408875,0.7081165313720703,0.032574355602264404,0.3518277406692505,0.5909176468849182,-0.005721293855458498,0.4480844736099243,0.5596305727958679,-0.043171994388103485,0.5138276815414429,0.5620460510253906,-0.07022016495466232,0.5693708062171936,0.5709784626960754,-0.09174788743257523,0.32613664865493774,0.5929837226867676,-0.0644899383187294,0.4454411566257477,0.5570017695426941,-0.10975586622953415,0.5276294946670532,0.575290322303772,-0.1402629017829895,0.5931559205055237,0.600070059299469,-0.163242369890213,0.2964692711830139,0.6261422634124756,-0.11875498294830322,0.41336730122566223,0.5969333052635193,-0.16414423286914825,0.4893370568752289,0.6280868053436279,-0.19018998742103577,0.5491632223129272,0.6587870121002197,-0.2090652585029602,0.2695322036743164,0.6840222477912903,-0.1669462025165558,0.3472232520580292,0.671401858329773,-0.21137723326683044,0.40332624316215515,0.6942650079727173,-0.2334849238395691,0.45165446400642395,0.7244042754173279,-0.24996064603328705,carta
0.151022806763649,0.7797104716300964,5.618602472168277e-07,0.27971503138542175,0.7832210063934326,0.04944515973329544,0.35558614134788513,0.7386825680732727,0.05145604908466339,0.40898436307907104,0.7192217111587524,0.03933091089129448,0.45667344331741333,0.7101278305053711,0.0209907628595829,0.3507193326950073,0.5924786329269409,-0.013743491843342781,0.4520605206489563,0.5600774884223938,-0.0497322715818882,0.5190862417221069,0.5615702867507935,-0.07444927096366882,0.574944257736206,0.5697428584098816,-0.09370779246091843,0.32552623748779297,0.5939991474151611,-0.06570160388946533,0.4485490024089813,0.5570706129074097,-0.10801441967487335,0.5296511054039001,0.573474645614624,-0.1363675594329834,0.593817949295044,0.5967915654182434,-0.1578822135925293,0.296696275472641,0.6266758441925049,-0.11292144656181335,0.41550496220588684,0.6007290482521057,-0.15459607541561127,0.49222832918167114,0.6299472451210022,-0.17888931930065155,0.55269855260849,0.6588159203529358,-0.19702252745628357,0.2706374526023865,0.6841953992843628,-0.15448470413684845,0.3485397398471832,0.677273154258728,-0.19553826749324799,0.4045821726322174,0.6984084248542786,-0.2159290760755539,0.45300382375717163,0.7233661413192749,-0.2312832623720169,carta
0.15045058727264404,0.7823784947395325,5.372111786527967e-07,0.27100199460983276,0.7801247835159302,0.054922427982091904,0.3473608195781708,0.7406857013702393,0.059189096093177795,0.40316155552864075,0.7268880605697632,0.04943118989467621,0.4542180895805359,0.7220859527587891,0.0339861661195755,0.342456191778183,0.5972988605499268,-0.01348032709211111,0.4496549367904663,0.5641908645629883,-0.04622847959399223,0.517566978931427,0.5649884343147278,-0.06677453219890594,0.5724023580551147,0.5732037425041199,-0.08275671303272247,0.3199789226055145,0.6043705940246582,-0.065288245677948,0.4460895359516144,0.5646241307258606,-0.10508402436971664,0.5282789468765259,0.5777615308761597,-0.12955959141254425,0.591050922870636,0.5993796586990356,-0.14854075014591217,0.2949737310409546,0.6415457725524902,-0.11127625405788422,0.4170834422111511,0.6179523468017578,-0.1499650627374649,0.49369871616363525,0.6422779560089111,-0.17110690474510193,0.5523450374603271,0.6670826077461243,-0.18748420476913452,0.27397599816322327,0.7009947299957275,-0.15079490840435028,0.35360243916511536,0.7004354596138,-0.1901852935552597,0.41021227836608887,0.7178792357444763,-0.2098565548658371,0.4581861197948456,0.7372978329658508,-0.22471509873867035,carta
0.1402708888053894,0.7753697633743286,6.792189424231765e-07,0.23999106884002686,0.7456803917884827,0.04048101231455803,0.3243498206138611,0.7032249569892883,0.036722928285598755,0.3908245265483856,0.6927960515022278,0.022168753668665886,0.44573646783828735,0.6897185444831848,0.0034155014436692,0.33616361021995544,0.5918245315551758,-0.03268110752105713,0.45769837498664856,0.5630007982254028,-0.06933116912841797,0.5291184186935425,0.5711770057678223,-0.0888151153922081,0.5853501558303833,0.5865011215209961,-0.1011071652173996,0.3139176070690155,0.6089892387390137,-0.07597707211971283,0.45168831944465637,0.5818881988525391,-0.11684595793485641,0.5362101197242737,0.6057537198066711,-0.1352965533733368,0.5973343253135681,0.6366769075393677,-0.14724677801132202,0.28966161608695984,0.656282901763916,-0.11407943814992905,0.42385610938072205,0.637798547744751,-0.15226805210113525,0.503102719783783,0.6658328175544739,-0.16648223996162415,0.561414361000061,0.6942497491836548,-0.1749630570411682,0.26793941855430603,0.7257620096206665,-0.14704541862010956,0.35984063148498535,0.7240402698516846,-0.17943359911441803,0.4172569215297699,0.7448251843452454,-0.18981967866420746,0.4631059765815735,0.7690471410751343,-0.19585825502872467,carta
0.13543061912059784,0.7811168432235718,6.412316224668757e-07,0.22327162325382233,0.714462161064148,0.034805603325366974,0.30668240785598755,0.6628077626228333,0.028317561373114586,0.37284016609191895,0.6492501497268677,0.01348317414522171,0.4295327663421631,0.6449049115180969,-0.004538003355264664,0.3372356593608856,0.595966100692749,-0.04438982903957367,0.46212732791900635,0.564814567565918,-0.08201627433300018,0.5285448431968689,0.5733405947685242,-0.09988484531641006,0.5790066123008728,0.5879111289978027,-0.11024907231330872,0.3151751160621643,0.6205947995185852,-0.08304254710674286,0.45500922203063965,0.5988003015518188,-0.12347888201475143,0.5359432697296143,0.6244757771492004,-0.1383543461561203,0.5944480895996094,0.656035840511322,-0.14775481820106506,0.29009300470352173,0.6714599132537842,-0.11651281267404556,0.42484357953071594,0.6588457226753235,-0.1528085619211197,0.5033497214317322,0.6912343502044678,-0.16468146443367004,0.5632839798927307,0.7239289879798889,-0.17183390259742737,0.2669203579425812,0.7431612014770508,-0.14522136747837067,0.36071258783340454,0.7492297291755676,-0.17413057386875153,0.4166950583457947,0.7741801142692566,-0.18218718469142914,0.4628552496433258,0.8003898859024048,-0.18679407238960266,carta
0.13013111054897308,0.7841735482215881,6.687377549496887e-07,0.2128273993730545,0.7118741869926453,0.033668793737888336,0.29709625244140625,0.6578607559204102,0.02839992567896843,0.3651922345161438,0.6418898105621338,0.015601572580635548,0.4225865602493286,0.6395379304885864,0.0002549162891227752,0.3317297399044037,0.5995842218399048,-0.04243123531341553,0.4586515426635742,0.5652205348014832,-0.07853983342647552,0.5274509787559509,0.5724372267723083,-0.09541875123977661,0.5796326994895935,0.5866774916648865,-0.10475967824459076,0.3123548924922943,0.626236617565155,-0.07830499112606049,0.45444878935813904,0.6004750728607178,-0.11611301451921463,0.5364946126937866,0.6250960826873779,-0.12934838235378265,0.5955082178115845,0.6562231183052063,-0.1373269408941269,0.28938549757003784,0.6784423589706421,-0.10895097255706787,0.4238153100013733,0.6621397733688354,-0.14120543003082275,0.5009446740150452,0.692488968372345,-0.14967264235019684,0.5593485832214355,0.7253655195236206,-0.15477491915225983,0.26717811822891235,0.7512454986572266,-0.1352969855070114,0.35992443561553955,0.7593249678611755,-0.16068045794963837,0.4164479374885559,0.7819349765777588,-0.16649658977985382,0.46433353424072266,0.8051642179489136,-0.16935306787490845,carta
0.12749706208705902,0.7858778834342957,6.900180551383528e-07,0.21121186017990112,0.7152378559112549,0.029374297708272934,0.2990542948246002,0.6643503308296204,0.02273516170680523,0.36915943026542664,0.6536716222763062,0.009179633110761642,0.4275113344192505,0.6548580527305603,-0.007116703316569328,0.33295345306396484,0.6041385531425476,-0.045713160187006,0.46088966727256775,0.571603536605835,-0.08157891035079956,0.5304896235466003,0.5783156156539917,-0.09827528148889542,0.5830014944076538,0.591601550579071,-0.10763755440711975,0.3134025037288666,0.6322453022003174,-0.08025679737329483,0.45542263984680176,0.610676646232605,-0.11714731156826019,0.5378135442733765,0.6377115845680237,-0.12996233999729156,0.5974458456039429,0.6711519360542297,-0.13764561712741852,0.2897893190383911,0.6864978671073914,-0.11000268161296844,0.4232916235923767,0.6724526882171631,-0.1415717601776123,0.5010152459144592,0.7013949155807495,-0.15073607861995697,0.5602173805236816,0.7326484322547913,-0.15649409592151642,0.2660731077194214,0.7612614035606384,-0.13589708507061005,0.3589774966239929,0.7725340723991394,-0.16066114604473114,0.4167008697986603,0.7946268916130066,-0.16666273772716522,0.46564507484436035,0.8180318474769592,-0.16981041431427002,carta
0.12533332407474518,0.7869113087654114,7.064250553412421e-07,0.20911645889282227,0.7159052491188049,0.029650824144482613,0.2963603734970093,0.6648154854774475,0.022243570536375046,0.3655582070350647,0.6539831757545471,0.007714947685599327,0.42312416434288025,0.6558090448379517,-0.009529114700853825,0.33097127079963684,0.6036335229873657,-0.046775467693805695,0.4588823914527893,0.5708975791931152,-0.08448907732963562,0.5287103056907654,0.5780354738235474,-0.10257811099290848,0.5816853046417236,0.5920075178146362,-0.11270403116941452,0.3111836016178131,0.6304115056991577,-0.0820503905415535,0.45386284589767456,0.6096321940422058,-0.12091974914073944,0.5369184017181396,0.6366947889328003,-0.13505756855010986,0.5971615314483643,0.6701348423957825,-0.14359228312969208,0.2870505452156067,0.6830717325210571,-0.1124652773141861,0.4215227961540222,0.6689152121543884,-0.14600980281829834,0.49978363513946533,0.6985309720039368,-0.15612055361270905,0.5591269135475159,0.7307783365249634,-0.1622549593448639,0.26289498805999756,0.7564401626586914,-0.13891202211380005,0.35664162039756775,0.7673549652099609,-0.16477178037166595,0.4138379395008087,0.7915157675743103,-0.1709076315164566,0.4614851474761963,0.8169720768928528,-0.17406389117240906,carta
0.14184755086898804,0.7945337295532227,5.910380309614993e-07,0.2763844430446625,0.8032119870185852,0.04822201281785965,0.3545432388782501,0.7675132155418396,0.049481093883514404,0.4052693843841553,0.7519305944442749,0.03633279353380203,0.4491347074508667,0.7408815622329712,0.018068669363856316,0.34917742013931274,0.6009075045585632,-0.007876651361584663,0.45475128293037415,0.5770995616912842,-0.04306570068001747,0.5216039419174194,0.5937756299972534,-0.06815703213214874,0.5753911733627319,0.6146072745323181,-0.08721904456615448,0.3232055902481079,0.6022716760635376,-0.05871564522385597,0.4525461196899414,0.5791025161743164,-0.09863057732582092,0.5323401093482971,0.612637460231781,-0.12507210671901703,0.5914918184280396,0.6494489312171936,-0.14476865530014038,0.2931014597415924,0.636019229888916,-0.1053493544459343,0.4168356657028198,0.6222599148750305,-0.1449315994977951,0.4928150773048401,0.6640573143959045,-0.16590550541877747,0.5498617887496948,0.7027816772460938,-0.18112348020076752,0.2657841742038727,0.695954442024231,-0.14679570496082306,0.3463101387023926,0.6954217553138733,-0.18432052433490753,0.4009949266910553,0.7264714241027832,-0.20011478662490845,0.4452464282512665,0.7611088156700134,-0.21157865226268768,carta
0.16263575851917267,0.793893039226532,5.798936513201625e-07,0.29576918482780457,0.7982582449913025,0.03954675421118736,0.37690335512161255,0.7572647333145142,0.0393972247838974,0.430769681930542,0.7309942841529846,0.025423364713788033,0.47931477427482605,0.7074083089828491,0.006775576621294022,0.3606359362602234,0.6007108688354492,-0.000360587117029354,0.45551738142967224,0.569107174873352,-0.035380277782678604,0.5222488641738892,0.5815394520759583,-0.0640171691775322,0.576702356338501,0.5978913903236389,-0.08582516759634018,0.3331596255302429,0.5947638750076294,-0.04765420779585838,0.4539637863636017,0.5598049163818359,-0.08602004498243332,0.5310651659965515,0.5919419527053833,-0.11568046361207962,0.5869413614273071,0.6254280805587769,-0.13729225099086761,0.3043835163116455,0.6198767423629761,-0.09259762614965439,0.42112475633621216,0.5933815240859985,-0.12996311485767365,0.4959719777107239,0.6334599852561951,-0.1528373807668686,0.5501129031181335,0.6705505847930908,-0.16927534341812134,0.2771991789340973,0.6705219149589539,-0.13386490941047668,0.3550865650177002,0.6588433980941772,-0.1679358333349228,0.4100426733493805,0.6842668056488037,-0.18377546966075897,0.4542728066444397,0.7161238789558411,-0.19549190998077393,carta
0.16463978588581085,0.7895391583442688,5.985689313092735e-07,0.28904950618743896,0.7964001893997192,0.026401564478874207,0.38033318519592285,0.7552148699760437,0.020122570917010307,0.44066619873046875,0.7290430665016174,0.0023366601672023535,0.4949353337287903,0.7008352875709534,-0.020526884123682976,0.3625011146068573,0.6055037975311279,-0.019394153729081154,0.4519786536693573,0.564604640007019,-0.06064162403345108,0.5193504095077515,0.5776212215423584,-0.09363941103219986,0.5749321579933167,0.5971813201904297,-0.11791589856147766,0.33119428157806396,0.597140908241272,-0.0624612495303154,0.44783514738082886,0.5504922270774841,-0.10557295382022858,0.5249614715576172,0.5843038558959961,-0.14063353836536407,0.5812898874282837,0.6210405230522156,-0.16629955172538757,0.2983078360557556,0.6175605654716492,-0.10361223667860031,0.4069407284259796,0.5815660357475281,-0.1436522752046585,0.48377665877342224,0.6180000305175781,-0.17213250696659088,0.5392669439315796,0.6570455431938171,-0.19281481206417084,0.2663176655769348,0.6634063124656677,-0.14213283360004425,0.3422851860523224,0.6396422982215881,-0.1786382496356964,0.40056857466697693,0.6624398231506348,-0.19904018938541412,0.44624149799346924,0.6975179314613342,-0.21464382112026215,carta
0.17668010294437408,0.788338303565979,6.464683224294276e-07,0.29586970806121826,0.792367696762085,0.01951834000647068,0.3870353400707245,0.7546284198760986,0.006868424825370312,0.44889432191848755,0.7332385778427124,-0.01660062000155449,0.5063915848731995,0.7077103853225708,-0.04577836021780968,0.3659532964229584,0.6091410517692566,-0.03586210682988167,0.45343005657196045,0.562714695930481,-0.08602360635995865,0.521039605140686,0.5777300000190735,-0.12393787503242493,0.577330470085144,0.6028024554252625,-0.15074138343334198,0.33311235904693604,0.6013723611831665,-0.07902779430150986,0.44398626685142517,0.5519250631332397,-0.13065379858016968,0.5205453038215637,0.5875667333602905,-0.16958437860012054,0.5762264132499695,0.6278889179229736,-0.19797436892986298,0.29760685563087463,0.6207568049430847,-0.1207827627658844,0.39815232157707214,0.583148717880249,-0.16870896518230438,0.4740353226661682,0.620335578918457,-0.2003728449344635,0.528424084186554,0.6614487171173096,-0.22268444299697876,0.2628258466720581,0.6643808484077454,-0.16017308831214905,0.33488357067108154,0.633240818977356,-0.20198097825050354,0.39366939663887024,0.6540293097496033,-0.2250848114490509,0.43879756331443787,0.6898626685142517,-0.242793470621109,carta
0.17955367267131805,0.7863447070121765,6.246497719075705e-07,0.2969968020915985,0.7916548252105713,0.017278913408517838,0.38799557089805603,0.7548866271972656,0.004131648223847151,0.44939321279525757,0.7341982126235962,-0.01996752992272377,0.5089057087898254,0.7137011289596558,-0.05001335218548775,0.3737119436264038,0.6155204176902771,-0.03413955867290497,0.4570499360561371,0.5637033581733704,-0.08429156988859177,0.5230135917663574,0.5751817226409912,-0.12226614356040955,0.5791624784469604,0.5980467796325684,-0.1493171602487564,0.34105047583580017,0.6072179675102234,-0.07728780806064606,0.44603782892227173,0.5499769449234009,-0.12980246543884277,0.5200954079627991,0.5836215615272522,-0.16992026567459106,0.5745292901992798,0.6249910593032837,-0.1989089846611023,0.3036474585533142,0.6228532791137695,-0.1196889579296112,0.3989156484603882,0.5767126679420471,-0.16946935653686523,0.4734221398830414,0.6123753190040588,-0.20333829522132874,0.5276491641998291,0.6550974249839783,-0.22687503695487976,0.2656274139881134,0.6610513925552368,-0.1599128544330597,0.33153995871543884,0.6253830790519714,-0.20479914546012878,0.3889474868774414,0.6461578607559204,-0.23071815073490143,0.43400952219963074,0.6833544373512268,-0.25019124150276184,carta
0.18037141859531403,0.7873084545135498,6.05862396696466e-07,0.2947923243045807,0.7942179441452026,0.012368295341730118,0.38738104701042175,0.7582284212112427,-0.0008370102732442319,0.4489814043045044,0.7378705739974976,-0.02373124286532402,0.5080596208572388,0.7192257642745972,-0.052134424448013306,0.37685465812683105,0.6190919876098633,-0.03377135843038559,0.4590783417224884,0.5622425675392151,-0.08195650577545166,0.5240713357925415,0.5739640593528748,-0.11844928562641144,0.5794082880020142,0.5979173183441162,-0.14404968917369843,0.3448890447616577,0.609235405921936,-0.07247079908847809,0.4473133683204651,0.5507237315177917,-0.12182135879993439,0.5195966362953186,0.5855158567428589,-0.16022510826587677,0.5728623867034912,0.6278804540634155,-0.18784379959106445,0.3071686625480652,0.6226580739021301,-0.11081954091787338,0.4002097249031067,0.5732451677322388,-0.157566636800766,0.47338104248046875,0.6097500324249268,-0.18962350487709045,0.526759922504425,0.6543256640434265,-0.2117481380701065,0.2678777575492859,0.6584166884422302,-0.14748986065387726,0.3324635624885559,0.6188218593597412,-0.18975836038589478,0.38826656341552734,0.6411222815513611,-0.2136373221874237,0.4317113161087036,0.6803245544433594,-0.2312566339969635,carta
0.17812182009220123,0.7880043387413025,6.216313863660616e-07,0.29002147912979126,0.7965776920318604,0.006749938242137432,0.3826266825199127,0.7621976733207703,-0.007196015678346157,0.44506826996803284,0.7425588965415955,-0.029667213559150696,0.5053567886352539,0.7249548435211182,-0.05708007514476776,0.3790203034877777,0.620734453201294,-0.03187653049826622,0.45895451307296753,0.5650042295455933,-0.07856962829828262,0.5221054553985596,0.5772006511688232,-0.11445071548223495,0.5759548544883728,0.6005953550338745,-0.13948668539524078,0.3477132320404053,0.6073092222213745,-0.0664883479475975,0.4460015594959259,0.5497591495513916,-0.11296947300434113,0.5159420371055603,0.5854642987251282,-0.15006482601165771,0.5684981346130371,0.6284375190734863,-0.17680960893630981,0.3081212043762207,0.616650402545929,-0.1014978438615799,0.39858484268188477,0.5686370134353638,-0.14678247272968292,0.4689018428325653,0.6070589423179626,-0.17754219472408295,0.5210049748420715,0.6530119776725769,-0.19858099520206451,0.26531708240509033,0.6490370631217957,-0.13536329567432404,0.3285831809043884,0.6139847040176392,-0.17702487111091614,0.38250279426574707,0.640254557132721,-0.19966596364974976,0.42470598220825195,0.6817327737808228,-0.21580363810062408,carta
0.1791563183069229,0.7938477396965027,6.318095415736025e-07,0.2848399877548218,0.802280843257904,-0.0011690594255924225,0.3783052861690521,0.7692701816558838,-0.01726127229630947,0.44343721866607666,0.7502257823944092,-0.039855293929576874,0.5057981014251709,0.7319324016571045,-0.06643672287464142,0.3793568015098572,0.6251175999641418,-0.03501678630709648,0.4574415683746338,0.5687514543533325,-0.08026851713657379,0.5189597606658936,0.5813129544258118,-0.11428716778755188,0.5714337825775146,0.6042863726615906,-0.13740138709545135,0.34864479303359985,0.6092522144317627,-0.06372231245040894,0.44392916560173035,0.5499163866043091,-0.10615997016429901,0.5125261545181274,0.584389865398407,-0.13868655264377594,0.5643426775932312,0.6260218024253845,-0.16215524077415466,0.30825814604759216,0.6161177158355713,-0.09359486401081085,0.3963788151741028,0.5655240416526794,-0.1359705924987793,0.4635674059391022,0.6039555668830872,-0.1615934669971466,0.5142825841903687,0.6497993469238281,-0.1787862777709961,0.26370471715927124,0.6462308168411255,-0.12314636260271072,0.32526206970214844,0.6085760593414307,-0.16247549653053284,0.3765857219696045,0.6367189884185791,-0.18111971020698547,0.4164242744445801,0.6799469590187073,-0.19355469942092896,carta
0.17929905652999878,0.7966298460960388,6.579531373063219e-07,0.281200110912323,0.8069855570793152,-0.006799208465963602,0.3742501139640808,0.7727580070495605,-0.025035303086042404,0.4405096769332886,0.7546102404594421,-0.048632364720106125,0.5039566159248352,0.7409985661506653,-0.07629793882369995,0.3782651722431183,0.630827784538269,-0.04189380258321762,0.45537614822387695,0.5709766149520874,-0.0895327553153038,0.5163376927375793,0.5845673084259033,-0.12524046003818512,0.5689407587051392,0.6097104549407959,-0.14941315352916718,0.3474777638912201,0.6142794489860535,-0.0678815096616745,0.44270607829093933,0.5510842800140381,-0.1126917153596878,0.5108200907707214,0.5853837728500366,-0.14715686440467834,0.5628452897071838,0.6277894377708435,-0.17196179926395416,0.30664321780204773,0.6182410717010498,-0.095328189432621,0.39384767413139343,0.563087522983551,-0.14017663896083832,0.46027517318725586,0.6005173921585083,-0.1677768975496292,0.5102986693382263,0.6470581889152527,-0.18593458831310272,0.26051753759384155,0.6435712575912476,-0.12277225404977798,0.32237759232521057,0.6039769649505615,-0.16424888372421265,0.3736679255962372,0.6308279037475586,-0.1847686618566513,0.41356295347213745,0.6730000376701355,-0.19841352105140686,carta
0.18007303774356842,0.8002078533172607,6.623939157179848e-07,0.2805415987968445,0.8098082542419434,-0.00920155644416809,0.3735995590686798,0.7741445302963257,-0.028195276856422424,0.44064924120903015,0.7551613450050354,-0.05212436988949776,0.5046300292015076,0.7409514784812927,-0.0799577459692955,0.37917762994766235,0.6342292428016663,-0.04343951493501663,0.4548114836215973,0.5709801912307739,-0.09127157181501389,0.5153685808181763,0.5824928879737854,-0.1268617957830429,0.5678495764732361,0.6058327555656433,-0.1507977396249771,0.34768912196159363,0.617609977722168,-0.06793847680091858,0.4409421980381012,0.5506489872932434,-0.11328281462192535,0.5084120035171509,0.585740864276886,-0.1468348652124405,0.5596217513084412,0.6290896534919739,-0.17057207226753235,0.3062228560447693,0.6203083395957947,-0.09416431933641434,0.39089280366897583,0.5605993270874023,-0.13943524658679962,0.45639270544052124,0.599420964717865,-0.16518814861774445,0.5056699514389038,0.6472989320755005,-0.1815851777791977,0.25909319519996643,0.642886757850647,-0.12067370861768723,0.3204759359359741,0.5996092557907104,-0.16181226074695587,0.37095069885253906,0.6274118423461914,-0.18079353868961334,0.41004255414009094,0.6701683402061462,-0.1929904818534851,carta
0.1782531887292862,0.7945261001586914,6.508614092126663e-07,0.28049254417419434,0.8055393099784851,-0.006477014161646366,0.37443408370018005,0.7699772119522095,-0.023369845002889633,0.4404253363609314,0.749796986579895,-0.045499883592128754,0.5026702880859375,0.7346197366714478,-0.07183186709880829,0.3779261112213135,0.6301461458206177,-0.040361374616622925,0.45504623651504517,0.5718549489974976,-0.08673684298992157,0.516039252281189,0.5818719863891602,-0.12131653726100922,0.5686066150665283,0.6033987998962402,-0.14487746357917786,0.346711665391922,0.6135176420211792,-0.06590938568115234,0.4409717619419098,0.5522938966751099,-0.11024489998817444,0.5082425475120544,0.584551215171814,-0.14413957297801971,0.5599159002304077,0.6249567270278931,-0.16842739284038544,0.30558302998542786,0.6171162128448486,-0.09296316653490067,0.3911969065666199,0.5622180104255676,-0.1377231627702713,0.4576472342014313,0.5965548157691956,-0.16525332629680634,0.508523166179657,0.6401873826980591,-0.18330810964107513,0.25907206535339355,0.6413838267326355,-0.11994946748018265,0.31969648599624634,0.601889431476593,-0.16169607639312744,0.37096667289733887,0.6268973350524902,-0.18260431289672852,0.41192546486854553,0.6671342849731445,-0.19647587835788727,carta
0.17652179300785065,0.7935387492179871,6.488550639005553e-07,0.2790650725364685,0.802868127822876,-0.005553222727030516,0.37308797240257263,0.7670745849609375,-0.021590718999505043,0.4389999210834503,0.7460216283798218,-0.043047595769166946,0.5011866092681885,0.7300642132759094,-0.06830362975597382,0.37635958194732666,0.6262113451957703,-0.036824990063905716,0.45315030217170715,0.5692309141159058,-0.08186698704957962,0.5146503448486328,0.5773900151252747,-0.11562434583902359,0.5676137804985046,0.5969555377960205,-0.13865548372268677,0.34544116258621216,0.6089450716972351,-0.062373291701078415,0.4390198886394501,0.5489479899406433,-0.10562264174222946,0.5068617463111877,0.5809742212295532,-0.1383788138628006,0.55897456407547,0.6213484406471252,-0.16161952912807465,0.3051004707813263,0.6128771901130676,-0.08946993201971054,0.3903886079788208,0.5612759590148926,-0.13287030160427094,0.4565228223800659,0.5970054268836975,-0.15850207209587097,0.5073410272598267,0.641312837600708,-0.17510099709033966,0.2596972584724426,0.6381565928459167,-0.11663814634084702,0.3203788697719574,0.6007580161094666,-0.15698350965976715,0.37099581956863403,0.6264222264289856,-0.176334947347641,0.41165101528167725,0.6667487025260925,-0.18886525928974152,carta
0.1703139841556549,0.7857629060745239,6.704364636789251e-07,0.28677454590797424,0.7877346873283386,0.010593799874186516,0.37687134742736816,0.749398410320282,-0.0034877038560807705,0.43946582078933716,0.7232068777084351,-0.026198841631412506,0.4990018904209137,0.7015261054039001,-0.053748127073049545,0.36352288722991943,0.6070297956466675,-0.035404350608587265,0.44591909646987915,0.5638058185577393,-0.0834997221827507,0.510559618473053,0.572688639163971,-0.11901748180389404,0.5664639472961426,0.5904702544212341,-0.14390069246292114,0.33083489537239075,0.5961341857910156,-0.07190866023302078,0.4323764443397522,0.5515267848968506,-0.11926578730344772,0.5068743228912354,0.5804925560951233,-0.15319886803627014,0.5645778775215149,0.6159212589263916,-0.1781642884016037,0.2925877869129181,0.6124789118766785,-0.1083490327000618,0.3849084973335266,0.579186201095581,-0.15430596470832825,0.45774537324905396,0.61053466796875,-0.18155474960803986,0.5139978528022766,0.6478556394577026,-0.20059536397457123,0.2529447376728058,0.6528645753860474,-0.14342859387397766,0.3165181279182434,0.6225458383560181,-0.18487583100795746,0.37176984548568726,0.6429938077926636,-0.20555758476257324,0.417093962430954,0.678901195526123,-0.22057850658893585,carta
0.1640997678041458,0.783890962600708,6.924559556864551e-07,0.2837851047515869,0.7855353951454163,0.019320514053106308,0.37198877334594727,0.7495812177658081,0.00668420409783721,0.43419918417930603,0.7263678908348083,-0.01568358577787876,0.49186524748802185,0.7014501094818115,-0.04324354603886604,0.35261958837509155,0.6015797257423401,-0.03298041224479675,0.4417065978050232,0.5708712339401245,-0.08000712096691132,0.50876784324646,0.5822304487228394,-0.11523059010505676,0.565476655960083,0.6013062000274658,-0.1402321308851242,0.3211997151374817,0.5943409204483032,-0.07407831400632858,0.4338280260562897,0.559718132019043,-0.12058695405721664,0.5118800401687622,0.5864183306694031,-0.15431968867778778,0.5712467432022095,0.6183301210403442,-0.17925721406936646,0.285920649766922,0.6159985065460205,-0.11379051953554153,0.39107125997543335,0.5928694009780884,-0.158087357878685,0.4672764837741852,0.6207520961761475,-0.18481190502643585,0.5257657170295715,0.6510065197944641,-0.20409159362316132,0.25074076652526855,0.6612430810928345,-0.15118762850761414,0.32056546211242676,0.6384187340736389,-0.19133062660694122,0.3773980140686035,0.6544896960258484,-0.2110586017370224,0.42447423934936523,0.6843268275260925,-0.2256193459033966,carta
0.8048276901245117,0.7785736322402954,-1.6823801729515253e-07,0.7055662870407104,0.7771381139755249,0.007244120351970196,0.6187185645103455,0.7424578666687012,-0.009899000637233257,0.559427797794342,0.7229196429252625,-0.03293764963746071,0.5043901205062866,0.7022348046302795,-0.05881547927856445,0.6565994024276733,0.6042245626449585,-0.03239735960960388,0.5832052826881409,0.5750274658203125,-0.07474270462989807,0.5317029356956482,0.5775278806686401,-0.10810564458370209,0.4848005473613739,0.5938321352005005,-0.13250228762626648,0.6841572523117065,0.6036046147346497,-0.06588464230298996,0.5887307524681091,0.56517493724823,-0.11386153846979141,0.5280396938323975,0.5770886540412903,-0.1459377259016037,0.4779011011123657,0.5961450934410095,-0.16840867698192596,0.7142874002456665,0.6260188817977905,-0.09966330975294113,0.6211190819740295,0.5888509750366211,-0.14399559795856476,0.5590041875839233,0.5941977500915527,-0.16628213226795197,0.5056843757629395,0.6029320955276489,-0.18146203458309174,0.7395342588424683,0.6713349223136902,-0.13181592524051666,0.6826432347297668,0.6454946994781494,-0.17230215668678284,0.6360633373260498,0.631668746471405,-0.19211751222610474,0.5909563899040222,0.6165403127670288,-0.20647823810577393,carta
0.798090398311615,0.7762739658355713,-2.198845407974659e-07,0.6971545219421387,0.7741750478744507,0.02426169253885746,0.6127148866653442,0.743671178817749,0.010716450400650501,0.5545943379402161,0.7278615236282349,-0.012768097221851349,0.49955928325653076,0.7055347561836243,-0.041421711444854736,0.6501555442810059,0.6102744340896606,-0.03319012373685837,0.5787290930747986,0.5831828117370605,-0.07933647185564041,0.5283156037330627,0.5842568874359131,-0.11386975646018982,0.48324745893478394,0.6036120653152466,-0.13967743515968323,0.6794434785842896,0.6136206388473511,-0.0801716297864914,0.5877030491828918,0.5727083683013916,-0.13586382567882538,0.5261768698692322,0.5842609405517578,-0.1726403385400772,0.4755033850669861,0.6083581447601318,-0.1993129849433899,0.7085388898849487,0.6368658542633057,-0.12604860961437225,0.6206176280975342,0.5964913964271545,-0.17982733249664307,0.5574038028717041,0.603124737739563,-0.2105974555015564,0.5030219554901123,0.6157154440879822,-0.23237484693527222,0.7314798831939697,0.680033266544342,-0.16797611117362976,0.6766181588172913,0.653644323348999,-0.21945731341838837,0.6279181838035583,0.6411665678024292,-0.24848216772079468,0.5810518860816956,0.6311913132667542,-0.27068233489990234,carta
0.7950670719146729,0.7897710800170898,-2.443575510824303e-07,0.6938402652740479,0.7890794277191162,0.018833011388778687,0.6090123057365417,0.7562617063522339,0.005076985340565443,0.5507705211639404,0.7403407692909241,-0.017207561060786247,0.4956231713294983,0.7201821804046631,-0.04399694502353668,0.6430442333221436,0.6186701059341431,-0.029911000281572342,0.5656182169914246,0.6006288528442383,-0.07530684024095535,0.5109664797782898,0.6079779267311096,-0.1107955053448677,0.46344900131225586,0.6324416995048523,-0.13669735193252563,0.670630693435669,0.6197729110717773,-0.072012759745121,0.5742635726928711,0.5880308151245117,-0.1233317032456398,0.5097079277038574,0.6031609773635864,-0.15930503606796265,0.45548105239868164,0.6275230646133423,-0.18554720282554626,0.7002577781677246,0.6436129808425903,-0.11362873017787933,0.6077221035957336,0.6057693958282471,-0.16434426605701447,0.5421115756034851,0.6147606372833252,-0.19413594901561737,0.48535585403442383,0.6280665397644043,-0.21484632790088654,0.7246994376182556,0.6904447674751282,-0.15181569755077362,0.668329119682312,0.666291356086731,-0.20028573274612427,0.6178507208824158,0.6571886539459229,-0.22683696448802948,0.5689996480941772,0.6495319604873657,-0.2465580403804779,carta
0.7903512716293335,0.7962502241134644,-3.070504988045286e-07,0.6880650520324707,0.7968870401382446,0.015059608034789562,0.6015714406967163,0.7642685174942017,0.0003574814763851464,0.5426986217498779,0.7477400302886963,-0.021582672372460365,0.48806658387184143,0.7296671271324158,-0.047780245542526245,0.6343139410018921,0.6212651133537292,-0.034613702446222305,0.5506885051727295,0.6089426875114441,-0.08066094666719437,0.4923953115940094,0.6192952990531921,-0.11693937331438065,0.44141703844070435,0.6453776359558105,-0.14306522905826569,0.66154944896698,0.6212245225906372,-0.07329960912466049,0.5602124333381653,0.5969942808151245,-0.12211766839027405,0.491752028465271,0.6154444813728333,-0.156659334897995,0.43405699729919434,0.6399884819984436,-0.18265509605407715,0.6914077997207642,0.6459255814552307,-0.11154989898204803,0.5946797132492065,0.6102620363235474,-0.16095773875713348,0.5265193581581116,0.6218613386154175,-0.19031549990177155,0.4689556360244751,0.6369022727012634,-0.21091392636299133,0.7165997624397278,0.694587767124176,-0.14652465283870697,0.6579534411430359,0.6724064946174622,-0.19416722655296326,0.6070407629013062,0.6660993099212646,-0.21949560940265656,0.559209406375885,0.6608966588973999,-0.23813192546367645,carta
0.7837598323822021,0.7973294258117676,-3.0725871624781576e-07,0.6808291077613831,0.7956435680389404,0.01565229706466198,0.5954627990722656,0.7627996802330017,0.0010464855004101992,0.5371512770652771,0.7470629811286926,-0.020592568442225456,0.4829968214035034,0.7285768985748291,-0.0463092066347599,0.6297427415847778,0.6183620691299438,-0.03475234657526016,0.5430503487586975,0.608876645565033,-0.07930497080087662,0.4821997284889221,0.6218684911727905,-0.11361120641231537,0.43080809712409973,0.6484593749046326,-0.1381983906030655,0.6562488675117493,0.6193401217460632,-0.07259628921747208,0.5504332780838013,0.5998783111572266,-0.11828248202800751,0.4807906746864319,0.6187748908996582,-0.15035046637058258,0.4229426980018616,0.6407012343406677,-0.1750238984823227,0.6846614480018616,0.6458849906921387,-0.10974282771348953,0.5843518376350403,0.6135557293891907,-0.1579218953847885,0.5146958827972412,0.6244758367538452,-0.18603019416332245,0.4565281569957733,0.6372004747390747,-0.20563028752803802,0.708855152130127,0.6954811811447144,-0.14329148828983307,0.6474741697311401,0.6742494702339172,-0.18957233428955078,0.5957518219947815,0.6702170372009277,-0.2128366231918335,0.5480985641479492,0.6679624915122986,-0.22977644205093384,carta
0.7826443910598755,0.7956404685974121,-3.182727823514142e-07,0.679823100566864,0.7946737408638,0.02061833254992962,0.5942492485046387,0.7616407871246338,0.007262429688125849,0.5358878374099731,0.7430633306503296,-0.01429779827594757,0.48271700739860535,0.7211032509803772,-0.04099855199456215,0.6275911927223206,0.6209818124771118,-0.0383470356464386,0.5408165454864502,0.6110865473747253,-0.08402525633573532,0.47825056314468384,0.6228291392326355,-0.11862272769212723,0.4259246587753296,0.649310290813446,-0.14382629096508026,0.6552647948265076,0.6214244961738586,-0.07997966557741165,0.5511399507522583,0.600147008895874,-0.12784112989902496,0.47869789600372314,0.6182358264923096,-0.1611892580986023,0.4190681576728821,0.6414607763290405,-0.18733114004135132,0.684068500995636,0.646848201751709,-0.12017366290092468,0.5855816006660461,0.6131031513214111,-0.17153988778591156,0.5132401585578918,0.6238145232200623,-0.20293430984020233,0.45410609245300293,0.6389080882072449,-0.22508837282657623,0.7082399129867554,0.6950381994247437,-0.15597490966320038,0.645977258682251,0.6725642085075378,-0.20560108125209808,0.5923081040382385,0.6707701683044434,-0.23149099946022034,0.5445955991744995,0.6732507944107056,-0.25068891048431396,carta
0.776800811290741,0.8047173023223877,-3.019263488113211e-07,0.6772117018699646,0.8116371631622314,0.006589063443243504,0.5884513854980469,0.7853093147277832,-0.01283289585262537,0.5280693769454956,0.774975061416626,-0.038132794201374054,0.4718174338340759,0.7582746744155884,-0.06695437431335449,0.6199145317077637,0.6291488409042358,-0.040334928780794144,0.5337378978729248,0.610534131526947,-0.08932904154062271,0.4728587865829468,0.6243236660957336,-0.12820886075496674,0.42060762643814087,0.6559270620346069,-0.15550097823143005,0.6478721499443054,0.6272977590560913,-0.07558942586183548,0.5443379282951355,0.6001077890396118,-0.12698708474636078,0.4729510545730591,0.6238719820976257,-0.16373202204704285,0.41404250264167786,0.6546956300735474,-0.1903899908065796,0.6797645688056946,0.6489928960800171,-0.11121397465467453,0.5821002721786499,0.6101199984550476,-0.16130930185317993,0.5114255547523499,0.6229610443115234,-0.19034956395626068,0.45213091373443604,0.6409833431243896,-0.21026304364204407,0.7082470059394836,0.6944273710250854,-0.14451098442077637,0.6476100087165833,0.6703322529792786,-0.1926887184381485,0.5954363942146301,0.6622281074523926,-0.21732616424560547,0.5464386343955994,0.6558404564857483,-0.23457731306552887,carta
0.7702151536941528,0.8231479525566101,-1.920686116818615e-07,0.6728966236114502,0.8330798149108887,0.009926514700055122,0.5851805806159973,0.812559187412262,-0.011032783426344395,0.5237969756126404,0.8049849271774292,-0.03822293505072594,0.4639820456504822,0.7883543372154236,-0.0705009400844574,0.6073034405708313,0.6737349629402161,-0.053668130189180374,0.5136265158653259,0.6656387448310852,-0.10570735484361649,0.45191746950149536,0.6759587526321411,-0.14543399214744568,0.39835163950920105,0.7016714215278625,-0.17489849030971527,0.6373029947280884,0.6704952716827393,-0.09488356113433838,0.5298973321914673,0.6394655704498291,-0.15530608594417572,0.45897620916366577,0.6638659238815308,-0.19510135054588318,0.3987639546394348,0.697494626045227,-0.22356946766376495,0.6721835732460022,0.6868354678153992,-0.13521450757980347,0.571711003780365,0.6420483589172363,-0.19196783006191254,0.501203179359436,0.6541426181793213,-0.22468142211437225,0.4415607452392578,0.6723871231079102,-0.24774853885173798,0.7033576369285583,0.7237643003463745,-0.17261125147342682,0.6466515064239502,0.7030618786811829,-0.22747565805912018,0.5949905514717102,0.696514368057251,-0.2572142779827118,0.5451749563217163,0.6897887587547302,-0.2790397107601166,carta
0.7698483467102051,0.8250516653060913,-2.006993327086093e-07,0.6700584888458252,0.8366856575012207,0.016038039699196815,0.5835647583007812,0.8180080652236938,-0.004887228831648827,0.5229376554489136,0.8116410374641418,-0.033622752875089645,0.4618203639984131,0.7950891852378845,-0.06877508759498596,0.6021869778633118,0.6833142042160034,-0.06169918179512024,0.510455846786499,0.6755979061126709,-0.12050638347864151,0.44784146547317505,0.6884617805480957,-0.16478459537029266,0.39561474323272705,0.7186516523361206,-0.19733895361423492,0.634101152420044,0.6817670464515686,-0.1096670925617218,0.5293439030647278,0.6475360989570618,-0.1792493462562561,0.4568965435028076,0.673820436000824,-0.225006103515625,0.39660561084747314,0.7117100954055786,-0.25779104232788086,0.6691071391105652,0.6980621814727783,-0.15602852404117584,0.5736150741577148,0.6533552408218384,-0.22175677120685577,0.5017793774604797,0.6666200160980225,-0.2627853453159332,0.44233599305152893,0.6880245208740234,-0.2917330861091614,0.699832022190094,0.7339299321174622,-0.19828864932060242,0.645808756351471,0.7143382430076599,-0.2614199221134186,0.5933367609977722,0.7091004848480225,-0.29865553975105286,0.544553279876709,0.7061346769332886,-0.3267245292663574,carta
0.7783166170120239,0.8358816504478455,-2.9364107945184514e-07,0.6737979054450989,0.8480168581008911,0.007760607171803713,0.584264874458313,0.8261415958404541,-0.011843734420835972,0.5226136445999146,0.8123880624771118,-0.03712551295757294,0.46467098593711853,0.7931045293807983,-0.06728928536176682,0.6045536994934082,0.6786478757858276,-0.0557914562523365,0.5136852264404297,0.6846765875816345,-0.10894810408353806,0.45026540756225586,0.6975938677787781,-0.14863604307174683,0.39607003331184387,0.7226986885070801,-0.17738518118858337,0.6352765560150146,0.6721057295799255,-0.0931607261300087,0.5293464064598083,0.6663154363632202,-0.15023115277290344,0.4576769471168518,0.6949308514595032,-0.18784523010253906,0.4001019597053528,0.7277659177780151,-0.21592968702316284,0.6711862683296204,0.6898735761642456,-0.13000421226024628,0.5721200108528137,0.6745340824127197,-0.1899011880159378,0.502431333065033,0.699184000492096,-0.2253037989139557,0.44739073514938354,0.726904034614563,-0.2487281709909439,0.7057836055755615,0.7343215942382812,-0.16340814530849457,0.6417680382728577,0.7324336767196655,-0.22097206115722656,0.58809894323349,0.742655336856842,-0.25184813141822815,0.5414276123046875,0.7530298829078674,-0.27357566356658936,carta
0.7901586294174194,0.8436334729194641,-3.228836646940181e-07,0.6786293983459473,0.848342776298523,0.004565561190247536,0.5905028581619263,0.8244540691375732,-0.016233909875154495,0.5288265943527222,0.8085123300552368,-0.04000569507479668,0.4751661717891693,0.7882516980171204,-0.06626856327056885,0.6152545213699341,0.663407027721405,-0.05980248376727104,0.5159381628036499,0.6632128953933716,-0.11139744520187378,0.4522339403629303,0.6841939687728882,-0.1456209123134613,0.40028446912765503,0.7178966403007507,-0.1669183224439621,0.6465688943862915,0.6633025407791138,-0.08890634775161743,0.5290193557739258,0.6627969741821289,-0.13730493187904358,0.4580174386501312,0.6941471099853516,-0.16201215982437134,0.40757137537002563,0.7294186949729919,-0.17962400615215302,0.6818642020225525,0.6944451928138733,-0.11732690781354904,0.5730152130126953,0.6831101179122925,-0.166192427277565,0.5069582462310791,0.7086385488510132,-0.18761122226715088,0.4578321576118469,0.7377036213874817,-0.20035475492477417,0.7153762578964233,0.7541961669921875,-0.14291663467884064,0.6495121717453003,0.7591676712036133,-0.1889760047197342,0.5974923968315125,0.7721580862998962,-0.20899158716201782,0.5511555075645447,0.7844459414482117,-0.22114217281341553,carta
0.7964299321174622,0.8318047523498535,-3.957233332130272e-07,0.6896541118621826,0.8240048289299011,0.018096476793289185,0.6049469113349915,0.7986842393875122,-0.002680934965610504,0.5463243722915649,0.7846975922584534,-0.029269712045788765,0.4917773902416229,0.7688755989074707,-0.060685496777296066,0.6311754584312439,0.6466598510742188,-0.0799838975071907,0.5299034714698792,0.6392707228660583,-0.1383710503578186,0.4651500880718231,0.6537637710571289,-0.17371588945388794,0.4121837615966797,0.6846243143081665,-0.1965123564004898,0.6625844836235046,0.658166229724884,-0.12047475576400757,0.5423555374145508,0.6416446566581726,-0.18023060262203217,0.46932733058929443,0.6711933016777039,-0.20970383286476135,0.4139871597290039,0.7052721381187439,-0.23165954649448395,0.6941313147544861,0.6950553059577942,-0.15757904946804047,0.58442223072052,0.6662769913673401,-0.21854262053966522,0.5156474709510803,0.6965331435203552,-0.248644158244133,0.46422016620635986,0.7311314344406128,-0.26800736784935,0.7216250896453857,0.7540362477302551,-0.18934853374958038,0.6588301062583923,0.7496041655540466,-0.2477947175502777,0.6048662662506104,0.7651453018188477,-0.27771443128585815,0.5575636625289917,0.7831615209579468,-0.29822245240211487,carta
0.8103072643280029,0.8375831842422485,-3.7774935890411143e-07,0.7031758427619934,0.8313484191894531,0.015300161205232143,0.6247212886810303,0.8052327632904053,-0.0012592425337061286,0.5735756158828735,0.7896703481674194,-0.023218419402837753,0.5275595784187317,0.7734442949295044,-0.04924510791897774,0.6420120000839233,0.6335500478744507,-0.0552636943757534,0.5369980335235596,0.6311842799186707,-0.10318230092525482,0.47172051668167114,0.6454424858093262,-0.1345795840024948,0.4203324019908905,0.6714217662811279,-0.15401022136211395,0.6710986495018005,0.6437013149261475,-0.08818298578262329,0.5464456677436829,0.6379031538963318,-0.1323540061712265,0.47228512167930603,0.663512110710144,-0.1556703895330429,0.41930198669433594,0.6938132047653198,-0.17311924695968628,0.6996781826019287,0.6839907765388489,-0.1191093921661377,0.5846477150917053,0.6703903675079346,-0.16461899876594543,0.5155519247055054,0.6979615688323975,-0.18740391731262207,0.4658978581428528,0.7302696704864502,-0.20182345807552338,0.7232551574707031,0.7488107085227966,-0.14618243277072906,0.6544846892356873,0.7499945759773254,-0.1901942640542984,0.6008077263832092,0.7663913369178772,-0.21094417572021484,0.5560275316238403,0.784699022769928,-0.2239004671573639,carta
0.8126327991485596,0.8404393792152405,-3.9907024529384216e-07,0.7045118808746338,0.8326326608657837,0.015249627642333508,0.6257670521736145,0.8049313426017761,-0.001070036320015788,0.5741232633590698,0.7890862822532654,-0.022572295740246773,0.5277960896492004,0.7748615741729736,-0.04816999286413193,0.6445877552032471,0.6312674880027771,-0.056603871285915375,0.5389246344566345,0.6326034069061279,-0.10449652373790741,0.47364354133605957,0.6467218399047852,-0.1358901858329773,0.4219966530799866,0.6722080707550049,-0.15543660521507263,0.673673689365387,0.6437930464744568,-0.08940154314041138,0.5491026639938354,0.6394807696342468,-0.13390076160430908,0.4745778441429138,0.6658430099487305,-0.1573653221130371,0.4210307002067566,0.6973347663879395,-0.17507173120975494,0.7024586796760559,0.6863749027252197,-0.1200735792517662,0.5886712074279785,0.6720079779624939,-0.16643129289150238,0.5189283490180969,0.6994773149490356,-0.18988022208213806,0.46849003434181213,0.7320831418037415,-0.20463073253631592,0.7257936000823975,0.7533268928527832,-0.14678074419498444,0.6572526097297668,0.7526007890701294,-0.19182850420475006,0.6027193665504456,0.7694148421287537,-0.2133232206106186,0.557374119758606,0.7888852953910828,-0.22675171494483948,carta
0.8045621514320374,0.8438116312026978,-3.4022673389699776e-07,0.687094509601593,0.8388335108757019,0.003616207977756858,0.6002280712127686,0.8075679540634155,-0.0158332921564579,0.5395708680152893,0.7897888422012329,-0.03882135823369026,0.4853120446205139,0.7689507603645325,-0.06425635516643524,0.6381767392158508,0.6438851356506348,-0.04487745091319084,0.5406878590583801,0.643577516078949,-0.09078557789325714,0.4785473942756653,0.6586124897003174,-0.1250160187482834,0.4245527386665344,0.6850367784500122,-0.1482076495885849,0.6695119142532349,0.6454758644104004,-0.07372520118951797,0.5554853081703186,0.637238621711731,-0.11787053197622299,0.4838607907295227,0.661297619342804,-0.14553147554397583,0.42806750535964966,0.6914354562759399,-0.16632869839668274,0.7029179930686951,0.679031491279602,-0.10248798131942749,0.5990149974822998,0.653830885887146,-0.1487865149974823,0.5322498083114624,0.6693911552429199,-0.17111243307590485,0.4792449474334717,0.6899697184562683,-0.18513908982276917,0.7327074408531189,0.7410829067230225,-0.1287793666124344,0.6659255027770996,0.7374181151390076,-0.1725967526435852,0.6150360107421875,0.7457906007766724,-0.19072994589805603,0.5690808296203613,0.7550493478775024,-0.20206303894519806,carta
0.7876932621002197,0.8401113748550415,-2.2095099438956822e-07,0.6843981146812439,0.8467317819595337,0.0044832490384578705,0.5949996709823608,0.8205588459968567,-0.01768072322010994,0.534368097782135,0.8036889433860779,-0.044693224132061005,0.4765728712081909,0.7829604744911194,-0.07684781402349472,0.6215909123420715,0.679795503616333,-0.06568709015846252,0.5328215956687927,0.6648769974708557,-0.12178561836481094,0.4686157703399658,0.67156583070755,-0.16343683004379272,0.4128913879394531,0.6940867900848389,-0.19373172521591187,0.6545155048370361,0.6751579642295837,-0.10340799391269684,0.5542415380477905,0.6474978923797607,-0.16363021731376648,0.4794987440109253,0.6659711599349976,-0.20314539968967438,0.4173524081707001,0.6923967003822327,-0.23285233974456787,0.6924165487289429,0.6938294768333435,-0.1404327005147934,0.6011582612991333,0.6549291014671326,-0.2026580423116684,0.5298659801483154,0.6675981283187866,-0.23984016478061676,0.4710299074649811,0.6863548159599304,-0.2652060389518738,0.7283783555030823,0.7362774610519409,-0.17409008741378784,0.6698471307754517,0.7229874134063721,-0.23459316790103912,0.619449257850647,0.7288112640380859,-0.2662980556488037,0.574725329875946,0.7363843321800232,-0.28865504264831543,carta
0.7861782312393188,0.8465818762779236,-1.9280246021935454e-07,0.6852508783340454,0.8529785871505737,0.0012110277311876416,0.594521164894104,0.827670693397522,-0.021034548059105873,0.532593846321106,0.8113104701042175,-0.04726327210664749,0.47442153096199036,0.7897673845291138,-0.07747241109609604,0.6222914457321167,0.686763346195221,-0.059419069439172745,0.5310078859329224,0.6701850295066833,-0.11247667670249939,0.4659735858440399,0.6787261366844177,-0.1518399566411972,0.4099802076816559,0.7019184231758118,-0.18024995923042297,0.654009222984314,0.6807546019554138,-0.09399281442165375,0.5504080653190613,0.6490596532821655,-0.15033411979675293,0.4758264422416687,0.6701469421386719,-0.1863970309495926,0.41439589858055115,0.697304368019104,-0.21261806786060333,0.6910858750343323,0.6991803050041199,-0.12843933701515198,0.5948898792266846,0.6543346643447876,-0.18544332683086395,0.5233328342437744,0.6691907644271851,-0.2167082130908966,0.4640430212020874,0.6882827281951904,-0.23753279447555542,0.7266754508018494,0.7425510287284851,-0.16033491492271423,0.6664552688598633,0.7267548441886902,-0.21538028120994568,0.615156888961792,0.7312371134757996,-0.24220986664295197,0.568394124507904,0.7356839776039124,-0.26044610142707825,carta
0.7851581573486328,0.8457415103912354,-1.891551875132791e-07,0.6821724772453308,0.8497806787490845,8.573679951950908e-05,0.5918406844139099,0.8252562284469604,-0.021641472354531288,0.5295302271842957,0.8095448017120361,-0.04738688841462135,0.4719012379646301,0.7872416377067566,-0.07640309631824493,0.6201201677322388,0.6860734820365906,-0.05325442552566528,0.531046986579895,0.6683892011642456,-0.10395468026399612,0.467839777469635,0.6762738823890686,-0.14174595475196838,0.41232144832611084,0.6973965167999268,-0.16905182600021362,0.6513892412185669,0.6796823740005493,-0.08605670183897018,0.5488466620445251,0.646461009979248,-0.14044980704784393,0.4770287275314331,0.6680091619491577,-0.17519725859165192,0.41865894198417664,0.6952497959136963,-0.19989800453186035,0.6878641247749329,0.6972067356109619,-0.1191096305847168,0.5936731100082397,0.6539895534515381,-0.17287896573543549,0.5247570276260376,0.6687480807304382,-0.20121274888515472,0.4685371518135071,0.687624454498291,-0.21948859095573425,0.7229996919631958,0.7397028207778931,-0.15016384422779083,0.6632603406906128,0.7225826978683472,-0.2004757672548294,0.6125434041023254,0.7263120412826538,-0.22425588965415955,0.5666801929473877,0.7307446002960205,-0.24016427993774414,carta
0.7857074737548828,0.8400262594223022,-1.9806299178526388e-07,0.6843510270118713,0.8451462388038635,0.005589366424828768,0.5941339731216431,0.821361243724823,-0.016591256484389305,0.5328305959701538,0.8070418238639832,-0.04431944712996483,0.47407227754592896,0.7861884236335754,-0.07644008100032806,0.6229700446128845,0.6810728311538696,-0.056217506527900696,0.5322079062461853,0.662052571773529,-0.10988029092550278,0.4679221510887146,0.6708411574363708,-0.15074047446250916,0.413646399974823,0.6944454908370972,-0.1805199533700943,0.6542744040489197,0.6772823333740234,-0.09457968175411224,0.5494717955589294,0.6413553357124329,-0.1520732194185257,0.4764205515384674,0.6626628637313843,-0.1901988387107849,0.4170915484428406,0.6894655823707581,-0.21838364005088806,0.6900083422660828,0.6958209276199341,-0.1326155811548233,0.5921692848205566,0.6491954922676086,-0.188881516456604,0.5199283361434937,0.6632094979286194,-0.22056704759597778,0.46116358041763306,0.6811011433601379,-0.24268172681331635,0.7231751084327698,0.7367836236953735,-0.16802749037742615,0.6635558605194092,0.715859055519104,-0.22163772583007812,0.6095228791236877,0.7184812426567078,-0.24870619177818298,0.5603240132331848,0.7223894000053406,-0.2681434154510498,carta
0.7853469848632812,0.8365886807441711,-1.7558492970692896e-07,0.6855641603469849,0.8455666899681091,0.001799108344130218,0.5947691202163696,0.8231592178344727,-0.02145417220890522,0.5321081280708313,0.8108692169189453,-0.049366295337677,0.4737330675125122,0.7906678318977356,-0.0813196524977684,0.6237131357192993,0.6838406920433044,-0.05660213902592659,0.5301883220672607,0.6656952500343323,-0.10975533723831177,0.466236412525177,0.67490553855896,-0.1498584896326065,0.41093069314956665,0.6984157562255859,-0.1791618913412094,0.6545451879501343,0.6775597333908081,-0.09283076226711273,0.5507442951202393,0.6376347541809082,-0.1512705534696579,0.47826912999153137,0.6608045697212219,-0.1892625093460083,0.4182478189468384,0.691117525100708,-0.2164105325937271,0.6906845569610596,0.6948406100273132,-0.12909609079360962,0.5943482518196106,0.6408971548080444,-0.18570475280284882,0.5238041281700134,0.6555225849151611,-0.21704109013080597,0.46488526463508606,0.6740398406982422,-0.23823194205760956,0.723962128162384,0.7351539731025696,-0.163079172372818,0.6677829623222351,0.7121279239654541,-0.21706907451152802,0.6159369945526123,0.709892988204956,-0.2448149025440216,0.5668579339981079,0.7070221304893494,-0.2642327547073364,carta
0.782558798789978,0.8310409188270569,-1.9337804246788437e-07,0.6851871609687805,0.8411431312561035,-0.0016866567311808467,0.5946587324142456,0.8198128938674927,-0.02745470590889454,0.5320624113082886,0.810134768486023,-0.057389892637729645,0.47255420684814453,0.7901171445846558,-0.09153848141431808,0.6203124523162842,0.6712511777877808,-0.061599548906087875,0.5264892578125,0.6585735082626343,-0.11745017766952515,0.4638686776161194,0.6694135069847107,-0.16023506224155426,0.41039538383483887,0.6945034265518188,-0.19130022823810577,0.6521411538124084,0.6651493310928345,-0.09731791168451309,0.5493553876876831,0.6303856372833252,-0.15889745950698853,0.4777519702911377,0.6560590863227844,-0.19952893257141113,0.4187087118625641,0.6892443299293518,-0.22854532301425934,0.6898842453956604,0.6823690533638,-0.1334095448255539,0.5936453342437744,0.6308314204216003,-0.1928843855857849,0.5239868760108948,0.6471100449562073,-0.2264818698167801,0.4659554958343506,0.6671976447105408,-0.24930112063884735,0.7249867916107178,0.7225139141082764,-0.1674216389656067,0.668425440788269,0.7003516554832458,-0.2250847965478897,0.6173282861709595,0.6968371868133545,-0.2554728388786316,0.5691366791725159,0.6924905180931091,-0.2766954004764557,carta
0.7821653485298157,0.8340684175491333,-2.0504820952282898e-07,0.6850008368492126,0.8427082300186157,-0.004765918478369713,0.5936985611915588,0.8188480734825134,-0.029199950397014618,0.5311224460601807,0.8068031072616577,-0.05694475769996643,0.4738795757293701,0.7860462069511414,-0.08787739276885986,0.6220247745513916,0.6699867248535156,-0.05553167685866356,0.5335172414779663,0.6527552008628845,-0.10824897885322571,0.4710841476917267,0.6635244488716125,-0.1487058401107788,0.4174802303314209,0.6885448098182678,-0.17792090773582458,0.6528131365776062,0.6631851196289062,-0.08725210279226303,0.5516654849052429,0.6304193735122681,-0.14420810341835022,0.4802520275115967,0.6567161679267883,-0.18179218471050262,0.4223025441169739,0.6886579990386963,-0.20832739770412445,0.6902955174446106,0.6804625988006592,-0.11989384144544601,0.5940667390823364,0.6355504989624023,-0.17522725462913513,0.5243775248527527,0.6541429758071899,-0.20511366426944733,0.46653610467910767,0.6742597222328186,-0.22488106787204742,0.7264877557754517,0.721489429473877,-0.15108558535575867,0.6698616147041321,0.699604868888855,-0.20446190237998962,0.6197240352630615,0.6972854733467102,-0.23129507899284363,0.5727829337120056,0.6934981346130371,-0.24936024844646454,carta
0.7838540077209473,0.8328952789306641,-1.8995666550836177e-07,0.6867481470108032,0.844331681728363,-0.002548343501985073,0.5955223441123962,0.8230234384536743,-0.028098421171307564,0.5328916311264038,0.8129016757011414,-0.05776924267411232,0.47392040491104126,0.7904607057571411,-0.09148833900690079,0.6195136308670044,0.677909791469574,-0.060779672116041183,0.5274367332458496,0.6625887155532837,-0.1175689622759819,0.464397132396698,0.6739709377288818,-0.16101059317588806,0.41061246395111084,0.7007740139961243,-0.19201608002185822,0.6514651775360107,0.6702452898025513,-0.09577486664056778,0.5513409376144409,0.6319872140884399,-0.1581115424633026,0.47965747117996216,0.6591413617134094,-0.1991150826215744,0.4208993911743164,0.6944223046302795,-0.22758318483829498,0.6897351145744324,0.6860756874084473,-0.13128136098384857,0.5969279408454895,0.6334813833236694,-0.19119413197040558,0.5272905826568604,0.6508727073669434,-0.2247874140739441,0.46937695145606995,0.6722089052200317,-0.24677827954292297,0.7261638641357422,0.7249659895896912,-0.16477122902870178,0.6703675985336304,0.7019527554512024,-0.22117799520492554,0.6199051141738892,0.6992348432540894,-0.2502361834049225,0.573021411895752,0.6959024667739868,-0.2701319754123688,carta
0.13802003860473633,0.8335124850273132,4.852525989917922e-07,0.15438823401927948,0.7062515616416931,0.02972346916794777,0.200229674577713,0.5835253000259399,0.03271333873271942,0.24403461813926697,0.483626127243042,0.03186263516545296,0.2421896606683731,0.4067518711090088,0.028894389048218727,0.23049581050872803,0.5646719336509705,-0.02847459726035595,0.3255338966846466,0.44475215673446655,-0.04790537431836128,0.3814384937286377,0.3951859772205353,-0.051275383681058884,0.4215182662010193,0.3645372986793518,-0.04950752854347229,0.25644156336784363,0.6139385104179382,-0.05081145092844963,0.3662203848361969,0.4841861128807068,-0.06475801765918732,0.4296994209289551,0.4283071458339691,-0.060698993504047394,0.4708594083786011,0.3956797122955322,-0.0563676543533802,0.28332674503326416,0.6768895387649536,-0.06840581446886063,0.3891759514808655,0.5525722503662109,-0.079518161714077,0.443241685628891,0.4948882460594177,-0.07686971127986908,0.478243887424469,0.45474815368652344,-0.07447516918182373,0.3097909688949585,0.7543826699256897,-0.08195453882217407,0.4024343490600586,0.6848669052124023,-0.08653412759304047,0.4454934597015381,0.6519656777381897,-0.08109763264656067,0.47420912981033325,0.6224031448364258,-0.07635152339935303,carta
0.15913821756839752,0.8345293402671814,4.6687327426298e-07,0.16762080788612366,0.7100834250450134,0.018247181549668312,0.21061983704566956,0.5846671462059021,0.018379349261522293,0.2540099620819092,0.4848266541957855,0.016936898231506348,0.24946029484272003,0.4087029695510864,0.013921539299190044,0.23996686935424805,0.5711352825164795,-0.03977293521165848,0.3213445246219635,0.439696341753006,-0.06397541612386703,0.37537458539009094,0.37469202280044556,-0.07182589173316956,0.4150848984718323,0.3316916525363922,-0.07363759726285934,0.2725805640220642,0.6206148862838745,-0.05774719640612602,0.36755305528640747,0.48104244470596313,-0.07913476973772049,0.42630064487457275,0.40902072191238403,-0.08322067558765411,0.466924250125885,0.36204326152801514,-0.08473249524831772,0.3074660003185272,0.6797754764556885,-0.07139358669519424,0.3993980586528778,0.5509045124053955,-0.08881262689828873,0.4513165354728699,0.48111796379089355,-0.0936916396021843,0.48763537406921387,0.43147337436676025,-0.09610828757286072,0.34123024344444275,0.7452170252799988,-0.08184109628200531,0.4215936064720154,0.6683529615402222,-0.09387393295764923,0.4647757411003113,0.6229165196418762,-0.0964566320180893,0.4986041188240051,0.5832501649856567,-0.09707687795162201,carta
0.18215735256671906,0.8381301164627075,5.9632668580889e-07,0.27600157260894775,0.800961971282959,-0.019000709056854248,0.35319364070892334,0.7082215547561646,-0.02166403830051422,0.3993513286113739,0.6296519041061401,-0.025812022387981415,0.4398282468318939,0.5728954672813416,-0.030801380053162575,0.3148876130580902,0.5726585388183594,0.0016810689121484756,0.373144268989563,0.48474565148353577,-0.02079903893172741,0.4137234091758728,0.43794888257980347,-0.041590262204408646,0.44967907667160034,0.3985159993171692,-0.056458085775375366,0.27719902992248535,0.5505208373069763,-0.006618008483201265,0.3326287567615509,0.44603049755096436,-0.027476023882627487,0.37399986386299133,0.38502079248428345,-0.04779549315571785,0.41238826513290405,0.32966458797454834,-0.06236861273646355,0.2351362109184265,0.5508716106414795,-0.020689567551016808,0.28535908460617065,0.4444141387939453,-0.046488333493471146,0.32841408252716064,0.3850058317184448,-0.06473509222269058,0.37019336223602295,0.3351989686489105,-0.07622448354959488,0.185012549161911,0.5703411102294922,-0.03716961666941643,0.2072167694568634,0.47995221614837646,-0.06402744352817535,0.24182182550430298,0.430788516998291,-0.0773075595498085,0.2820824980735779,0.39413684606552124,-0.08513473719358444,carta
0.2228485345840454,0.962630569934845,6.925751563358062e-07,0.33835601806640625,0.9643429517745972,-0.005707357544451952,0.4372619390487671,0.9037306308746338,-0.012747261673212051,0.5046773552894592,0.8524251580238342,-0.025824377313256264,0.5713523626327515,0.8137127757072449,-0.03957168757915497,0.42916521430015564,0.7489346265792847,0.007243891712278128,0.5099318027496338,0.6997873187065125,-0.025620216503739357,0.5742827653884888,0.6911628842353821,-0.054096758365631104,0.6295748949050903,0.6902830004692078,-0.0733078122138977,0.39995044469833374,0.7217338681221008,-0.014274599961936474,0.49145710468292236,0.657313883304596,-0.043382856994867325,0.5657171607017517,0.6494855880737305,-0.06682080775499344,0.6289014220237732,0.6536921858787537,-0.08313262462615967,0.3631901144981384,0.7175047993659973,-0.0416065938770771,0.45470961928367615,0.6633036136627197,-0.07406886667013168,0.5279135704040527,0.661486804485321,-0.09064361453056335,0.5905834436416626,0.6674966812133789,-0.10067516565322876,0.3241226077079773,0.7319866418838501,-0.07061050087213516,0.39589107036590576,0.6848859786987305,-0.10072638094425201,0.4535384178161621,0.676183819770813,-0.11252036690711975,0.5054330825805664,0.6742268800735474,-0.11925721913576126,carta
0.2774670720100403,0.9292778968811035,4.872454155702144e-07,0.3551606833934784,0.9135725498199463,-0.007112637162208557,0.4057961106300354,0.8645389080047607,-0.017331762239336967,0.4405065178871155,0.8278666138648987,-0.03262675553560257,0.47975611686706543,0.7936024069786072,-0.051762908697128296,0.38072699308395386,0.7769438028335571,-0.01960919052362442,0.42727038264274597,0.736595630645752,-0.054441049695014954,0.4643469452857971,0.7226325273513794,-0.08427736908197403,0.4988332986831665,0.720578670501709,-0.10642962902784348,0.3546600043773651,0.7706185579299927,-0.04018852859735489,0.39881432056427,0.7117438912391663,-0.08076069504022598,0.44057363271713257,0.7009112238883972,-0.1186026856303215,0.4770936369895935,0.704391360282898,-0.14560145139694214,0.3265620470046997,0.7777302265167236,-0.06309185922145844,0.359249085187912,0.7199735045433044,-0.10405249148607254,0.3995184600353241,0.7077195048332214,-0.13876478374004364,0.4347798824310303,0.7101547122001648,-0.1617487221956253,0.2965801954269409,0.7957921028137207,-0.08593533933162689,0.31283482909202576,0.7486233711242676,-0.1240176260471344,0.33913666009902954,0.7322271466255188,-0.1506451964378357,0.36709681153297424,0.7300463318824768,-0.16989319026470184,carta
0.2655165195465088,0.9456509947776794,5.198444910092803e-07,0.34360936284065247,0.9365928173065186,-0.00958426296710968,0.39530059695243835,0.888454020023346,-0.02232464775443077,0.42966657876968384,0.8499144315719604,-0.04000011086463928,0.46858564019203186,0.8129228949546814,-0.06258724629878998,0.3714922368526459,0.7996422052383423,-0.033839061856269836,0.4150030016899109,0.7577089667320251,-0.07442697882652283,0.45145612955093384,0.7436419725418091,-0.10824096947908401,0.4860461354255676,0.742490828037262,-0.13374421000480652,0.3423168957233429,0.7938994765281677,-0.05664189159870148,0.38283494114875793,0.7292024493217468,-0.10671123117208481,0.42357486486434937,0.721319317817688,-0.15171091258525848,0.4599541127681732,0.7279565334320068,-0.18354561924934387,0.31141284108161926,0.8018633723258972,-0.08103610575199127,0.34051889181137085,0.7393951416015625,-0.13183023035526276,0.3799978792667389,0.7363606095314026,-0.17320789396762848,0.4130619466304779,0.7490750551223755,-0.1997516006231308,0.2777675986289978,0.8204354643821716,-0.10489686578512192,0.2918330729007721,0.7700371146202087,-0.15150466561317444,0.31749412417411804,0.7619214057922363,-0.1834411919116974,0.34379738569259644,0.7701918482780457,-0.20614473521709442,carta
0.26514574885368347,0.9472196102142334,5.432353304968274e-07,0.3453899621963501,0.9387896060943604,-0.01163876336067915,0.39763230085372925,0.8911923766136169,-0.02591603808104992,0.43322640657424927,0.8543845415115356,-0.044654931873083115,0.47369831800460815,0.8184724450111389,-0.06813494861125946,0.3734532594680786,0.7994686961174011,-0.03730002045631409,0.4174731969833374,0.7572133541107178,-0.07940647751092911,0.4543761610984802,0.7415950298309326,-0.1140187606215477,0.48993659019470215,0.7392992973327637,-0.13986828923225403,0.3436563313007355,0.7929723262786865,-0.05912518873810768,0.38372376561164856,0.7276948690414429,-0.11122763901948929,0.42487412691116333,0.7196643948554993,-0.1571333259344101,0.4619501233100891,0.7274077534675598,-0.18935394287109375,0.3117756247520447,0.8001511693000793,-0.08248358219861984,0.34009090065956116,0.7402349710464478,-0.13431063294410706,0.3793180584907532,0.7378246188163757,-0.1754905879497528,0.4122420847415924,0.7516916990280151,-0.20168203115463257,0.27731209993362427,0.8185416460037231,-0.10549873113632202,0.28852036595344543,0.7665407657623291,-0.15211571753025055,0.31411615014076233,0.7566308975219727,-0.1838783323764801,0.341157466173172,0.7641347050666809,-0.20643630623817444,carta
0.28106868267059326,0.9462881088256836,5.335612627277442e-07,0.3539768159389496,0.9463138580322266,-0.015886886045336723,0.4111471176147461,0.9038389921188354,-0.03187638893723488,0.4519328773021698,0.8713270425796509,-0.050268251448869705,0.4951074719429016,0.8417200446128845,-0.0723867192864418,0.3947131633758545,0.8113455772399902,-0.04334297403693199,0.4432443678379059,0.7691739201545715,-0.08372863382101059,0.4816668629646301,0.7593334913253784,-0.11483701318502426,0.5186570286750793,0.7613279819488525,-0.13695771992206573,0.3680380880832672,0.8001558780670166,-0.05888143926858902,0.414737343788147,0.7363668084144592,-0.10414306074380875,0.4583757817745209,0.7339496612548828,-0.14136652648448944,0.4976627826690674,0.7435035705566406,-0.1675562709569931,0.336893230676651,0.8032569885253906,-0.07581178098917007,0.37091684341430664,0.7402251362800598,-0.12049858272075653,0.4115102291107178,0.7466484308242798,-0.1524842232465744,0.44502049684524536,0.7661666870117188,-0.17260418832302094,0.3029312491416931,0.8181824684143066,-0.09289973229169846,0.3204299807548523,0.7668637037277222,-0.13263972103595734,0.3494725525379181,0.7603811025619507,-0.15780042111873627,0.3783101439476013,0.7701869010925293,-0.1753080040216446,carta
0.284436970949173,0.9412580132484436,5.308212394083967e-07,0.3630251884460449,0.9367006421089172,-0.009143173694610596,0.42151856422424316,0.8959944248199463,-0.023065943270921707,0.46280595660209656,0.8669610619544983,-0.0412164032459259,0.5069877505302429,0.838645339012146,-0.06335398554801941,0.4040307402610779,0.7978670597076416,-0.03185306116938591,0.45367398858070374,0.7569947242736816,-0.07205738872289658,0.49605658650398254,0.7475489377975464,-0.10463758558034897,0.5359309911727905,0.7496545910835266,-0.12758822739124298,0.3791908025741577,0.7890768051147461,-0.051465269178152084,0.42939493060112,0.7300742268562317,-0.0945095494389534,0.47676438093185425,0.7280060052871704,-0.1319350302219391,0.5179265141487122,0.7378838062286377,-0.15862323343753815,0.3501022160053253,0.7942461967468262,-0.07273304462432861,0.3875892460346222,0.7357901334762573,-0.11428675055503845,0.43207991123199463,0.7383089065551758,-0.14535437524318695,0.4685402512550354,0.7534921169281006,-0.16561682522296906,0.31855374574661255,0.8109297752380371,-0.09406381845474243,0.33872491121292114,0.7578566670417786,-0.1304878443479538,0.3694668114185333,0.7474570274353027,-0.1535789668560028,0.39986687898635864,0.7528661489486694,-0.17011906206607819,carta
0.25836560130119324,0.9463331699371338,5.89694593600143e-07,0.3381316065788269,0.9512335062026978,-0.014695240184664726,0.401924729347229,0.9104959964752197,-0.024275807663798332,0.44598060846328735,0.8757843971252441,-0.03871617838740349,0.494378924369812,0.8427273035049438,-0.05580877512693405,0.39691659808158875,0.7877121567726135,0.002321613021194935,0.44862085580825806,0.7431492805480957,-0.022936981171369553,0.4861977696418762,0.7253010869026184,-0.04968124255537987,0.5222023725509644,0.7158840298652649,-0.07148608565330505,0.3678799867630005,0.7670055031776428,-0.015289166942238808,0.41382530331611633,0.7039398550987244,-0.044575538486242294,0.4568871855735779,0.6771097779273987,-0.08113931119441986,0.4976024627685547,0.666418194770813,-0.10992023348808289,0.3336373269557953,0.7611277103424072,-0.03824511915445328,0.3715795576572418,0.6972070932388306,-0.07460081577301025,0.4119788408279419,0.6765060424804688,-0.11200444400310516,0.4499903619289398,0.6742901802062988,-0.13810521364212036,0.2958291471004486,0.7695961594581604,-0.06253448873758316,0.31427001953125,0.709627628326416,-0.10138065367937088,0.34259122610092163,0.69161057472229,-0.13110606372356415,0.374859094619751,0.6911894679069519,-0.15297086536884308,carta
0.23786848783493042,0.95942622423172,6.724725380991003e-07,0.3199673891067505,0.9439795017242432,-0.02138572745025158,0.3829832375049591,0.8908023834228516,-0.024199290201067924,0.42291349172592163,0.8267046809196472,-0.029041413217782974,0.46572282910346985,0.777542769908905,-0.0335838757455349,0.36620235443115234,0.7695122361183167,0.028238214552402496,0.4163280725479126,0.7041394710540771,0.018903952091932297,0.44658803939819336,0.6684015393257141,0.0017269268864765763,0.47495073080062866,0.6364622712135315,-0.013211545534431934,0.33357593417167664,0.7469431757926941,0.02243584394454956,0.37606772780418396,0.6665056943893433,0.012052569538354874,0.4097796380519867,0.6158595085144043,-0.011952655389904976,0.44089463353157043,0.5799465179443359,-0.031498219817876816,0.295612096786499,0.7411072254180908,0.009467891417443752,0.3295322060585022,0.6630572080612183,-0.009215928614139557,0.3606144189834595,0.6219347715377808,-0.03224290907382965,0.3925768733024597,0.5917125940322876,-0.04858050495386124,0.2534390687942505,0.7480612397193909,-0.006392279174178839,0.2722441852092743,0.6822371482849121,-0.028686437755823135,0.29274457693099976,0.647516131401062,-0.044766899198293686,0.3201424181461334,0.6179129481315613,-0.05634602531790733,carta
0.23413816094398499,0.9616143107414246,5.432696070784004e-07,0.31022509932518005,0.9166964292526245,-0.023579338565468788,0.3665802478790283,0.8367566466331482,-0.02336767315864563,0.39045751094818115,0.7541391253471375,-0.02277887426316738,0.41439783573150635,0.6927639245986938,-0.02114441990852356,0.3251078426837921,0.7338912487030029,0.018324844539165497,0.3593108654022217,0.6564897298812866,0.008316370658576488,0.38016894459724426,0.6113625764846802,-0.005879633128643036,0.39932483434677124,0.5712971687316895,-0.01671459712088108,0.2889173626899719,0.7213974595069885,0.018839584663510323,0.31570497155189514,0.6322357654571533,0.010005224496126175,0.33595651388168335,0.574604868888855,-0.006299967877566814,0.3557485342025757,0.5258094668388367,-0.018707063049077988,0.2517111003398895,0.726433515548706,0.012858517467975616,0.27023211121559143,0.6398427486419678,-0.00297440099529922,0.2912249267101288,0.5903380513191223,-0.018215278163552284,0.31388145685195923,0.5501848459243774,-0.027724968269467354,0.20831748843193054,0.7443636059761047,0.004019270651042461,0.21634911000728607,0.674811840057373,-0.013224875554442406,0.23087047040462494,0.6331498622894287,-0.022867238149046898,0.2511258125305176,0.5942866206169128,-0.028639329597353935,carta
0.2630791962146759,0.96114581823349,4.762926266721479e-07,0.3248521089553833,0.884591281414032,-0.007126412354409695,0.3534127175807953,0.7838940620422363,-0.01516800094395876,0.3641011416912079,0.7112984657287598,-0.02743264101445675,0.3830735385417938,0.6468614339828491,-0.042002201080322266,0.29253196716308594,0.7140772342681885,-0.01568415015935898,0.2996830642223358,0.6265558004379272,-0.04762742295861244,0.3288792371749878,0.5813783407211304,-0.07208848744630814,0.3593106269836426,0.5487604737281799,-0.08826988935470581,0.2650337517261505,0.7268301844596863,-0.03194640949368477,0.27150097489356995,0.6207751631736755,-0.06423164904117584,0.30940312147140503,0.5726638436317444,-0.08868331462144852,0.34701260924339294,0.544183611869812,-0.10502948611974716,0.24019397795200348,0.757051408290863,-0.051082510501146317,0.2429151087999344,0.6600626111030579,-0.08611457794904709,0.2848777770996094,0.6176814436912537,-0.10672206431627274,0.3264310359954834,0.5951787829399109,-0.1182723268866539,0.2192169427871704,0.8005056381225586,-0.07052097469568253,0.2266843318939209,0.7261151075363159,-0.10379744321107864,0.26095956563949585,0.6917409896850586,-0.12036052346229553,0.29804593324661255,0.6744076609611511,-0.13002510368824005,carta
0.26309454441070557,0.956794261932373,5.96647680595197e-07,0.31427326798439026,0.8516424298286438,0.022089239209890366,0.31532683968544006,0.7653152346611023,0.01650821603834629,0.3148755431175232,0.6997436881065369,0.002964087761938572,0.32591527700424194,0.6478787660598755,-0.013242404907941818,0.23956403136253357,0.7173317670822144,-0.02357478067278862,0.28078845143318176,0.6158909797668457,-0.054001014679670334,0.32130733132362366,0.5666357278823853,-0.0723278671503067,0.3550499379634857,0.5355408191680908,-0.08424246311187744,0.23336435854434967,0.7455427050590515,-0.05331571772694588,0.2824133336544037,0.6121127605438232,-0.08747570216655731,0.33397984504699707,0.5609899163246155,-0.10197064280509949,0.3738909661769867,0.5329067707061768,-0.11034606397151947,0.24646694958209991,0.7841299772262573,-0.08067382872104645,0.30588170886039734,0.6649269461631775,-0.11277700215578079,0.36646008491516113,0.6282302141189575,-0.11815110594034195,0.40793973207473755,0.6107522249221802,-0.11921203881502151,0.27252963185310364,0.8270248770713806,-0.10556141287088394,0.3188823461532593,0.7420864105224609,-0.12911352515220642,0.3574247360229492,0.7069480419158936,-0.1315799057483673,0.38738715648651123,0.6852644681930542,-0.13174328207969666,carta
0.2586841285228729,0.9662079215049744,4.5799581016581214e-07,0.28118637204170227,0.86286860704422,0.03690926730632782,0.28758537769317627,0.7761040329933167,0.03347306326031685,0.30091169476509094,0.7125040888786316,0.021141063421964645,0.31966090202331543,0.6589060425758362,0.006336365360766649,0.23549626767635345,0.7242991924285889,-0.030289670452475548,0.2712932825088501,0.6020904779434204,-0.059424061328172684,0.3114010989665985,0.5524653196334839,-0.07298049330711365,0.34545424580574036,0.5248046517372131,-0.08040978759527206,0.242161363363266,0.7565772533416748,-0.06509823352098465,0.288833349943161,0.6214264035224915,-0.09807425737380981,0.3395512104034424,0.5691447257995605,-0.10775692015886307,0.3777787685394287,0.5373580455780029,-0.11304429173469543,0.26204249262809753,0.7940607070922852,-0.09488163143396378,0.3166578710079193,0.6747741103172302,-0.11974339932203293,0.36939263343811035,0.630096971988678,-0.12027832120656967,0.4080292284488678,0.6006219387054443,-0.12002579867839813,0.29292234778404236,0.8358515501022339,-0.1208147332072258,0.3376414179801941,0.7566562294960022,-0.13646098971366882,0.37051844596862793,0.7139658331871033,-0.13549576699733734,0.39818811416625977,0.6807461977005005,-0.13435302674770355,carta
0.2614787220954895,0.9859237670898438,5.116378929415077e-07,0.24266085028648376,0.8813790082931519,0.02052660658955574,0.2486811727285385,0.7883734107017517,0.013102564960718155,0.2716546952724457,0.7150530219078064,0.0031324035953730345,0.2928090989589691,0.6585301756858826,-0.006922048982232809,0.22906900942325592,0.7477430701255798,-0.04988823086023331,0.27704113721847534,0.6184635758399963,-0.07635979354381561,0.31601595878601074,0.5667954683303833,-0.08312813192605972,0.3445322513580322,0.5373871922492981,-0.08296981453895569,0.2568100690841675,0.7866306900978088,-0.06980963051319122,0.31510207056999207,0.6498920321464539,-0.09505528211593628,0.3599107265472412,0.593450665473938,-0.09223010390996933,0.38961195945739746,0.5620255470275879,-0.08686517179012299,0.2940501570701599,0.8280001878738403,-0.08491579443216324,0.35039451718330383,0.698826789855957,-0.10168515890836716,0.38991907238960266,0.6444826126098633,-0.08961651474237442,0.414914608001709,0.6109809875488281,-0.07847830653190613,0.3345218598842621,0.8707364797592163,-0.09734170883893967,0.3825773596763611,0.7774382829666138,-0.10164938122034073,0.4061252176761627,0.7299208045005798,-0.08815279603004456,0.421864777803421,0.695264995098114,-0.07565951347351074,carta
0.2648043632507324,0.9900785088539124,4.77401556508994e-07,0.23573943972587585,0.8864728212356567,0.008447774685919285,0.23959195613861084,0.773335874080658,-0.0011951433261856437,0.2561829090118408,0.6749676465988159,-0.008227009326219559,0.2529427409172058,0.5998514890670776,-0.014292185194790363,0.23614826798439026,0.7676476240158081,-0.06485772132873535,0.27735015749931335,0.6322235465049744,-0.08470768481492996,0.31070494651794434,0.5730609893798828,-0.08185707032680511,0.33603614568710327,0.5382625460624695,-0.07392427325248718,0.2734030783176422,0.8055059313774109,-0.07301986962556839,0.3266107141971588,0.6614049077033997,-0.08896339684724808,0.3618534803390503,0.6059048771858215,-0.07503176480531693,0.3839368522167206,0.5797295570373535,-0.061652667820453644,0.31666094064712524,0.841062068939209,-0.07601854205131531,0.36673039197921753,0.7033268213272095,-0.08088823407888412,0.39269953966140747,0.6480502486228943,-0.06002449244260788,0.40555042028427124,0.6172235012054443,-0.043916989117860794,0.35812705755233765,0.877737820148468,-0.07731042057275772,0.39922967553138733,0.7758877277374268,-0.07100086659193039,0.41281044483184814,0.7259525656700134,-0.05286024510860443,0.4164878726005554,0.6934111714363098,-0.03791296109557152,carta
0.2664627134799957,0.9793687462806702,4.942797318108205e-07,0.22731974720954895,0.8796762824058533,0.008679363876581192,0.2235870063304901,0.7708146572113037,-0.005909994710236788,0.23789279162883759,0.6771653890609741,-0.015923840925097466,0.23781690001487732,0.6042996048927307,-0.025182027369737625,0.23542453348636627,0.7705888748168945,-0.09207221865653992,0.2780991196632385,0.637797474861145,-0.1116107776761055,0.3099792003631592,0.5803827047348022,-0.09905035048723221,0.33383095264434814,0.5511969923973083,-0.08201438933610916,0.27927321195602417,0.8071884512901306,-0.09781857579946518,0.32872477173805237,0.6610790491104126,-0.11516773700714111,0.3558187782764435,0.6027575135231018,-0.09060336649417877,0.3737685978412628,0.5764778256416321,-0.06734246760606766,0.325956791639328,0.8387390971183777,-0.09568119049072266,0.3712417483329773,0.7011250257492065,-0.10270442813634872,0.3869309425354004,0.6438343524932861,-0.07304102927446365,0.3919505476951599,0.6146193742752075,-0.047960780560970306,0.3672201633453369,0.8709409832954407,-0.09073461592197418,0.4064992666244507,0.7625765204429626,-0.08438185602426529,0.413064569234848,0.7123684883117676,-0.059936437755823135,0.4103510081768036,0.6858804225921631,-0.03823806345462799,carta
0.2679268717765808,0.9704095125198364,4.4073442495573545e-07,0.2208404541015625,0.8688229918479919,0.0057882643304765224,0.2140074074268341,0.7649862766265869,-0.010871289297938347,0.22363358736038208,0.6771230697631836,-0.021864641457796097,0.2227088063955307,0.6019699573516846,-0.03226732090115547,0.24189117550849915,0.7681589126586914,-0.10292299836874008,0.2769826054573059,0.633941650390625,-0.12258455902338028,0.30140402913093567,0.573341965675354,-0.10559503734111786,0.3184111416339874,0.5403924584388733,-0.0834982618689537,0.2899082899093628,0.7971640825271606,-0.10564727336168289,0.3321456015110016,0.6516976356506348,-0.121065653860569,0.3502032458782196,0.5922726392745972,-0.08615060150623322,0.3600674867630005,0.5689823627471924,-0.05326792970299721,0.33459752798080444,0.8244832158088684,-0.10051870346069336,0.3739676773548126,0.6851353049278259,-0.10902361571788788,0.37931084632873535,0.6368247270584106,-0.06884156167507172,0.3757363259792328,0.6185927987098694,-0.03316282108426094,0.37136390805244446,0.8530901074409485,-0.09251507371664047,0.40674078464508057,0.7448919415473938,-0.08836424350738525,0.40743985772132874,0.6987550854682922,-0.058638159185647964,0.3992360830307007,0.6767286658287048,-0.030388623476028442,carta
0.2734498977661133,0.9665800929069519,3.7780836237288895e-07,0.22434723377227783,0.8604521751403809,0.0016072344733402133,0.2156713604927063,0.7614336609840393,-0.01616857759654522,0.2214609533548355,0.6769807934761047,-0.02659582532942295,0.21779514849185944,0.5978093147277832,-0.03619670122861862,0.2611030340194702,0.75672447681427,-0.10503701120615005,0.2880817949771881,0.6223453283309937,-0.12103940546512604,0.30967438220977783,0.5617488622665405,-0.10007129609584808,0.3231424391269684,0.5277139544487,-0.07390274107456207,0.31199243664741516,0.784822940826416,-0.10176842659711838,0.34696969389915466,0.6419710516929626,-0.11334235221147537,0.3581765294075012,0.5826037526130676,-0.07365497946739197,0.36255383491516113,0.5602850317955017,-0.03590739890933037,0.35333728790283203,0.8132019639015198,-0.0905875563621521,0.3851221203804016,0.6796391010284424,-0.09920807182788849,0.3834307789802551,0.6282932758331299,-0.05926850438117981,0.37599000334739685,0.6102678775787354,-0.021370870992541313,0.38538336753845215,0.8404178619384766,-0.07588619738817215,0.41270148754119873,0.7290369272232056,-0.0691649541258812,0.4081563949584961,0.6843079924583435,-0.03621596470475197,0.39799124002456665,0.6675369739532471,-0.004635517485439777,carta
0.27641937136650085,0.9663377404212952,2.788995061564492e-07,0.23175093531608582,0.8707011938095093,-0.005521818995475769,0.22206833958625793,0.7702803611755371,-0.019726520404219627,0.22898101806640625,0.6779006123542786,-0.028683792799711227,0.22641035914421082,0.5978618860244751,-0.03563698008656502,0.27498769760131836,0.7578973174095154,-0.0670236125588417,0.306966632604599,0.6177050471305847,-0.08112752437591553,0.3269188702106476,0.5569350719451904,-0.07159595936536789,0.34032025933265686,0.519354522228241,-0.05762605741620064,0.32419610023498535,0.7851607799530029,-0.06484382599592209,0.36112332344055176,0.6365931034088135,-0.07515556365251541,0.37283429503440857,0.5834054350852966,-0.05221904069185257,0.37791621685028076,0.560964822769165,-0.029490426182746887,0.3647017180919647,0.813945472240448,-0.058684639632701874,0.39769425988197327,0.6754646301269531,-0.06470071524381638,0.39775145053863525,0.6276094913482666,-0.03734870254993439,0.3922542333602905,0.6085716485977173,-0.011889781802892685,0.39641717076301575,0.8433830738067627,-0.05135028809309006,0.42279326915740967,0.7295359373092651,-0.046763453632593155,0.41886892914772034,0.6879196166992188,-0.022879932075738907,0.409358412027359,0.6695361733436584,-0.00026065637939609587,carta
0.7986137866973877,0.8449640870094299,-5.533800617740781e-07,0.6965193152427673,0.8285304307937622,-0.018858065828680992,0.6255336403846741,0.7895516157150269,-0.04613205045461655,0.576356053352356,0.7626056671142578,-0.0732281506061554,0.5875262022018433,0.7355021834373474,-0.09330583363771439,0.6681962609291077,0.57498699426651,-0.035148151218891144,0.5882209539413452,0.6413601636886597,-0.06670402735471725,0.6156330108642578,0.7071985602378845,-0.07838640362024307,0.6420725584030151,0.701168954372406,-0.08637984097003937,0.7140206098556519,0.5828189253807068,-0.04850056394934654,0.6247258186340332,0.6752541065216064,-0.0775972306728363,0.6529034972190857,0.7406757473945618,-0.07138317823410034,0.6805444359779358,0.7243577241897583,-0.06512380391359329,0.7534960508346558,0.6220850348472595,-0.06577811390161514,0.6681110262870789,0.7174658179283142,-0.08819463104009628,0.690470278263092,0.7772223949432373,-0.06568210572004318,0.7178033590316772,0.7563009858131409,-0.05055919662117958,0.7858638763427734,0.6792097687721252,-0.08645801246166229,0.716059684753418,0.7570775747299194,-0.10051152110099792,0.7295863032341003,0.79413902759552,-0.08830496668815613,0.7557475566864014,0.7761934995651245,-0.07727157324552536,sasso
0.8063488602638245,0.8437238335609436,-4.3985289721604204e-07,0.6977867484092712,0.8159205317497253,0.004642323590815067,0.6321479678153992,0.7936967611312866,-0.03281392529606819,0.585645854473114,0.7701440453529358,-0.0765056237578392,0.5968382358551025,0.7399076223373413,-0.11466651409864426,0.6666622161865234,0.591810405254364,-0.055529844015836716,0.5945612788200378,0.6508819460868835,-0.08764897286891937,0.6217952966690063,0.7168225049972534,-0.08376266062259674,0.6478225588798523,0.7141537070274353,-0.08034472167491913,0.7141029238700867,0.603305995464325,-0.09008181095123291,0.6343414783477783,0.6729494333267212,-0.12099437415599823,0.6613513231277466,0.7493131160736084,-0.0940614566206932,0.6879711151123047,0.7329714894294739,-0.07283926755189896,0.7574573159217834,0.6397945880889893,-0.12553781270980835,0.6784295439720154,0.7143305540084839,-0.14485034346580505,0.700396716594696,0.7819412350654602,-0.10051095485687256,0.730090856552124,0.7633162140846252,-0.07360865920782089,0.7942653894424438,0.6911487579345703,-0.1627817153930664,0.7320734858512878,0.7526480555534363,-0.17157547175884247,0.7409858703613281,0.7942955493927002,-0.14655621349811554,0.7666655778884888,0.7797126173973083,-0.12887167930603027,sasso
0.8110817670822144,0.8431016802787781,-7.89042999826961e-08,0.7116034030914307,0.7579503655433655,0.0016630626050755382,0.6530951261520386,0.7168192863464355,-0.05916174501180649,0.6069003343582153,0.6933774352073669,-0.12293165177106857,0.6104767322540283,0.6973423957824707,-0.18197238445281982,0.7278317809104919,0.5719975829124451,-0.14263653755187988,0.6400977969169617,0.6043809652328491,-0.17594099044799805,0.647804856300354,0.67616868019104,-0.15077786147594452,0.6769504547119141,0.686093807220459,-0.13262057304382324,0.7695388793945312,0.6256219148635864,-0.18169842660427094,0.6677347421646118,0.6523181200027466,-0.21815583109855652,0.6811094880104065,0.7321511507034302,-0.16311360895633698,0.7161397337913513,0.7285239100456238,-0.12236399948596954,0.7999094724655151,0.6925807595252991,-0.21683578193187714,0.7023059129714966,0.7295628786087036,-0.2353518307209015,0.7156886458396912,0.7896530032157898,-0.16892413794994354,0.7528915405273438,0.7831319570541382,-0.129736065864563,0.8216104507446289,0.7582306265830994,-0.25341320037841797,0.7519166469573975,0.7847203612327576,-0.2632824778556824,0.7522503733634949,0.8114546537399292,-0.23187406361103058,0.7804867625236511,0.8113600015640259,-0.21166227757930756,sasso
0.8054943084716797,0.8260344862937927,-2.3168728091604862e-07,0.7565922737121582,0.7222285270690918,-0.05408645048737526,0.7059326767921448,0.6490066051483154,-0.11318234354257584,0.6559920907020569,0.6176508069038391,-0.16103486716747284,0.6254346966743469,0.6366547346115112,-0.2024890035390854,0.8243064880371094,0.5489806532859802,-0.14531637728214264,0.6966017484664917,0.5573596954345703,-0.1850808709859848,0.6886062622070312,0.6203401684761047,-0.19439072906970978,0.7188957929611206,0.6392415761947632,-0.2028079777956009,0.8485441207885742,0.6146318316459656,-0.14554782211780548,0.6970030069351196,0.6238940358161926,-0.17914777994155884,0.7034334540367126,0.6857566237449646,-0.1715381145477295,0.7385663986206055,0.70259690284729,-0.1712467074394226,0.8546519875526428,0.6948022842407227,-0.14484257996082306,0.7066148519515991,0.7038196921348572,-0.16687093675136566,0.7138710021972656,0.7535116672515869,-0.1435137838125229,0.7528901100158691,0.7620066404342651,-0.13379786908626556,0.8473095893859863,0.7750142812728882,-0.14998386800289154,0.730591356754303,0.7732841372489929,-0.16607235372066498,0.7340434789657593,0.8013746738433838,-0.155130535364151,0.7689120173454285,0.8067432641983032,-0.14842750132083893,sasso
0.8185645341873169,0.8770620226860046,-4.308594014901246e-08,0.7948403358459473,0.7222707867622375,0.006652770098298788,0.7557030916213989,0.6151556372642517,-0.05357719585299492,0.6902238130569458,0.567042350769043,-0.11349118500947952,0.6289286613464355,0.5656979084014893,-0.1746300309896469,0.8481618165969849,0.5967463254928589,-0.1685531586408615,0.7128098011016846,0.5451368093490601,-0.19656558334827423,0.7013645172119141,0.6021489500999451,-0.17216143012046814,0.7278223037719727,0.6282367706298828,-0.15465004742145538,0.839248776435852,0.6826537847518921,-0.20012213289737701,0.6897685527801514,0.611031174659729,-0.2270185649394989,0.6991695165634155,0.6704044342041016,-0.18067264556884766,0.7371184825897217,0.6925206184387207,-0.15463069081306458,0.8115320205688477,0.7626442909240723,-0.22088131308555603,0.6692895889282227,0.685299277305603,-0.2284436970949173,0.6859917044639587,0.7364811897277832,-0.1696094572544098,0.726550817489624,0.7667717933654785,-0.1424548476934433,0.776785671710968,0.829793393611908,-0.23969866335391998,0.6671481132507324,0.7624595761299133,-0.2431335300207138,0.6801456212997437,0.7873117923736572,-0.20944683253765106,0.7180520296096802,0.8192955255508423,-0.1919187307357788,sasso
0.7907168865203857,0.8854904174804688,-3.6599340091925114e-07,0.8187485337257385,0.764183521270752,-0.007777434773743153,0.8019840121269226,0.6122852563858032,-0.029704423621296883,0.733768105506897,0.5156100988388062,-0.04853865131735802,0.6676754355430603,0.5154845714569092,-0.06686132401227951,0.8552472591400146,0.6205804347991943,-0.07646945118904114,0.7364022135734558,0.5156285762786865,-0.1027885377407074,0.7206647992134094,0.5590659976005554,-0.10013396292924881,0.7396884560585022,0.5937787890434265,-0.09511241316795349,0.818455159664154,0.6865237355232239,-0.08916034549474716,0.6895729303359985,0.5656558871269226,-0.11591285467147827,0.6916380524635315,0.6136457324028015,-0.10165976732969284,0.7217074036598206,0.651485025882721,-0.09203104674816132,0.7689658403396606,0.7448264956474304,-0.09901738911867142,0.6504379510879517,0.6137324571609497,-0.12681420147418976,0.6621152758598328,0.6616352200508118,-0.10388089716434479,0.6955351233482361,0.7048318982124329,-0.0860932394862175,0.7109894156455994,0.796094536781311,-0.10734017938375473,0.6246596574783325,0.6760804653167725,-0.12915821373462677,0.6371234059333801,0.70616215467453,-0.11576048284769058,0.6663389801979065,0.7455856800079346,-0.1037232056260109,sasso
0.7571869492530823,0.837356686592102,-3.435997086853604e-07,0.8000955581665039,0.7329372763633728,0.0022821647580713034,0.7937086224555969,0.5901451110839844,-0.01338603999465704,0.7394779324531555,0.48342472314834595,-0.026789231225848198,0.6788658499717712,0.4499986171722412,-0.04025343433022499,0.8273364305496216,0.5996481776237488,-0.0670628547668457,0.7387941479682922,0.47698360681533813,-0.08677402138710022,0.7309417724609375,0.5118560194969177,-0.08514274656772614,0.7453590035438538,0.5445883870124817,-0.0817423015832901,0.7738506197929382,0.6494021415710449,-0.0807933583855629,0.6853874921798706,0.5057212710380554,-0.10065815597772598,0.6873757839202881,0.5489063262939453,-0.08827651292085648,0.7062882781028748,0.5944018959999084,-0.07984337955713272,0.7152180671691895,0.6900014877319336,-0.08984827995300293,0.6383792757987976,0.5476723313331604,-0.10689275711774826,0.6508636474609375,0.587958037853241,-0.08236745744943619,0.6730958819389343,0.6315024495124817,-0.06523369252681732,0.6551157236099243,0.7255958318710327,-0.09679988771677017,0.6086519956588745,0.5988675951957703,-0.10888957232236862,0.6226653456687927,0.6288462281227112,-0.09015104174613953,0.6409173011779785,0.6673663258552551,-0.0757756307721138,sasso
0.7780059576034546,0.9017289876937866,-3.4726767239590117e-07,0.8483694195747375,0.8032107353210449,-0.006778405513614416,0.8729950785636902,0.6417200565338135,-0.026793435215950012,0.8273194432258606,0.5053498148918152,-0.04320655018091202,0.7663328051567078,0.4432200789451599,-0.057409513741731644,0.9018782377243042,0.6415495276451111,-0.06878954917192459,0.8248111605644226,0.47451043128967285,-0.09846579283475876,0.8094341158866882,0.5201864838600159,-0.10567580908536911,0.8232601881027222,0.5673128962516785,-0.10676508396863937,0.8240776658058167,0.6712744235992432,-0.0800386518239975,0.7539855241775513,0.4913896918296814,-0.10375072062015533,0.7471677660942078,0.5415605306625366,-0.0934314951300621,0.7627653479576111,0.5951607823371887,-0.08609303086996078,0.7458300590515137,0.6911880373954773,-0.08874855190515518,0.6917217969894409,0.5210045576095581,-0.10706406831741333,0.6922643184661865,0.571647047996521,-0.07922125607728958,0.7088130116462708,0.6236313581466675,-0.05975024774670601,0.6704033613204956,0.7069168090820312,-0.09674924612045288,0.646711528301239,0.5635768175125122,-0.10471723973751068,0.6490315794944763,0.6041025519371033,-0.08085606247186661,0.6582546234130859,0.6497657299041748,-0.06299722194671631,sasso
0.7417986392974854,0.891002357006073,-2.9301597237463284e-07,0.8287650346755981,0.7836736440658569,0.007963920012116432,0.8594965934753418,0.6331523656845093,-0.0037179088685661554,0.8364708423614502,0.4992789328098297,-0.01407322846353054,0.7821849584579468,0.4324502944946289,-0.024015747010707855,0.8622885346412659,0.628766655921936,-0.06044496223330498,0.815390944480896,0.45852863788604736,-0.07748561352491379,0.806577205657959,0.5046333074569702,-0.07625161111354828,0.8137306571006775,0.5574252605438232,-0.07220198214054108,0.7780168652534485,0.6424195766448975,-0.07362186163663864,0.7492790818214417,0.4722684621810913,-0.08229782432317734,0.7444664239883423,0.5212528705596924,-0.06769061833620071,0.7472335696220398,0.5769638419151306,-0.059499114751815796,0.6969349980354309,0.650865375995636,-0.08153893798589706,0.6835456490516663,0.4973702132701874,-0.08334847539663315,0.684850811958313,0.5456036329269409,-0.05472361296415329,0.6889403462409973,0.5943735837936401,-0.03919852897524834,0.6245168447494507,0.659929633140564,-0.08749723434448242,0.6341619491577148,0.5241402387619019,-0.08300904184579849,0.6376112103462219,0.5698235630989075,-0.05425823852419853,0.6375913619995117,0.6150029301643372,-0.03537923842668533,sasso
0.7442389130592346,0.9006978273391724,-3.5485439298099664e-07,0.8190143704414368,0.778520405292511,0.011504662223160267,0.8413193225860596,0.6195399165153503,0.00046338705578818917,0.8075475692749023,0.48783284425735474,-0.010579644702374935,0.740405261516571,0.4374339282512665,-0.021799378097057343,0.853193998336792,0.6115546822547913,-0.052668724209070206,0.7888022661209106,0.45118996500968933,-0.07040008902549744,0.7798378467559814,0.49897968769073486,-0.07219675928354263,0.7922450304031372,0.5492475032806396,-0.07078498601913452,0.7725356817245483,0.6350446939468384,-0.06865448504686356,0.7228068709373474,0.47205105423927307,-0.07700114697217941,0.7177833318710327,0.5208837985992432,-0.06346062570810318,0.7271301746368408,0.5748183131217957,-0.05655040964484215,0.6921274662017822,0.6536008715629578,-0.07965447753667831,0.6593496799468994,0.503165066242218,-0.0823138877749443,0.6612168550491333,0.5518090128898621,-0.05466216057538986,0.6711830496788025,0.6002140045166016,-0.0396714024245739,0.6174561381340027,0.6723851561546326,-0.08850904554128647,0.6100863814353943,0.5366122722625732,-0.08414959162473679,0.6144706010818481,0.5810927152633667,-0.05558982491493225,0.6191404461860657,0.6270827651023865,-0.03688443452119827,sasso
0.7676862478256226,0.8778996467590332,-5.943088012827502e-07,0.7895522713661194,0.7384538650512695,0.014509902335703373,0.7592922449111938,0.5786800980567932,0.0022980214562267065,0.6793556213378906,0.4780152440071106,-0.012795618735253811,0.6245081424713135,0.43666285276412964,-0.024174226447939873,0.8224588632583618,0.5109657049179077,-0.025203188881278038,0.6952025890350342,0.4156181216239929,-0.05111580342054367,0.6856105923652649,0.4835870563983917,-0.05917997285723686,0.7123616337776184,0.5156428813934326,-0.06266305595636368,0.7754961252212524,0.5539432764053345,-0.04879409074783325,0.6465108394622803,0.446353554725647,-0.06828536093235016,0.6458948254585266,0.5150966644287109,-0.05733136832714081,0.6749908924102783,0.5524799823760986,-0.05053676664829254,0.7183549404144287,0.6023867726325989,-0.07079920172691345,0.605137825012207,0.49320894479751587,-0.08790584653615952,0.6108196377754211,0.5614301562309265,-0.06107303127646446,0.6405547261238098,0.5992650389671326,-0.04291338473558426,0.6553943753242493,0.6576826572418213,-0.0915476456284523,0.5813649892807007,0.5602142810821533,-0.10366221517324448,0.5876562595367432,0.6090932488441467,-0.0851447656750679,0.6079151034355164,0.6445463299751282,-0.06964529305696487,sasso
0.7457913160324097,0.865245521068573,-7.759159075249045e-07,0.7452589273452759,0.7184572815895081,0.03639741614460945,0.7173324823379517,0.589946985244751,0.02653222531080246,0.6515702605247498,0.5099223852157593,0.00804610550403595,0.5997178554534912,0.4905043840408325,-0.009609202854335308,0.7691006064414978,0.48203951120376587,-0.018647920340299606,0.6329749822616577,0.41356897354125977,-0.03482350707054138,0.620017945766449,0.48372671008110046,-0.03324674069881439,0.6448061466217041,0.5099550485610962,-0.032467760145664215,0.7510766386985779,0.5300788283348083,-0.05419156327843666,0.6006372570991516,0.46069246530532837,-0.06385426968336105,0.5983549356460571,0.5241529941558838,-0.046955954283475876,0.6291568875312805,0.5508645176887512,-0.04083773121237755,0.71727055311203,0.59029620885849,-0.08547738194465637,0.5759201645851135,0.5205214619636536,-0.08746466040611267,0.5770816206932068,0.5843325853347778,-0.057487647980451584,0.6106265187263489,0.6104224324226379,-0.045234549790620804,0.6758703589439392,0.6556851863861084,-0.11447583138942719,0.56386798620224,0.5877357125282288,-0.11748035252094269,0.5659500360488892,0.6319672465324402,-0.09806864708662033,0.5945955514907837,0.6611349582672119,-0.08624380826950073,sasso
0.7384482026100159,0.8725124597549438,-7.749492851871764e-07,0.6464424729347229,0.72330641746521,0.03327823802828789,0.6139847040176392,0.6140668392181396,0.01592571847140789,0.5793874263763428,0.5371132493019104,-0.016182055696845055,0.5621224641799927,0.4858439564704895,-0.04415132477879524,0.757840096950531,0.4856695532798767,0.023093771189451218,0.6312607526779175,0.4349142909049988,-0.0077691650949418545,0.6236523985862732,0.5211808681488037,-0.023253006860613823,0.6538243293762207,0.5450413823127747,-0.03345154970884323,0.7721956372261047,0.5099625587463379,-0.019093694165349007,0.6186394691467285,0.4749775826931,-0.04943878948688507,0.6190465688705444,0.5601130723953247,-0.04650812968611717,0.6594638824462891,0.5818049311637878,-0.04368957132101059,0.7650588154792786,0.5517714023590088,-0.06314434856176376,0.6189284324645996,0.5165464878082275,-0.07917169481515884,0.6182305812835693,0.604720950126648,-0.053487859666347504,0.6582804918289185,0.6260948181152344,-0.04064977169036865,0.7452160716056824,0.5985223650932312,-0.1075783371925354,0.6286402344703674,0.5849550366401672,-0.11432892829179764,0.6290842890739441,0.6479105949401855,-0.098943330347538,0.6668829917907715,0.6672953367233276,-0.0886652022600174,sasso
0.7524645328521729,0.8772817850112915,-8.015566095309623e-07,0.654441773891449,0.7374558448791504,0.033743035048246384,0.6185663938522339,0.6288930177688599,0.019409921020269394,0.5878624320030212,0.5499382019042969,-0.011211100965738297,0.5832676887512207,0.48628365993499756,-0.03707393631339073,0.7586179375648499,0.49101120233535767,0.03978551924228668,0.6374903917312622,0.4454262852668762,0.011065179482102394,0.6319527626037598,0.5388143062591553,-0.005015071947127581,0.6632386445999146,0.5614576935768127,-0.01611488312482834,0.7820369005203247,0.5057580471038818,-0.002373362658545375,0.6331757307052612,0.47580254077911377,-0.03262363746762276,0.6324219703674316,0.5680950284004211,-0.031114492565393448,0.6736623644828796,0.5891503095626831,-0.027783462777733803,0.7827388644218445,0.5430445671081543,-0.04747684672474861,0.6410561800003052,0.5148535966873169,-0.06452058255672455,0.6393209099769592,0.6076882481575012,-0.0389951691031456,0.680086076259613,0.6287400722503662,-0.024871941655874252,0.7669099569320679,0.58763587474823,-0.09314128756523132,0.6570914387702942,0.5750569105148315,-0.10112331807613373,0.6579222679138184,0.6411256194114685,-0.08557958900928497,0.6966924667358398,0.6619725227355957,-0.07416584342718124,sasso
0.6378780603408813,0.6189590096473694,-6.916332040418638e-08,0.6090578436851501,0.5886121988296509,-0.042496457695961,0.5905424356460571,0.5459228754043579,-0.07007955014705658,0.5780267119407654,0.5060747265815735,-0.09092862904071808,0.5771514177322388,0.4836740493774414,-0.1067916601896286,0.6657297015190125,0.4743684232234955,-0.04570212960243225,0.6195386648178101,0.4418339729309082,-0.06508911401033401,0.6062631011009216,0.4791313409805298,-0.06885422766208649,0.6191548109054565,0.4958544373512268,-0.06957587599754333,0.6811296343803406,0.4858677387237549,-0.03157392144203186,0.628057062625885,0.45665472745895386,-0.05048350617289543,0.6110634803771973,0.49936118721961975,-0.04553893953561783,0.6295883655548096,0.5087584853172302,-0.03846757486462593,0.6858314275741577,0.5029078722000122,-0.021159065887331963,0.6358586549758911,0.48124757409095764,-0.03457699716091156,0.6205617189407349,0.5172809958457947,-0.02114422805607319,0.6383069753646851,0.5285627841949463,-0.010656222701072693,0.6847628355026245,0.518872857093811,-0.014951605349779129,0.642066478729248,0.5065587759017944,-0.02157147414982319,0.6316900253295898,0.5326260328292847,-0.015019531361758709,0.6476194858551025,0.5456517338752747,-0.008156117983162403,sasso
0.7648563981056213,0.8766932487487793,-8.074613901953853e-07,0.663192093372345,0.7455068826675415,0.013023904524743557,0.6203699707984924,0.6314882040023804,-0.0013466058298945427,0.5914325714111328,0.5547351241111755,-0.02763170376420021,0.5920302867889404,0.4892734885215759,-0.047725025564432144,0.7537834644317627,0.4896177649497986,0.03170657902956009,0.6394810080528259,0.4475625157356262,-0.004461321979761124,0.6369119882583618,0.5485763549804688,-0.029530780389904976,0.6696184873580933,0.5703685283660889,-0.046553485095500946,0.7855528593063354,0.49956321716308594,0.002397004282101989,0.645717442035675,0.4708767533302307,-0.03703783079981804,0.6431184411048889,0.5712367296218872,-0.043696872889995575,0.68410325050354,0.5921562314033508,-0.0435318723320961,0.7988666296005249,0.5357529520988464,-0.03190704435110092,0.6633984446525574,0.510668158531189,-0.06094592437148094,0.6568171977996826,0.6110793948173523,-0.04019111022353172,0.6989140510559082,0.6320903301239014,-0.02413712441921234,0.7946752905845642,0.5849805474281311,-0.06782786548137665,0.687160074710846,0.574187159538269,-0.08327760547399521,0.6799334287643433,0.6420185565948486,-0.0695682242512703,0.7181521654129028,0.663368284702301,-0.056622277945280075,sasso
0.772569477558136,0.882080614566803,-8.323358429151995e-07,0.664075493812561,0.7610957026481628,0.006578807253390551,0.6103091835975647,0.64115309715271,-0.0041298698633909225,0.5862823128700256,0.5602828860282898,-0.025985337793827057,0.6018851399421692,0.4949517548084259,-0.04045529291033745,0.721600353717804,0.4944723844528198,0.0350584052503109,0.6279634833335876,0.45933571457862854,-0.0024919635616242886,0.6290479898452759,0.5618174076080322,-0.025894269347190857,0.6600369811058044,0.5799521207809448,-0.041510965675115585,0.7641833424568176,0.49582546949386597,0.009684037417173386,0.651047945022583,0.47133076190948486,-0.035078004002571106,0.6484649777412415,0.5864917039871216,-0.041698258370161057,0.691659152507782,0.5984675288200378,-0.0383262112736702,0.7976136207580566,0.5257654190063477,-0.02205612137913704,0.6874495148658752,0.5060285329818726,-0.05786443129181862,0.6787334084510803,0.6183151006698608,-0.03514121472835541,0.7210197448730469,0.6314053535461426,-0.013952658511698246,0.8155984282493591,0.5724779963493347,-0.05584988370537758,0.7266126275062561,0.567406415939331,-0.07179269194602966,0.7124761939048767,0.6380797624588013,-0.05515298992395401,0.7486555576324463,0.6497107744216919,-0.03908408433198929,sasso
0.6521272659301758,0.6101515889167786,9.267597533835215e-08,0.6197137832641602,0.5922226905822754,-0.052765265107154846,0.5958935022354126,0.5555352568626404,-0.08581583946943283,0.5908620953559875,0.5204607844352722,-0.1122596263885498,0.6041757464408875,0.5018985867500305,-0.13368754088878632,0.6466414928436279,0.4623539447784424,-0.04420286417007446,0.6163979172706604,0.4502371549606323,-0.0736272782087326,0.617402195930481,0.48532021045684814,-0.0865958109498024,0.6329183578491211,0.4971410632133484,-0.09278850257396698,0.6678613424301147,0.4649105370044708,-0.029113100841641426,0.6347541809082031,0.4566606879234314,-0.05829717591404915,0.6301366090774536,0.5015487670898438,-0.060684382915496826,0.6488006711006165,0.502287745475769,-0.0565301850438118,0.6841375827789307,0.47869953513145447,-0.02055070549249649,0.6546486616134644,0.47540414333343506,-0.04731079563498497,0.6503392457962036,0.5134451389312744,-0.040054649114608765,0.6664068698883057,0.5203515291213989,-0.03014160878956318,0.6963418126106262,0.49693793058395386,-0.017085758969187737,0.6711113452911377,0.5034347772598267,-0.03430359065532684,0.6688353419303894,0.5286388397216797,-0.03327205032110214,0.6838038563728333,0.5355139374732971,-0.028395939618349075,sasso
0.7803643941879272,0.8766647577285767,-8.863241305334668e-07,0.6703680753707886,0.7740393877029419,-0.0076750474981963634,0.6099256873130798,0.6547940969467163,-0.019002195447683334,0.5871416926383972,0.5647753477096558,-0.03846234083175659,0.6120350360870361,0.49701571464538574,-0.04909704253077507,0.7119911909103394,0.49881723523139954,0.03228529542684555,0.6267713308334351,0.4706830382347107,-0.010091803967952728,0.629325270652771,0.5695314407348633,-0.03455009311437607,0.6577274799346924,0.5958442091941833,-0.04777687415480614,0.7538011074066162,0.49739664793014526,0.014590161852538586,0.655013382434845,0.4849400520324707,-0.034227848052978516,0.6568191051483154,0.6005728244781494,-0.041474778205156326,0.69734787940979,0.6108959913253784,-0.03537977486848831,0.7934467792510986,0.5218681693077087,-0.012034381739795208,0.6980058550834656,0.5115153789520264,-0.05687833949923515,0.6929536461830139,0.6251556277275085,-0.036452073603868484,0.7316398024559021,0.6364030838012695,-0.011939143761992455,0.8251636624336243,0.5663557052612305,-0.04162776842713356,0.743798553943634,0.5632482171058655,-0.06408270448446274,0.7306309342384338,0.6366142630577087,-0.04888327792286873,0.7628710269927979,0.6480600833892822,-0.030614806339144707,sasso
0.6550714373588562,0.6302589774131775,3.6515512391588345e-08,0.6169614791870117,0.6086157560348511,-0.05604637786746025,0.5896429419517517,0.5649557709693909,-0.0920247957110405,0.5873451232910156,0.528838574886322,-0.12152637541294098,0.6089308857917786,0.5018622279167175,-0.1450895220041275,0.6416441202163696,0.4663357138633728,-0.05335647985339165,0.616328775882721,0.4569210410118103,-0.09426295012235641,0.620236873626709,0.5081319212913513,-0.11235838383436203,0.633662760257721,0.5324219465255737,-0.12045186012983322,0.666954755783081,0.4687100648880005,-0.040740083903074265,0.6361265778541565,0.46602344512939453,-0.08292722702026367,0.6366056799888611,0.5323155522346497,-0.08965440839529037,0.6553995609283447,0.5464304089546204,-0.08658701926469803,0.6890441179275513,0.4816657304763794,-0.035705048590898514,0.6566864252090454,0.4887131452560425,-0.07462824136018753,0.6561601758003235,0.5468551516532898,-0.06912824511528015,0.6716071367263794,0.5641991496086121,-0.05837106332182884,0.70722496509552,0.500786542892456,-0.03594982251524925,0.6784517168998718,0.5145094394683838,-0.06320087611675262,0.6784557700157166,0.5545949935913086,-0.06478593498468399,0.6942043304443359,0.5687481760978699,-0.06029757112264633,sasso
0.7813562750816345,0.8744751214981079,-9.040839472618245e-07,0.6734597682952881,0.7788442373275757,-0.013133392669260502,0.6107747554779053,0.6608777046203613,-0.024972088634967804,0.5853429436683655,0.5686741471290588,-0.04360625147819519,0.6114878058433533,0.4998083710670471,-0.05261784791946411,0.7078807950019836,0.5021529197692871,0.030117560178041458,0.6265552639961243,0.47310853004455566,-0.013799437321722507,0.6312572360038757,0.5733025670051575,-0.03824479132890701,0.6595813632011414,0.6023257374763489,-0.050523921847343445,0.7506260275840759,0.49959301948547363,0.015997080132365227,0.6567282676696777,0.48925793170928955,-0.033425793051719666,0.6609382629394531,0.6058804392814636,-0.03980688750743866,0.7002257108688354,0.6153432130813599,-0.03233123570680618,0.791949450969696,0.5219194889068604,-0.007918483577668667,0.7005906105041504,0.5155479907989502,-0.054220981895923615,0.6974855661392212,0.6299149394035339,-0.03354157879948616,0.7346530556678772,0.6401779651641846,-0.00776202417910099,0.8262850642204285,0.5651087164878845,-0.0352897085249424,0.7455158829689026,0.5637903809547424,-0.05882040038704872,0.7339409589767456,0.6379834413528442,-0.04402363300323486,0.7651452422142029,0.6492138504981995,-0.025325627997517586,sasso
0.7880765795707703,0.8753416538238525,-9.410254051545053e-07,0.6777124404907227,0.7897107005119324,-0.013169805519282818,0.6129832863807678,0.6718686819076538,-0.02221897803246975,0.587260365486145,0.5748481154441833,-0.03809516876935959,0.6157875657081604,0.5030417442321777,-0.04392861947417259,0.6957117915153503,0.5140765905380249,0.03563452512025833,0.6254281401634216,0.4781741499900818,-0.009721988812088966,0.6318296194076538,0.5803844928741455,-0.0352318100631237,0.6579686403274536,0.6136029958724976,-0.04723500460386276,0.7420276403427124,0.5087664127349854,0.022517943754792213,0.6616058945655823,0.4900713562965393,-0.026675816625356674,0.6684746146202087,0.6087793111801147,-0.033791832625865936,0.7053630352020264,0.6188095211982727,-0.0261060930788517,0.7891695499420166,0.5250464677810669,-0.0010456250747665763,0.7079423069953918,0.51296067237854,-0.04662298411130905,0.7074488997459412,0.6305096745491028,-0.025795092806220055,0.7425841689109802,0.6397518515586853,0.00044260293361730874,0.8323521614074707,0.5621004104614258,-0.028073206543922424,0.7557966709136963,0.5596663951873779,-0.049273114651441574,0.7467344999313354,0.6371310353279114,-0.03297119587659836,0.7778604626655579,0.6460621356964111,-0.013462897390127182,sasso
0.7933689951896667,0.8704665899276733,-9.45897909332416e-07,0.682810366153717,0.7922036051750183,-0.012564476579427719,0.6144605875015259,0.675201416015625,-0.02086877077817917,0.5900909304618835,0.5761086940765381,-0.035948969423770905,0.6212480068206787,0.5077432990074158,-0.041207026690244675,0.6931847929954529,0.5195733308792114,0.032599736005067825,0.6296339631080627,0.4734909236431122,-0.010604665614664555,0.6344040036201477,0.5796741843223572,-0.03313090652227402,0.6595332622528076,0.6112321019172668,-0.04363728687167168,0.7411902546882629,0.5161380767822266,0.019476622343063354,0.6693553924560547,0.48641031980514526,-0.027675000950694084,0.6728622913360596,0.6072450876235962,-0.032136764377355576,0.7080578207969666,0.616541862487793,-0.02295181341469288,0.790626049041748,0.5320390462875366,-0.003711726749315858,0.7171471118927002,0.5093463659286499,-0.046992119401693344,0.714323878288269,0.6285862326622009,-0.023389659821987152,0.74873948097229,0.6372534036636353,0.004248211160302162,0.8386542797088623,0.566285252571106,-0.030233832076191902,0.7662480473518372,0.5549494028091431,-0.04853392392396927,0.7548820972442627,0.6351712942123413,-0.0293092243373394,0.7847023010253906,0.6464414000511169,-0.008379437029361725,sasso
0.7917537093162537,0.8727625012397766,-9.655758503868128e-07,0.6827431321144104,0.7935481071472168,-0.012612568214535713,0.6158788800239563,0.6764352321624756,-0.021486597135663033,0.5906994938850403,0.5785496234893799,-0.03718527406454086,0.6210232973098755,0.5080344676971436,-0.043044254183769226,0.6957454681396484,0.5170192718505859,0.03237301856279373,0.630426287651062,0.4740793704986572,-0.01232756208628416,0.6350978016853333,0.5790205001831055,-0.036129336804151535,0.6602355241775513,0.6129324436187744,-0.047022745013237,0.7435488700866699,0.5130494832992554,0.019076816737651825,0.669558048248291,0.48871535062789917,-0.02844642847776413,0.6741318106651306,0.6086379289627075,-0.033395107835531235,0.7095730900764465,0.617809534072876,-0.02466975525021553,0.7928193807601929,0.5291461944580078,-0.004401704296469688,0.7172259092330933,0.5108150243759155,-0.04860328882932663,0.7153142690658569,0.6294920444488525,-0.02572992816567421,0.7498630285263062,0.6383955478668213,0.001484249485656619,0.8400585055351257,0.5643965601921082,-0.031202882528305054,0.7668205499649048,0.5552054643630981,-0.05061713606119156,0.7556666731834412,0.6353769302368164,-0.03207917883992195,0.7852338552474976,0.6470211744308472,-0.011403348296880722,sasso
0.7922092080116272,0.8702358603477478,-9.6307360308856e-07,0.6846399903297424,0.790732741355896,-0.01164630800485611,0.6166449189186096,0.6770103573799133,-0.021120324730873108,0.5898381471633911,0.5802199840545654,-0.03760232776403427,0.6213527917861938,0.5095618963241577,-0.04426194354891777,0.6992878913879395,0.5161935091018677,0.031958386301994324,0.6322188973426819,0.47415584325790405,-0.013228166848421097,0.6370105147361755,0.5786327719688416,-0.03719119727611542,0.6627351641654968,0.6112624406814575,-0.0482821948826313,0.7464901208877563,0.5132440328598022,0.017975294962525368,0.6705651879310608,0.48748624324798584,-0.030658837407827377,0.6753419637680054,0.6070676445960999,-0.03577573597431183,0.7109204530715942,0.6162564754486084,-0.02695959433913231,0.7952442169189453,0.528812050819397,-0.006046413443982601,0.7177038788795471,0.5101341009140015,-0.05087021365761757,0.7162644863128662,0.6285006999969482,-0.02782086655497551,0.7511241436004639,0.6365275979042053,-0.0003630360297393054,0.8422329425811768,0.5637219548225403,-0.033261459320783615,0.7674990892410278,0.5538679957389832,-0.05305580049753189,0.7573127150535583,0.6340451836585999,-0.0345163531601429,0.7877158522605896,0.6449723243713379,-0.01378107164055109,sasso
0.7983064651489258,0.864518404006958,-9.065886956705071e-07,0.6869021654129028,0.800489604473114,-0.019985681399703026,0.6107984781265259,0.6860023736953735,-0.028295908123254776,0.5858159065246582,0.5788556933403015,-0.04216841608285904,0.6222001314163208,0.5058382153511047,-0.045285630971193314,0.6792829632759094,0.5343586206436157,0.03565962240099907,0.6275760531425476,0.47820377349853516,-0.009117214009165764,0.632781445980072,0.5849416851997375,-0.031274233013391495,0.6559146046638489,0.6155121922492981,-0.04074454680085182,0.7283540368080139,0.5260434150695801,0.026336897164583206,0.6706086993217468,0.4825593829154968,-0.02298930287361145,0.6743540167808533,0.6053838729858398,-0.027437835931777954,0.7072345614433289,0.6132097244262695,-0.016366606578230858,0.7792544960975647,0.5358875393867493,0.00522720767185092,0.7194801568984985,0.5027061104774475,-0.04198961332440376,0.7178614139556885,0.6235489249229431,-0.01946091093122959,0.7503372430801392,0.6304354071617126,0.009729085490107536,0.832306981086731,0.5609756112098694,-0.01968826726078987,0.7691386938095093,0.546323835849762,-0.03919240087270737,0.7592996954917908,0.6283127665519714,-0.020347189158201218,0.7871710062026978,0.6372014284133911,0.0010899569606408477,sasso
0.7971585392951965,0.8608607649803162,-9.276738524022221e-07,0.6883600950241089,0.8154011368751526,-0.018085770308971405,0.6073654294013977,0.7037035226821899,-0.021380389109253883,0.5855591297149658,0.5888589024543762,-0.030201388522982597,0.620886504650116,0.5142884850502014,-0.028267722576856613,0.6605691909790039,0.5633788108825684,0.040653400123119354,0.6224629282951355,0.48510631918907166,-0.0024257595650851727,0.6321496367454529,0.5919232368469238,-0.022856377065181732,0.6530051231384277,0.621421217918396,-0.029913390055298805,0.709740936756134,0.5528476238250732,0.03277382254600525,0.6682876348495483,0.4872126579284668,-0.014084432274103165,0.674861490726471,0.611940324306488,-0.01808631233870983,0.7015671730041504,0.6185106039047241,-0.005224388092756271,0.7616009712219238,0.5551634430885315,0.013165292330086231,0.7185437679290771,0.4958376884460449,-0.03142593055963516,0.7187143564224243,0.6166427731513977,-0.010011827573180199,0.7466866374015808,0.6248737573623657,0.019422249868512154,0.8206610679626465,0.5650264620780945,-0.00992936734110117,0.7726129293441772,0.5329129695892334,-0.02553374320268631,0.7626888751983643,0.617609441280365,-0.004826320800930262,0.7860156297683716,0.6298028230667114,0.018295688554644585,sasso
0.7900698781013489,0.847903847694397,-8.871754744177451e-07,0.6848586201667786,0.8132331371307373,-0.021826382726430893,0.6017032861709595,0.7078123092651367,-0.026585156098008156,0.5781156420707703,0.5870355367660522,-0.03657092526555061,0.6178485751152039,0.5069845914840698,-0.03639182448387146,0.6394941806793213,0.580224335193634,0.040234219282865524,0.6097165942192078,0.491338312625885,-0.00032501507666893303,0.6240792274475098,0.5943256616592407,-0.019291961565613747,0.6427663564682007,0.6295225620269775,-0.025113563984632492,0.6895353198051453,0.5624188780784607,0.034502968192100525,0.657659649848938,0.4852544069290161,-0.008455914445221424,0.6706869006156921,0.608069658279419,-0.011637939140200615,0.6930654644966125,0.6239711046218872,0.0014713178388774395,0.7430111169815063,0.5594507455825806,0.016872934997081757,0.7119656205177307,0.48656216263771057,-0.0242196973413229,0.7161038517951965,0.6026290655136108,-0.002519836649298668,0.7371360063552856,0.6214853525161743,0.026771798729896545,0.8051089644432068,0.5640835762023926,-0.004567012656480074,0.7666929960250854,0.5156434774398804,-0.017015226185321808,0.7590354681015015,0.5961849689483643,0.005451485048979521,0.7755880355834961,0.6178717017173767,0.029271477833390236,sasso
0.7871497869491577,0.8380961418151855,-8.826450539345387e-07,0.6872085332870483,0.8088609576225281,-0.02237180806696415,0.6035766005516052,0.7076133489608765,-0.02785695157945156,0.5776862502098083,0.586929440498352,-0.038302335888147354,0.6124955415725708,0.5037717819213867,-0.03898244723677635,0.6368007063865662,0.5797662734985352,0.03586564213037491,0.609144389629364,0.4903586506843567,-0.006084014195948839,0.6264581680297852,0.5901156067848206,-0.026305636391043663,0.6448610424995422,0.6273284554481506,-0.032623328268527985,0.6870421171188354,0.5614033937454224,0.030534710735082626,0.6594849824905396,0.48207584023475647,-0.012569569982588291,0.6756440997123718,0.6030144095420837,-0.016248613595962524,0.6946460604667664,0.6229840517044067,-0.0038600596599280834,0.7406659722328186,0.5563536286354065,0.013592513278126717,0.7154094576835632,0.47785693407058716,-0.027731679379940033,0.7216575145721436,0.5934718251228333,-0.006169091444462538,0.7377748489379883,0.6191912889480591,0.02295246534049511,0.8016875982284546,0.5592285394668579,-0.007108407095074654,0.7717692852020264,0.5018553733825684,-0.020840732380747795,0.7655341625213623,0.5827618837356567,0.0012146971421316266,0.7767519950866699,0.6102705597877502,0.02487783320248127,sasso
0.7940833568572998,0.834321141242981,-8.53478354656545e-07,0.6952275037765503,0.810196042060852,-0.02583814226090908,0.6095048189163208,0.7089169025421143,-0.03252436965703964,0.5820233821868896,0.5853059887886047,-0.04361797496676445,0.6146432757377625,0.49576735496520996,-0.045007042586803436,0.6383227109909058,0.5806319713592529,0.035006310790777206,0.6102918982505798,0.49035319685935974,-0.0073419613763689995,0.6297835111618042,0.5871537327766418,-0.02779119648039341,0.6495947241783142,0.6266694068908691,-0.033911097794771194,0.6888576745986938,0.5594459176063538,0.03122948855161667,0.6615445017814636,0.47982269525527954,-0.012603231705725193,0.6802270412445068,0.5988186001777649,-0.017101503908634186,0.6997901797294617,0.6221219897270203,-0.004794664215296507,0.7429155707359314,0.5528875589370728,0.015399769879877567,0.7185625433921814,0.47348475456237793,-0.02709229104220867,0.726786732673645,0.5882125496864319,-0.006940565537661314,0.7424094676971436,0.6169530749320984,0.021757880225777626,0.8048003911972046,0.5540688633918762,-0.004374006763100624,0.7752018570899963,0.4974697232246399,-0.019857151433825493,0.7708093523979187,0.5780003070831299,0.0005756288301199675,0.7815132737159729,0.6069053411483765,0.02348943054676056,sasso
0.7928057909011841,0.8317911028862,-8.584491411056661e-07,0.6923802495002747,0.8078044056892395,-0.02397897094488144,0.6081307530403137,0.7093104124069214,-0.030277932062745094,0.5806328058242798,0.5863337516784668,-0.04151112958788872,0.6118372678756714,0.4965105354785919,-0.0433611162006855,0.6351509690284729,0.5802413821220398,0.0365205742418766,0.6076450943946838,0.48990297317504883,-0.005715047940611839,0.6274139285087585,0.5860233902931213,-0.026596717536449432,0.64750075340271,0.6267277598381042,-0.03283977508544922,0.6851345896720886,0.559519350528717,0.03176752105355263,0.6581980586051941,0.4777452349662781,-0.012126406654715538,0.6777141094207764,0.596882700920105,-0.017177658155560493,0.6975646615028381,0.6223624348640442,-0.0050556231290102005,0.7388182282447815,0.5524709224700928,0.015227321535348892,0.715095043182373,0.4717336893081665,-0.027574820443987846,0.7238764762878418,0.5866313576698303,-0.007889687083661556,0.7394986748695374,0.6177576184272766,0.0207960344851017,0.8005369305610657,0.5537603497505188,-0.005025925580412149,0.7719413042068481,0.49380961060523987,-0.020720748230814934,0.7678829431533813,0.5741729140281677,-2.4247763576568104e-05,0.7781997323036194,0.6053131222724915,0.02329861931502819,sasso
0.7897775173187256,0.8274880647659302,-8.477978781229467e-07,0.6895387768745422,0.8085927963256836,-0.024236343801021576,0.6051257848739624,0.7117579579353333,-0.029881423339247704,0.5781699419021606,0.5888479948043823,-0.04002205282449722,0.6074591875076294,0.497067391872406,-0.04101317375898361,0.6276170611381531,0.5827489495277405,0.03624279424548149,0.6016191244125366,0.49690693616867065,-0.003871716558933258,0.6237345337867737,0.5893805027008057,-0.02435588464140892,0.6441808342933655,0.6298615336418152,-0.03107612580060959,0.6780176758766174,0.558790922164917,0.03196929395198822,0.6523215770721436,0.4811441898345947,-0.010551794432103634,0.6741051077842712,0.5990034937858582,-0.016484877094626427,0.6938626170158386,0.6260851621627808,-0.005573243834078312,0.7321439981460571,0.5499874353408813,0.016238782554864883,0.7109841108322144,0.4724353551864624,-0.026025108993053436,0.7211523652076721,0.5865945816040039,-0.007757250685244799,0.7358149290084839,0.618889331817627,0.019476713612675667,0.7945582270622253,0.5502640008926392,-0.0030779517255723476,0.7683423757553101,0.4938397705554962,-0.019920356571674347,0.7646090388298035,0.5740188360214233,-0.000650987378321588,0.7730076909065247,0.6052282452583313,0.021556399762630463,sasso
0.7870098352432251,0.8199852705001831,-8.481526947434759e-07,0.688212513923645,0.8000708222389221,-0.024226097390055656,0.6046012043952942,0.7058826088905334,-0.030906766653060913,0.5761110782623291,0.5866221189498901,-0.042143698781728745,0.6055430173873901,0.4977525770664215,-0.04414442926645279,0.6280304193496704,0.5761457085609436,0.03401949629187584,0.6017686128616333,0.4895438551902771,-0.0073241316713392735,0.6238986849784851,0.5834243297576904,-0.028673086315393448,0.6438757181167603,0.6265333294868469,-0.03553103283047676,0.6774905920028687,0.5540094375610352,0.030021242797374725,0.6524931192398071,0.4773719906806946,-0.012433559633791447,0.6745263934135437,0.5940168499946594,-0.01829082891345024,0.6935531497001648,0.6226627826690674,-0.007685637101531029,0.730684220790863,0.5453277230262756,0.014631729573011398,0.7090566158294678,0.4667211174964905,-0.02658064477145672,0.719516396522522,0.579326331615448,-0.008018619380891323,0.733892023563385,0.6141048669815063,0.01908019371330738,0.7912318706512451,0.5455747842788696,-0.004421987105160952,0.7655684947967529,0.4863949120044708,-0.02012578211724758,0.7622565627098083,0.5646202564239502,-0.000757186789996922,0.7705307602882385,0.5974202752113342,0.02133551985025406,sasso
0.7849183678627014,0.8211423754692078,-8.56512201607984e-07,0.6876497268676758,0.8014225959777832,-0.02598712034523487,0.6036167740821838,0.7062941789627075,-0.03280474990606308,0.5756582021713257,0.5874096751213074,-0.04353390261530876,0.6069202423095703,0.49987173080444336,-0.04455327242612839,0.6275489330291748,0.5735877752304077,0.03302181884646416,0.5999703407287598,0.49018409848213196,-0.008127778768539429,0.6206369400024414,0.5857545137405396,-0.028803031891584396,0.6403833627700806,0.6259269714355469,-0.03566904366016388,0.6782252788543701,0.5512117147445679,0.0296180322766304,0.6510260701179504,0.4778214693069458,-0.012876498512923717,0.6716558337211609,0.5978691577911377,-0.0176534466445446,0.691693127155304,0.6219059824943542,-0.006302859168499708,0.7323918342590332,0.5448541641235352,0.014531907625496387,0.7104495763778687,0.4698392450809479,-0.027587341144680977,0.719268262386322,0.5850129723548889,-0.00835614837706089,0.7348341345787048,0.6146157383918762,0.019274841994047165,0.794247567653656,0.5471403002738953,-0.004357440397143364,0.7680470943450928,0.4919646382331848,-0.020772738382220268,0.7632995843887329,0.5719362497329712,-0.0014209147775545716,0.7722290754318237,0.6004502773284912,0.020685967057943344,sasso
0.7914062142372131,0.8217796683311462,-8.634655728201324e-07,0.6937474608421326,0.798636257648468,-0.026383185759186745,0.6089057922363281,0.6989798545837402,-0.03327609598636627,0.582233190536499,0.5787001252174377,-0.04388795047998428,0.6146119236946106,0.49044910073280334,-0.0444755032658577,0.6363806128501892,0.5684561729431152,0.031352199614048004,0.6095113158226013,0.4820578396320343,-0.010413081385195255,0.6290408968925476,0.5796353816986084,-0.030456993728876114,0.6485051512718201,0.619222104549408,-0.03677240386605263,0.6873524785041809,0.5467719435691833,0.028124919161200523,0.6604884266853333,0.47192928194999695,-0.01527160033583641,0.6796280741691589,0.5926706194877625,-0.019281670451164246,0.7000921964645386,0.6147710680961609,-0.007097271736711264,0.7419717907905579,0.5410890579223633,0.01319698803126812,0.719465970993042,0.46789342164993286,-0.029065709561109543,0.7273210287094116,0.5828420519828796,-0.008702182210981846,0.7435459494590759,0.6091153621673584,0.01972559466958046,0.8039760589599609,0.5435224175453186,-0.005615499801933765,0.7760156393051147,0.4918985068798065,-0.02116582542657852,0.7706656455993652,0.5718916058540344,-0.0008947424357756972,0.7808306217193604,0.5976196527481079,0.02173501066863537,sasso
0.24511060118675232,0.7378346920013428,5.295854634823627e-07,0.227007657289505,0.6323724985122681,0.011004593223333359,0.25341466069221497,0.5454568266868591,0.0038420972414314747,0.31034958362579346,0.5075152516365051,-0.006572181824594736,0.35820895433425903,0.5065797567367554,-0.017652681097388268,0.24515222012996674,0.49047815799713135,-0.03005242347717285,0.2870108187198639,0.36131101846694946,-0.04283700883388519,0.31026479601860046,0.2913567125797272,-0.045699723064899445,0.32705843448638916,0.23939219117164612,-0.04529017210006714,0.29279735684394836,0.5097926259040833,-0.0447501540184021,0.3384082019329071,0.3788437843322754,-0.05302446708083153,0.36302441358566284,0.30805110931396484,-0.05521884560585022,0.3806028962135315,0.25736650824546814,-0.05629251152276993,0.3399057686328888,0.5436988472938538,-0.05461077764630318,0.38322576880455017,0.47125500440597534,-0.05786952003836632,0.3647032082080841,0.5019519925117493,-0.045557159930467606,0.3418772518634796,0.533458948135376,-0.034610021859407425,0.3787713348865509,0.5847564935684204,-0.06389147788286209,0.39092665910720825,0.5367104411125183,-0.055854711681604385,0.3730652928352356,0.5572602152824402,-0.03587980940937996,0.35982486605644226,0.5827859044075012,-0.019699200987815857,forbice
0.24780750274658203,0.7523602843284607,5.257620045995282e-07,0.2268107831478119,0.648225724697113,0.011361097916960716,0.25090473890304565,0.5583304762840271,0.004455734975636005,0.3051854372024536,0.5152970552444458,-0.0058435131795704365,0.3513079881668091,0.5111567974090576,-0.016848914325237274,0.24404744803905487,0.5017114281654358,-0.030084457248449326,0.28473612666130066,0.367677241563797,-0.0433993898332119,0.30773213505744934,0.2942543625831604,-0.04643316939473152,0.3244621455669403,0.24038559198379517,-0.045725055038928986,0.2920936644077301,0.5202274918556213,-0.04465383291244507,0.3349935710430145,0.38468945026397705,-0.052862200886011124,0.3587207794189453,0.31158411502838135,-0.054178737103939056,0.3756859600543976,0.2607181668281555,-0.054363854229450226,0.3400009870529175,0.5531366467475891,-0.0544290766119957,0.3811389207839966,0.47834277153015137,-0.05684668943285942,0.3640015721321106,0.5091820359230042,-0.0437278151512146,0.3427603244781494,0.5424177050590515,-0.03221246227622032,0.3797518312931061,0.5930439829826355,-0.06367488205432892,0.3919466435909271,0.5418833494186401,-0.05435856431722641,0.37507399916648865,0.563621461391449,-0.033398695290088654,0.3628132939338684,0.59112149477005,-0.016503209248185158,forbice
0.2698780298233032,0.759907066822052,5.419622652880207e-07,0.23489853739738464,0.6672840118408203,-4.285461182007566e-05,0.24984440207481384,0.5666764974594116,-0.009581007063388824,0.3066287338733673,0.510183572769165,-0.01711701974272728,0.3595882058143616,0.5029100179672241,-0.025176679715514183,0.2507653832435608,0.5230156779289246,-0.056220389902591705,0.28932908177375793,0.3776686191558838,-0.06863683462142944,0.310573935508728,0.29899418354034424,-0.06834657490253448,0.3250846266746521,0.24167627096176147,-0.06595908850431442,0.3057782053947449,0.5398967862129211,-0.06129216030240059,0.34379035234451294,0.39332646131515503,-0.07027336210012436,0.3609747588634491,0.31319278478622437,-0.06873758137226105,0.3738517761230469,0.2561476230621338,-0.06743980944156647,0.3589335083961487,0.5668214559555054,-0.0605490505695343,0.3867504596710205,0.4752441346645355,-0.06486092507839203,0.3675672709941864,0.5025930404663086,-0.051947128027677536,0.34752506017684937,0.540892481803894,-0.04050751402974129,0.40110084414482117,0.598212480545044,-0.05941542983055115,0.39410990476608276,0.5428118109703064,-0.055884238332509995,0.3733863830566406,0.5607389211654663,-0.04044434055685997,0.36401718854904175,0.5875053405761719,-0.026985960081219673,forbice
0.2655617296695709,0.7552683353424072,5.388770887293504e-07,0.23124608397483826,0.6626831293106079,0.0020018587820231915,0.24595943093299866,0.5637669563293457,-0.006505430210381746,0.30123773217201233,0.5108357667922974,-0.013705188408493996,0.35291731357574463,0.5055880546569824,-0.02156948484480381,0.24779239296913147,0.5167848467826843,-0.05160011723637581,0.28735432028770447,0.3739769458770752,-0.06311777979135513,0.30965909361839294,0.29646486043930054,-0.06219252943992615,0.325139582157135,0.24106276035308838,-0.05916319787502289,0.30204910039901733,0.5329141616821289,-0.05729475989937782,0.3412397503852844,0.3879174590110779,-0.06492162495851517,0.35912179946899414,0.3100847601890564,-0.0629313662648201,0.37262067198753357,0.25628921389579773,-0.061121661216020584,0.3545258343219757,0.5601357221603394,-0.057217229157686234,0.38356685638427734,0.4733060598373413,-0.059566695243120193,0.36483848094940186,0.5005872249603271,-0.046486131846904755,0.3451295793056488,0.5382903218269348,-0.03523236885666847,0.39634376764297485,0.592287003993988,-0.05668771266937256,0.38872724771499634,0.5406991243362427,-0.051340825855731964,0.3682706952095032,0.5594252943992615,-0.03536255657672882,0.35859769582748413,0.5861535668373108,-0.021641869097948074,forbice
0.24514970183372498,0.7593820095062256,5.940240725976764e-07,0.22041121125221252,0.6563214063644409,0.008164799772202969,0.2459157407283783,0.5594539642333984,0.000267211114987731,0.3068590462207794,0.5097931027412415,-0.010530662722885609,0.35807883739471436,0.5005142092704773,-0.02174348756670952,0.23233802616596222,0.503258228302002,-0.032578568905591965,0.2813817262649536,0.37025171518325806,-0.047515422105789185,0.30955272912979126,0.29983147978782654,-0.05148576945066452,0.3300790786743164,0.24793270230293274,-0.05147327855229378,0.27888864278793335,0.5245639681816101,-0.04640790447592735,0.32517799735069275,0.3867374658584595,-0.05734408274292946,0.35288602113723755,0.3134705126285553,-0.06030726060271263,0.3725142180919647,0.2590324580669403,-0.061786502599716187,0.328947514295578,0.5574323534965515,-0.0559181272983551,0.3759972155094147,0.47557538747787476,-0.06325043737888336,0.3616372048854828,0.5112084746360779,-0.0512767992913723,0.34066733717918396,0.546285092830658,-0.03951246663928032,0.37217584252357483,0.5962203145027161,-0.06496481597423553,0.3907158076763153,0.536086916923523,-0.059884510934352875,0.37446385622024536,0.560865581035614,-0.04026586934924126,0.36165761947631836,0.5894582867622375,-0.023917419835925102,forbice
0.21433207392692566,0.7517644166946411,8.037760608203826e-07,0.20947393774986267,0.6428027153015137,0.010961147025227547,0.24458611011505127,0.5472415089607239,-0.0011478306259959936,0.30493035912513733,0.5006020665168762,-0.019623739644885063,0.34795382618904114,0.48313289880752563,-0.037074312567710876,0.2167923003435135,0.48599687218666077,-0.027725785970687866,0.2805243730545044,0.37005409598350525,-0.051864005625247955,0.31715095043182373,0.31037014722824097,-0.06488015502691269,0.34437912702560425,0.26395854353904724,-0.07277333736419678,0.24384939670562744,0.5176404714584351,-0.051295842975378036,0.3096328377723694,0.3938329219818115,-0.07707054167985916,0.3499382436275482,0.3288978934288025,-0.0882570818066597,0.37862861156463623,0.2765103578567505,-0.09632065892219543,0.277180552482605,0.561893880367279,-0.07157692313194275,0.3641347587108612,0.48074835538864136,-0.08981306850910187,0.35868313908576965,0.531031608581543,-0.07169218361377716,0.33499523997306824,0.5655916333198547,-0.05574548989534378,0.31263110041618347,0.6128982901573181,-0.09234081953763962,0.3772377073764801,0.5523052215576172,-0.09570708125829697,0.36747127771377563,0.5830855369567871,-0.07389196008443832,0.34390953183174133,0.6070679426193237,-0.05623165890574455,forbice
0.2602806091308594,0.8300681114196777,7.322246915464348e-07,0.33699241280555725,0.7753429412841797,-0.03077687695622444,0.3829840123653412,0.6582960486412048,-0.03800496086478233,0.36424723267555237,0.5552607178688049,-0.045659858733415604,0.30996131896972656,0.5266242027282715,-0.05178442224860191,0.33852675557136536,0.5701389312744141,-0.009879429824650288,0.3613786995410919,0.46070826053619385,-0.03206399828195572,0.3737824261188507,0.3967944383621216,-0.04498959705233574,0.3830937445163727,0.3386757969856262,-0.05339885130524635,0.2936149537563324,0.5615485310554504,-0.013019752688705921,0.31203383207321167,0.43830811977386475,-0.0451635979115963,0.3278622329235077,0.36392942070961,-0.06312331557273865,0.33681705594062805,0.3019525110721588,-0.07043395191431046,0.247297465801239,0.5761734247207642,-0.020717831328511238,0.2670133709907532,0.4931260943412781,-0.07644739001989365,0.2949765622615814,0.5768206119537354,-0.08273714780807495,0.30602937936782837,0.6442545056343079,-0.06917153298854828,0.20064687728881836,0.6110577583312988,-0.029796482995152473,0.2343028485774994,0.564923882484436,-0.07546502351760864,0.26270154118537903,0.6245709657669067,-0.07703141868114471,0.2703053951263428,0.6763639450073242,-0.06664373725652695,forbice
0.25723108649253845,0.8264807462692261,7.763031248941843e-07,0.33339497447013855,0.7691522240638733,-0.03109942190349102,0.37754854559898376,0.6513357162475586,-0.03914996609091759,0.35514694452285767,0.5506220459938049,-0.047571178525686264,0.30039182305336,0.5229586362838745,-0.05431906506419182,0.3305211663246155,0.564166247844696,-0.012186589650809765,0.3520227074623108,0.45246195793151855,-0.035352807492017746,0.36358052492141724,0.3866593837738037,-0.048412494361400604,0.3716001808643341,0.32703691720962524,-0.05662310868501663,0.2850262522697449,0.5573670864105225,-0.015311619266867638,0.30472254753112793,0.43395107984542847,-0.04847255349159241,0.32019734382629395,0.35738661885261536,-0.06640574336051941,0.32841840386390686,0.29365813732147217,-0.07339335232973099,0.2383628487586975,0.5729803442955017,-0.022889358922839165,0.2581174373626709,0.48868250846862793,-0.07950960099697113,0.2870144248008728,0.5736422538757324,-0.08550047129392624,0.2993125021457672,0.6417137384414673,-0.07126158475875854,0.19219577312469482,0.6090701222419739,-0.031865060329437256,0.22715020179748535,0.5641430616378784,-0.07842554897069931,0.25770026445388794,0.6241036057472229,-0.08032426238059998,0.2675818204879761,0.6760206818580627,-0.06971602141857147,forbice
0.24989940226078033,0.8265606164932251,7.629784022356034e-07,0.3262122869491577,0.7724871039390564,-0.029664019122719765,0.3712300658226013,0.6538960933685303,-0.036305345594882965,0.35160449147224426,0.5533760190010071,-0.04349398612976074,0.2960062623023987,0.5268328189849854,-0.04879873991012573,0.3323988914489746,0.5674535632133484,-0.008324503898620605,0.3571404814720154,0.45403072237968445,-0.029317496344447136,0.3709678053855896,0.3900845944881439,-0.04126700386404991,0.3811568021774292,0.3323301374912262,-0.04902682080864906,0.28695231676101685,0.5587510466575623,-0.01181207038462162,0.3082793951034546,0.4359986186027527,-0.04355214536190033,0.32664620876312256,0.3622124195098877,-0.061027467250823975,0.3368406593799591,0.3006448745727539,-0.06775697320699692,0.23975488543510437,0.5716771483421326,-0.019752223044633865,0.26115772128105164,0.48960259556770325,-0.07478775829076767,0.2848905920982361,0.5769409537315369,-0.07986411452293396,0.2918189764022827,0.6442512273788452,-0.06544201821088791,0.19261182844638824,0.6044648289680481,-0.029122330248355865,0.22860422730445862,0.5647413730621338,-0.07465128600597382,0.2544659674167633,0.6272261738777161,-0.07601384073495865,0.25887197256088257,0.6775500774383545,-0.06540411710739136,forbice
0.26269426941871643,0.8032723665237427,5.282161623654247e-07,0.24556508660316467,0.6937119960784912,0.010685764253139496,0.2774461507797241,0.6013150811195374,0.004350942559540272,0.34146979451179504,0.564071536064148,-0.0040838154964149,0.3901669681072235,0.5563918948173523,-0.013119063340127468,0.2710573375225067,0.5505276918411255,-0.035263679921627045,0.3230283260345459,0.41919809579849243,-0.04678734019398689,0.3505569100379944,0.34962666034698486,-0.04832955822348595,0.37063097953796387,0.297886461019516,-0.0477893240749836,0.3201320469379425,0.5781099200248718,-0.048474621027708054,0.370190292596817,0.4432852864265442,-0.05597521737217903,0.39740076661109924,0.37194424867630005,-0.05811552703380585,0.4173835217952728,0.321836918592453,-0.060438524931669235,0.3685043752193451,0.6189074516296387,-0.05596887692809105,0.41273486614227295,0.5254850387573242,-0.05775591731071472,0.3911517858505249,0.5531840324401855,-0.043726690113544464,0.3666597306728363,0.5859806537628174,-0.032986778765916824,0.40700387954711914,0.6643659472465515,-0.0627443790435791,0.41371816396713257,0.6032951474189758,-0.05633062869310379,0.3928513526916504,0.6181575655937195,-0.03766804188489914,0.38058406114578247,0.641892671585083,-0.022707143798470497,forbice
0.27166709303855896,0.8098983764648438,4.655894372262992e-07,0.24068352580070496,0.7079916596412659,0.003844913560897112,0.2588968575000763,0.6064139604568481,-0.003607319900766015,0.31520938873291016,0.5568377375602722,-0.00947607308626175,0.3635845482349396,0.5530548095703125,-0.016193367540836334,0.26872745156288147,0.5678016543388367,-0.053215231746435165,0.3158677816390991,0.4295172691345215,-0.06286577135324478,0.3394433259963989,0.35573065280914307,-0.06062518060207367,0.3558638095855713,0.3013515770435333,-0.057701144367456436,0.3237443268299103,0.5949585437774658,-0.05901147052645683,0.36940568685531616,0.454145610332489,-0.0671631470322609,0.3909115791320801,0.3761310875415802,-0.06611139327287674,0.4079851806163788,0.320564329624176,-0.06576420366764069,0.3751039206981659,0.6298582553863525,-0.05827502906322479,0.4059743881225586,0.5231996178627014,-0.06259825825691223,0.38441574573516846,0.5471671223640442,-0.050167761743068695,0.36212220788002014,0.5853262543678284,-0.03960390016436577,0.41555482149124146,0.6664713621139526,-0.05643755942583084,0.4060649871826172,0.5965955853462219,-0.05532402545213699,0.3821113109588623,0.6094934940338135,-0.041813649237155914,0.3713642954826355,0.636236310005188,-0.029516996815800667,forbice
0.2855607271194458,0.8161760568618774,4.342249724231806e-07,0.25233393907546997,0.715877115726471,0.0037345774471759796,0.2642507553100586,0.6065104007720947,-0.00038303699693642557,0.31649500131607056,0.5538594126701355,-0.002690528053790331,0.3667859137058258,0.556114912033081,-0.0061067319475114346,0.2867361307144165,0.5755151510238647,-0.04620495066046715,0.33277660608291626,0.4409431219100952,-0.05332889035344124,0.3558872640132904,0.3689114451408386,-0.050141166895627975,0.3723336160182953,0.3171207308769226,-0.046913813799619675,0.3418061435222626,0.6013553738594055,-0.05069033056497574,0.3852405548095703,0.46290677785873413,-0.05586949735879898,0.40324336290359497,0.38730722665786743,-0.05392572656273842,0.41809794306755066,0.33421972393989563,-0.052925143390893936,0.39064618945121765,0.6348682641983032,-0.04922647401690483,0.41835153102874756,0.5300474762916565,-0.05251428112387657,0.3950609862804413,0.5540341138839722,-0.04193330928683281,0.3723442852497101,0.5929575562477112,-0.032573383301496506,0.428024023771286,0.6695831418037415,-0.0466124527156353,0.41361504793167114,0.6010401844978333,-0.04657304286956787,0.38894402980804443,0.6139352917671204,-0.03545670211315155,0.37835168838500977,0.6407008171081543,-0.02474723756313324,forbice
0.29641756415367126,0.8215199112892151,4.010688883226976e-07,0.2624976933002472,0.7190902233123779,0.003356164088472724,0.27161362767219543,0.606493353843689,0.0012044997420161963,0.32237812876701355,0.5509143471717834,0.0018316548084840178,0.3699873387813568,0.5578739047050476,0.0012188190594315529,0.30369874835014343,0.5818172693252563,-0.047172389924526215,0.3478413224220276,0.4444029927253723,-0.05217326059937477,0.37223103642463684,0.37263059616088867,-0.0472855269908905,0.38848763704299927,0.32230183482170105,-0.04267371818423271,0.35846787691116333,0.60843825340271,-0.04876074939966202,0.40221264958381653,0.4677748680114746,-0.051088374108076096,0.41936206817626953,0.39414891600608826,-0.04623732343316078,0.4320853352546692,0.34525883197784424,-0.042904552072286606,0.4056817591190338,0.6420792937278748,-0.044149719178676605,0.42973458766937256,0.5360985398292542,-0.04249728471040726,0.4043966829776764,0.551914393901825,-0.0312260203063488,0.37903115153312683,0.5872147679328918,-0.02215009555220604,0.44050273299217224,0.6763869524002075,-0.038448404520750046,0.4273768365383148,0.6055530309677124,-0.03421017527580261,0.40296727418899536,0.6140058636665344,-0.02227255329489708,0.39057016372680664,0.6394299268722534,-0.011458057910203934,forbice
0.2940133512020111,0.810646653175354,4.17377236772154e-07,0.2585322856903076,0.7116802930831909,0.002066628308966756,0.2673293948173523,0.6000431180000305,-0.0016415496356785297,0.31982555985450745,0.5464017391204834,-0.0023148972541093826,0.36928239464759827,0.5517562031745911,-0.004321830812841654,0.2972658574581146,0.5753840208053589,-0.051218293607234955,0.34270232915878296,0.43924611806869507,-0.057485636323690414,0.36706259846687317,0.36808061599731445,-0.05328629910945892,0.38372910022735596,0.3176164925098419,-0.04929813742637634,0.35229262709617615,0.6015293002128601,-0.05284613370895386,0.3968375325202942,0.46183639764785767,-0.0569700226187706,0.4142450988292694,0.38753798604011536,-0.0535162016749382,0.4273284673690796,0.33711111545562744,-0.05130314826965332,0.39962756633758545,0.6339688301086426,-0.04818965867161751,0.4244898855686188,0.528019368648529,-0.049470338970422745,0.39913231134414673,0.5473036766052246,-0.039276253432035446,0.3742358386516571,0.5846207141876221,-0.030502988025546074,0.43472355604171753,0.6662419438362122,-0.04231211170554161,0.4179265797138214,0.5957269668579102,-0.041438885033130646,0.3918043076992035,0.6055361032485962,-0.031228378415107727,0.37932124733924866,0.6314321160316467,-0.021266203373670578,forbice
0.2910173833370209,0.8093771934509277,4.1418624618927424e-07,0.25727391242980957,0.710187554359436,0.004777512978762388,0.26691335439682007,0.59896320104599,0.0029766715597361326,0.318852961063385,0.5459071397781372,0.003653658786788583,0.3672843277454376,0.5512415170669556,0.002907426794990897,0.2950197160243988,0.569055438041687,-0.04612932354211807,0.34124574065208435,0.43503594398498535,-0.05013594776391983,0.3653779625892639,0.36448734998703003,-0.044491659849882126,0.3819034993648529,0.31444627046585083,-0.03972021862864494,0.3501450717449188,0.5945405960083008,-0.04851777106523514,0.39504578709602356,0.45739150047302246,-0.05030316859483719,0.4125289022922516,0.3836088180541992,-0.04646904394030571,0.4261675477027893,0.33363378047943115,-0.04435788094997406,0.3976586163043976,0.6282508373260498,-0.04445968195796013,0.42315369844436646,0.5267979502677917,-0.0432916134595871,0.3976520895957947,0.5478087067604065,-0.032972656190395355,0.3727439045906067,0.585503339767456,-0.024792196229100227,0.4328070282936096,0.6630036234855652,-0.03906076401472092,0.41548800468444824,0.5982147455215454,-0.036217100918293,0.3891640305519104,0.6091638207435608,-0.025882504880428314,0.3769015073776245,0.6348021626472473,-0.016274312511086464,forbice
0.29122740030288696,0.8077857494354248,4.2632257191144163e-07,0.25663474202156067,0.708575963973999,0.0034991700667887926,0.2660704553127289,0.5976854562759399,0.0006451026420108974,0.3185482323169708,0.5452198386192322,0.0005584722384810448,0.3679977357387543,0.5517032146453857,-0.0009123911149799824,0.29453372955322266,0.5689764022827148,-0.04877011850476265,0.34055426716804504,0.4345916211605072,-0.053374283015728,0.3642507791519165,0.3636544942855835,-0.04814772307872772,0.38043713569641113,0.31331533193588257,-0.04374212399125099,0.3499910831451416,0.594459593296051,-0.05075633153319359,0.3945375680923462,0.45725172758102417,-0.0532352589070797,0.411464661359787,0.382959246635437,-0.04963141679763794,0.4245719015598297,0.33263009786605835,-0.047726821154356,0.3973696529865265,0.6278624534606934,-0.04625197872519493,0.4220361113548279,0.525691032409668,-0.04536106064915657,0.3963015377521515,0.5463573932647705,-0.034641578793525696,0.3712162971496582,0.5841598510742188,-0.026223480701446533,0.4322625398635864,0.662063717842102,-0.0405457429587841,0.4148571491241455,0.5967644453048706,-0.037901315838098526,0.38880738615989685,0.6074175834655762,-0.0272873155772686,0.37666022777557373,0.6331042647361755,-0.017489543184638023,forbice
0.2886047065258026,0.8045170307159424,4.0997935002451413e-07,0.25492724776268005,0.7064482569694519,0.0037634680047631264,0.2645455598831177,0.595345139503479,0.0015383304562419653,0.317803293466568,0.5434409976005554,0.0017292131669819355,0.3690282106399536,0.5521109700202942,0.0006428681081160903,0.29158154129981995,0.5663080811500549,-0.04543360695242882,0.3376944661140442,0.4327916204929352,-0.049624934792518616,0.3613091707229614,0.36217769980430603,-0.04409359022974968,0.3773331344127655,0.3122579753398895,-0.039357367902994156,0.3467974364757538,0.5913172960281372,-0.04761085286736488,0.3911745250225067,0.45550423860549927,-0.049510061740875244,0.4079085886478424,0.3818190395832062,-0.045596834272146225,0.4206305146217346,0.33142751455307007,-0.04324439540505409,0.39456599950790405,0.6242603063583374,-0.043691009283065796,0.4187989830970764,0.5244792103767395,-0.04350738599896431,0.3938943147659302,0.5468032360076904,-0.03382296487689018,0.3694389760494232,0.5852259397506714,-0.025531604886054993,0.4301786422729492,0.6583238840103149,-0.03852115944027901,0.41366955637931824,0.593141496181488,-0.036401256918907166,0.38834837079048157,0.604759693145752,-0.026483209803700447,0.3765111267566681,0.63093101978302,-0.016932060942053795,forbice
0.2882801592350006,0.804462730884552,4.1982471543633437e-07,0.25452959537506104,0.7064365744590759,0.004174921661615372,0.26421427726745605,0.596688985824585,0.0018213540315628052,0.3172987103462219,0.5449116230010986,0.0018233158625662327,0.3684186339378357,0.5522021055221558,0.0005286666564643383,0.29025906324386597,0.5656360983848572,-0.04569263383746147,0.3370281159877777,0.4324309825897217,-0.04988210275769234,0.36072781682014465,0.36177492141723633,-0.044423069804906845,0.37687796354293823,0.3118514120578766,-0.03969745337963104,0.3454904556274414,0.590444803237915,-0.048035647720098495,0.3900505006313324,0.45513272285461426,-0.04984366148710251,0.4076722264289856,0.3813467025756836,-0.046047601848840714,0.42126718163490295,0.33072027564048767,-0.043847668915987015,0.3935304880142212,0.6233649253845215,-0.044117867946624756,0.4179575443267822,0.524237334728241,-0.042930807918310165,0.3930669128894806,0.5460142493247986,-0.03232860937714577,0.3685987591743469,0.5836195945739746,-0.023757347837090492,0.42933160066604614,0.6576067209243774,-0.03899678587913513,0.413093239068985,0.5925250053405762,-0.03571268916130066,0.3877027928829193,0.6036176681518555,-0.024766333401203156,0.3757990896701813,0.6291435956954956,-0.014664634130895138,forbice
